Q000001	Loopbaanadviseur
Q000002	Islamitisch slager
Q000003	Operator garenverwerking
Q000004	Afrokapper
Q000005	Schaapherder
Q000006	Medewerker bloemen- of plantenkwekerij
Q000007	Selecteur bloembollen
Q000008	Plantenteeltkundige
Q000009	Tuinbouwkundige (wetenschappelijk)
Q000010	Docent verpleegkunde (1e graads)
Q000011	Verpleeghuisarts
Q000012	Irrigatiedeskundige
Q000013	Instructeur tram- en metrobesturen
Q000014	Docent machinistenopleiding spoorwegen
Q000015	Zanger klassiek
Q000016	Zanger lichte muziek
Q000017	Medewerker in- en outdooractiviteiten
Q000018	Instrumentalist (toetsen)
Q000019	Praktijkopleider / trainer informatica
Q000020	Instrumentalist (blaasinstrumenten)
Q000021	Instrumentalist (slagwerk / percussie)
Q000022	Docent Scandinavische talen (1e graads)
Q000023	Sportmanager
Q000024	Medewerker evenementenorganisatie
Q000025	Manager evenementenorganisatie
Q000026	Instructeur grondverzet- en graafmachines
Q000027	Instructeur heftrucks
Q000028	Zweefvlieger
Q000029	Ballonvaarder
Q000030	Maquettebouwer
Q000031	Wapenreparateur
Q000032	Praktijkopleider schildersbedrijf
Q000033	Optometrist
Q000034	Uitvoerder installatie (elektro)
Q000035	Uitvoerder bouw
Q000036	Wetenschappelijk onderzoeker landbouw
Q000037	Hoofdcontroleur belastingdienst
Q000038	Tuinbouwkundig ingenieur (niet tropisch)
Q000039	Monteur heftrucks
Q000040	Kok Zuid-Europees
Q000041	Kok Balkan, Turks, Grieks
Q000042	Kok Zuid-Amerikaans, Midden-Amerikaans
Q000043	Kok Arabisch
Q000044	Kok Aziatisch
Q000045	Monteur midden- en hoogspanningsinstallaties
Q000046	Chauffeur veetransport
Q000047	Chauffeur geconditioneerd vervoer
Q000048	Verpleegkundige oncologie
Q000049	Allround broodbakker
Q000050	Tolk Japans
Q000051	Chauffeur kipauto
Q000052	Draad- en zinkvonker
Q000053	Supervisor klantenservice
Q000054	Supervisor callcenter
Q000055	Accountmanager schade
Q000056	Goudsmid
Q000057	Zilversmid
Q000058	Keukenmonteur
Q000059	Bewindvoerder wet schuldsanering natuurlijke personen (wsnp)
Q000060	Opvangmedewerker diensten asielzoekerscentrum
Q000061	Tatoeëerder
Q000062	Brandwondenverpleegkundige
Q000063	Verpleegkundige spoedeisende hulp
Q000064	Tropenverpleegkundige
Q000065	Revalidatieverpleegkundige
Q000066	Medisch nucleair werker
Q000067	Patiëntenvoorlichter
Q000068	Scheepsbouwer
Q000069	Voorman scheepsbouw
Q000070	Matroos kotter
Q000071	Matroos trawlvisserij
Q000072	Schipper kotter
Q000073	Schipper trawlvisserij
Q000074	Bootsman trawlvisserij
Q000075	Chauffeur bergingswagen
Q000076	Woonbegeleider gezinsvervangend huis, wooncentrum
Q000077	Assistent-woonbegeleider gezinsvervangend huis / wooncentrum
Q000078	Coördinator begeleider gezinsvervangend huis, wooncentrum
Q000079	Medewerker centraal meldpunt gezondheidszorg
Q000080	Allround medewerker technische dienst
Q000081	Docent reclame- en presentatietechnieken
Q000082	Woonconsulent
Q000083	Zalencoördinator banqueting
Q000084	Docent warenkennis (handel)
Q000085	Tolk Slavische talen
Q000086	Medewerker klantenservice
Q000087	Bedrijvenadviseur bankbedrijf
Q000088	Algemeen directeur
Q000089	Zonneconsulent
Q000090	Klusjesman
Q000091	Autopoetser
Q000092	Business development manager
Q000093	Binnenhuisadviseur
Q000094	Commercieel directeur
Q000095	Docent culturele en kunstzinnige vorming (ckv)
Q000096	Hoofd debiteurenadministratie
Q000097	Kwaliteitsmedewerker
Q000098	Nachtreceptionist hotel
Q000099	Zalenzetter banqueting
Q000100	Minister
Q000101	Staatssecretaris
Q000102	Tweede Kamerlid
Q000103	Eerste Kamerlid
Q000104	Gedeputeerde
Q000105	Burgemeester
Q000106	Wethouder
Q000107	Gemeenteraadslid
Q000108	Werkvoorbereider interieurbouwbedrijf
Q000109	Projectleider interieurbouwbedrijf
Q000110	Productiechef vleeswarenindustrie
Q000111	Logistiek medewerker
Q000112	Pizzabakker
Q000113	Pedagogisch medewerker ziekenhuis
Q000114	Energie Prestatie Advisering (EPA)-medewerker
Q000115	Contentmanager
Q000116	Wetenschappelijk onderzoeker informatica
Q000117	Hardware engineer computertechniek
Q000118	Schadebehandelaar
Q000119	Snackkraamhouder
Q000120	Oliebollen- / poffertjeskraamhouder
Q000121	Bedrijfsleider / ondernemer klein horecabedrijf (inclusief koken)
Q000122	Bedrijfsleider / ondernemer café
Q000123	Bedrijfsleider / ondernemer cafetaria
Q000124	Bedrijfsleider / ondernemer ijssalon
Q000125	Bedrijfsleider / ondernemer restaurant (mkb)
Q000126	Bedrijfsleider / ondernemer pension, hotel (mkb)
Q000127	Bedrijfsleider / ondernemer congrescentrum (mkb)
Q000128	Banquetmanager
Q000129	Hoofd receptie hotel
Q000130	Yield manager horeca
Q000131	Partymanager catering
Q000132	Manager hotel
Q000133	Manager restaurant
Q000134	Manager fastfoodrestaurant
Q000135	Manager wegrestaurant
Q000136	Assistent bediening horeca
Q000137	Assistent bediening fastfood
Q000138	Medewerker uitgifte horeca
Q000139	Medewerker cafetaria, counter
Q000140	Treinsteward horeca
Q000141	Medewerker bediening horeca (luxe restaurant)
Q000142	Chef bediening horeca
Q000143	Chef bediening horeca (luxe restaurant)
Q000144	Buffetchef uitgifte horeca
Q000145	Afwasser
Q000146	Pannenkoekenbakker
Q000147	Eerste medewerker keuken
Q000148	Zelfstandig werkend kok
Q000149	Chef-kok instelling
Q000150	Portier hotel
Q000151	Medewerker reserveringen hotel
Q000152	Nachtmanager hotel
Q000153	Medewerker bedrijfsrestaurant
Q000154	Werkvoorbereider zaalinrichting banqueting
Q000155	Operator cateringautomaten
Q000156	Productiemedewerker in-flight catering
Q000157	Procescoördinator in-flightcatering
Q000158	Stoelmasseur
Q000159	Sportmasseur
Q000160	Projectleider installatietechniek
Q000161	Mediator
Q000162	Indicatieadviseur gezondheidszorg
Q000163	Assistent controller
Q000164	Embedded software engineer
Q000165	Preventiemedewerker zorg en welzijn
Q000166	Bedrijfsleider / ondernemer koffieshop (softdrugs)
Q000167	Medewerker koffieshop (softdrugs)
Q000168	Adviseur e-business
Q000169	Anesthesioloog
Q000170	Adviseur crm-systemen
Q000171	Adviseur erp-systemen
Q000172	Basisarts
Q000173	Objectbeveiliger
Q000174	Arts microbioloog
Q000175	Adviseur ict
Q000176	Mobiel surveillant
Q000177	Relatiebemiddelaar
Q000178	Winkelsurveillant
Q000179	Arts spoedeisende hulp (SEH)
Q000180	Arts tuberculosebestrijding
Q000181	Geld- en waardetransporteur
Q000182	Manager ict-bedrijf
Q000183	Centralist meldkamer beveiligingsbedrijf
Q000184	Projectleider ict
Q000185	Persoonsbeveiliger
Q000186	Docent euritmie
Q000187	Servicemanager ict
Q000188	Arts voor verstandelijk gehandicapten (AVG)
Q000189	Trainer software
Q000190	Architect technische infrastructuur ict
Q000191	Hoofd beveiliger
Q000192	Datawarehouse ontwikkelaar
Q000193	Cardioloog
Q000194	Functioneel ontwerper ict
Q000195	Cardioloog thoracaal chirurg
Q000196	Manager bewakingsdienst
Q000197	Bedrijfsleider / ondernemer beveiligingsbedrijf
Q000198	Wachtmeester koninklijke marechaussee
Q000199	Chirurg
Q000200	Consultatiebureau-arts
Q000201	Dermatoloog
Q000202	Bedrijfsbrandwacht
Q000203	Bedrijfsbrandmeester
Q000204	Particulier onderzoeker
Q000205	Gynaecoloog
Q000206	Transportgeleider justitiële inrichting
Q000207	Complexbeveiliger penitentiaire inrichting
Q000208	Internist
Q000209	Matroos operationele dienst verbindingen (odvb) koninklijke marine
Q000210	Vreemdelingenbegeleider penitentiaire inrichting
Q000211	Medewerker visitatie / badmeester penitentiaire inrichting
Q000212	Security specialist ict
Q000213	Specialist technische infrastructuur ict
Q000214	Kaakchirurg
Q000215	Keel-, neus- en oorarts (kno)
Q000216	Groepswerker penitentiaire inrichting
Q000217	Kinderarts
Q000218	Systeemanalist
Q000219	Systeemontwerper
Q000220	Klinisch geriater
Q000221	Behandel / Zorg inrichtingswerker penitentiaire inrichting
Q000222	Complexbeveiliger / ambtenaar inwendige dienst justitiële jeugdinrichting
Q000223	Longarts
Q000224	Groepsleider justitiële jeugdinrichting
Q000225	Neurochirurg
Q000226	Medewerker beveiliging tbs-kliniek
Q000227	Medewerker beveiliging / begeleiding tbs-kliniek
Q000228	Neuroloog
Q000229	Tester ict
Q000230	Directeur gevangenis
Q000231	Nucleair geneeskundige
Q000232	Assistent-politiemedewerker
Q000233	Matroos logistieke dienst goederenbeheer (ldgb) koninklijke marine
Q000234	Politiemedewerker
Q000235	Matroos bijzondere dienst algemeen (bdalg) koninklijke marine
Q000236	Matroos bijzondere dienst wasser (bdw) koninklijke marine
Q000237	Politiekundige bachelor
Q000238	Politiekundige master
Q000239	Medewerker repressie brandweer
Q000240	Onderofficier operationele dienst algemeen (odalg) koninklijke marine
Q000241	Oogarts
Q000242	Onderofficier operationele dienst verbindingen (odvb) koninklijke marine
Q000243	Onderofficier technische dienst elektrotechniek (tde) koninklijke marine
Q000244	Orthopedische chirurg
Q000245	Onderofficier technische dienst vliegtuigtechniek (tdv) koninklijke marine
Q000246	Onderofficier technische dienst werktuigtechniek (tdw) koninklijke marine
Q000247	Onderofficier wapentechnische dienst scheepssystemen (wds) koninklijke marine
Q000248	Onderofficier wapentechnische dienst vliegtuigtechniek (wdv) koninklijke marine
Q000249	Plastisch chirurg
Q000250	Medewerker operationele voorbereiding brandweer
Q000251	Handhaver / medewerker repressie brandweer
Q000252	Onderofficier logistieke dienst administratie (lda) koninklijke marine
Q000253	Medewerker oefeningen en opleidingen brandweer
Q000254	Onderofficier logistieke dienst geneeskundige dienst (ldgd) koninklijke marine
Q000255	Medewerker materieel, beheer en kwaliteit brandweer
Q000256	Medewerker vergunningen en adviezen brandweer
Q000257	Psychiater
Q000258	Medewerker pro-actie brandweer
Q000259	Coördinator handhaving brandweer
Q000260	Coördinator operationele voorbereiding brandweer / brandweerofficier
Q000261	Coördinator opleidingen en oefeningen brandweer / brandweerofficier
Q000262	Coördinator gemeentelijke voorbereiding rampenbestrijding brandweer
Q000263	Centralist brandweer
Q000264	Teamleider alarmcentrale brandweer
Q000265	Radioloog
Q000266	Brandweerofficier / afdelingsmanager repressie
Q000267	Brandweerofficier / afdelingsmanager preventie
Q000268	Adviseur veiligheid en kwaliteitszorg brandweer
Q000269	Commandant brandweer
Q000270	Declarant
Q000271	Radiotherapeut
Q000272	Raadsheer
Q000273	Reumatoloog
Q000274	Onderofficier logistieke dienst goederenbeheer (ldgb) koninklijke marine
Q000275	Advocaat-generaal
Q000276	Manager servicedesk ict
Q000277	Productievoorbereider ict
Q000278	Revalidatiearts
Q000279	Sportarts
Q000280	Servicedeskmedewerker ict
Q000281	Uroloog
Q000282	Onderofficier logistieke dienst verzorging (ldv) koninklijke marine
Q000283	Onderofficier bijzondere dienst vliegverkeersleider (bdv) koninklijke marine
Q000284	Verzekeringsarts
Q000285	Verpleegkundige psychiatrie
Q000286	Verpleegkundige verstandelijk gehandicapten
Q000287	Arboverpleegkundige
Q000288	Consultatief psychiatrisch verpleegkundige
Q000289	Decubitus-consulent
Q000290	Dermatologie verpleegkundige
Q000291	Diabetes verpleegkundige
Q000292	Districtsverpleegkundige
Q000293	Recovery verpleegkundige
Q000294	Jeugdgezondheidszorg verpleegkundige
Q000295	Regieverpleegkundige
Q000296	Research verpleegkundige
Q000297	Schoolverpleegkundige
Q000298	Sociaal verpleegkundige
Q000299	Transferverpleegkundige
Q000300	Verpleegkundig specialist GGZ
Q000301	Verpleegkundige aids-consulent
Q000302	Verpleegkundige cardiologie
Q000303	Longverpleegkundige
Q000304	Maritiem verpleegkundige
Q000305	Neurologieverpleegkundige
Q000306	Verpleegkundige gastro-enterologie
Q000307	Verpleegkundige neonatologie
Q000308	Webmaster (middelbaar)
Q000309	Werkplekbeheerder
Q000310	Verpleegkundige oogheelkunde
Q000311	Verpleegkundige stoma
Q000312	Klinisch embryoloog
Q000313	Sportfysioloog
Q000314	Klinisch geneticus
Q000315	Klinisch patholoog
Q000316	Forensisch patholoog
Q000317	Webdeveloper (hoger)
Q000318	Webdeveloper (middelbaar)
Q000319	Obstetrisch en gynaecologisch verpleegkundige
Q000320	Operatieverpleegkundige
Q000321	Physician assistant
Q000322	Praktijkverpleegkundige
Q000323	Psychiatrisch intensieve thuiszorg (PIT) verpleegkundige
Q000324	Oncoloog
Q000325	Docent algemene natuurwetenschappen (1e graads)
Q000326	Wetenschappelijk onderzoeker demografie
Q000327	Wetenschappelijk onderzoeker planologie
Q000328	Wetenschappelijk onderzoeker taal- en literatuurwetenschap
Q000329	Wetenschappelijk onderzoeker taal- en letterkunde
Q000330	Cliëntadviseur bankbedrijf
Q000331	Hypotheekadviseur
Q000332	Manager bankbedrijf
Q000333	Acceptant verzekeringsmaatschappij
Q000334	Wetenschappelijk onderzoeker communicatie- en informatiewetenschappen
Q000335	Wetenschappelijk onderzoeker astronomie
Q000336	Wetenschappelijk onderzoeker bestuurskunde
Q000337	Accountmanager leven (verzekeringen)
Q000338	Teamleider verzekeringen
Q000339	Wetenschappelijk onderzoeker civiele techniek
Q000340	Bedrijfsleider / ondernemer actuarieel adviesbureau
Q000341	Administratief medewerker secretariaat
Q000342	Wetenschappelijk onderzoeker culturele antropologie
Q000343	Secretaresse
Q000344	Wetenschappelijk onderzoeker diergeneeskunde
Q000345	Juridisch medewerker
Q000346	Wetenschappelijk onderzoeker cybernetica
Q000347	Notarisklerk
Q000348	Wetenschappelijk onderzoeker filosofie
Q000349	Wetenschappelijk onderzoeker ethiek
Q000350	Wetenschappelijk onderzoeker geneeskunde specialist
Q000351	Bedrijfsleider / ondernemer glazenwasserij
Q000352	Bedrijfsleider / ondernemer schoonmaakbedrijf
Q000353	Gevelreiniger
Q000354	Wetenschappelijk onderzoeker geschiedenis
Q000355	Wetenschappelijk onderzoeker bedrijfs- en consumentenwetenschappen
Q000356	Wetenschappelijk onderzoeker kunstwetenschappen
Q000357	Betonboorder
Q000358	Tweede bloembinder
Q000359	Wetenschappelijk onderzoeker milieukunde
Q000360	Wetenschappelijk onderzoeker politicologie
Q000361	Wetenschappelijk onderzoeker procestechnologie
Q000362	Medewerker tuincentrum
Q000363	Betonstaalverwerker
Q000364	Constructeur bouwkunde
Q000365	PLC-programmeur
Q000366	Eerste bloembinder
Q000367	Wetenschappelijk onderzoeker rechtswetenschappen
Q000368	Monteur bliksembeveiliging
Q000369	Monteur bovenleiding (trolleybus, tram, trein)
Q000370	Tekenaar elektrotechniek
Q000371	Monteur zendmasten
Q000372	Bedrijfsleider / ondernemer bloemendetailhandel
Q000373	Afdelingschef tuincentrum
Q000374	Wetenschappelijk onderzoeker sociale wetenschappen
Q000375	Ontwerper elektronica
Q000376	Ontwerper elektrotechnische installaties
Q000377	Wetenschappelijk onderzoeker sociologie
Q000378	Uitvoerder betonwerken
Q000379	Bedrijfsleider / ondernemer betonfabriek
Q000380	Ontwerper industriële automatisering
Q000381	Wetenschappelijk onderzoeker muziekwetenschap
Q000382	Schoonmaker (interieur bedrijven, instellingen)
Q000383	Wetenschappelijk onderzoeker theaterwetenschap
Q000384	Wetenschappelijk onderzoeker film en televisiewetenschap
Q000385	Schoonmaker (industrieel)
Q000386	Bedrijfsleider / ondernemer tuincentrum
Q000387	Ontwerper telematica
Q000388	Hoofdontwerper elektrotechnische installaties
Q000389	Voorman betonstaalverwerker
Q000390	Ontwerper bouwkunde
Q000391	Wetenschappelijk onderzoeker theologie
Q000392	Wetenschappelijk onderzoeker godsdienstwetenschappen
Q000393	Inspecteur elektrische installaties
Q000394	Wetenschappelijk onderzoeker verkeers- en vervoerskunde
Q000395	Schoonmaker (calamiteiten)
Q000396	Bouwkundig adviseur
Q000397	Inspecteur betononderhoud
Q000398	Jachtbouwer (kunststof)
Q000399	Jachtbouwer (metaal)
Q000400	Wetenschappelijk onderzoeker communicatie
Q000401	Schoonmaker cleanrooms
Q000402	Revisietechnicus schepen
Q000403	Scheepselektromonteur
Q000404	Isoleerder bouw
Q000405	Voorman jachtbouw (kunststof)
Q000406	Voorman jachtbouw (metaal)
Q000407	Stedenbouwkundig ontwerper
Q000408	Hoofd constructeur-ontwerper bouwkunde
Q000409	Voorman schoonmaak (calamiteiten)
Q000410	Monteur communicatiesystemen scheepvaart
Q000411	Voorman schoonmaak (industrieel)
Q000412	Kalkzandsteenlijmer / blokkensteller
Q000413	Monteur telecommunicatie
Q000414	Manager bouw- en civieltechnisch ingenieursbureau
Q000415	Stedenbouwkundig architect
Q000416	Stedenbouwkundig adviseur
Q000417	Opzichter bovenleiding (trolleybus, tram, trein)
Q000418	Bedrijfsleider / ondernemer dakbedekkingsbedrijf
Q000419	Straler
Q000420	Voorman bouwtimmerman
Q000421	Opperman bouw
Q000422	Bedrijfsleider / ondernemer timmerbedrijf
Q000423	Bedrijfsleider / ondernemer steigerbouwbedrijf
Q000424	Bedrijfsleider / ondernemer schildersbedrijf
Q000425	Werkvoorbereider elektrotechniek
Q000426	Werkvoorbereider / calculator bouw
Q000427	Werkvoorbereider werktuigbouw
Q000428	Kopersbegeleider bouw
Q000429	Bouwkundig projectontwikkelaar
Q000430	Hoofdopzichter bouw
Q000431	Hoofd huishoudelijke dienst
Q000432	Hulp in de particuliere huishouding
Q000433	Toiletmedewerker
Q000434	Reinigingsmedewerker
Q000435	Voorman wasserij
Q000436	Art director film / televisie
Q000437	Grafisch kunstenaar
Q000438	Industrieel ontwerper (conceptueel)
Q000439	Industrieel ontwerper (technisch)
Q000440	Lichtontwerper
Q000441	Plastisch ruimtelijk vormgever
Q000442	Kunstsmid
Q000443	Digitaal basisvoorbereider
Q000444	Machinaal meubelmaker
Q000445	Beeldredacteur
Q000446	Bedrijfsjournalist
Q000447	Chef beeldredactie
Q000448	Recensent
Q000449	Autoruitschademonteur
Q000450	Bromfietstechnicus
Q000451	Eindredacteur (bladen)
Q000452	Fietstechnicus
Q000453	Manager autoschadeherstelbedrijf
Q000454	Meubelspuiter
Q000455	Sport- en bewegingsleider
Q000456	Grafisch zetter
Q000457	Manueel therapeut
Q000458	Echografist
Q000459	Psychomotorisch therapeut
Q000460	Eindredacteur (omroep)
Q000461	Bedrijfsleider / ondernemer loonbedrijf
Q000462	Interieurbouwer
Q000463	Lithograaf
Q000464	Scheepsinterieurbouwer
Q000465	Arrangeur muziek
Q000466	Artistiek leider orkest
Q000467	CNC-programmeur machinale houtbewerkingsmachines
Q000468	CNC-bediener machinale houtbewerkingsmachines
Q000469	Componist
Q000470	Chef machinale houtbewerking
Q000471	Werkvoorbereider meubelindustrie
Q000472	Bedrijfsleider / ondernemer meubelindustrie
Q000473	Podoloog
Q000474	Bedrijfsleider / ondernemer interieurbouwbedrijf
Q000475	Medewerker cultuurtechniek (binnendienst)
Q000476	Uitvoerder cultuurtechniek
Q000477	Werkvoorbereider / calculator cultuurtechniek
Q000478	Fotojournalist
Q000479	Werkvoorbereider cultuurtechniek
Q000480	Kwaliteitscontroleur hout
Q000481	Projectleider cultuurtechniek
Q000482	Droger hout
Q000483	Hoofdredacteur (bladen)
Q000484	Grafisch vormgever
Q000485	Sorteerder hout
Q000486	Bestuiver
Q000487	Gewasverzorger
Q000488	Werfbaas houtwerf
Q000489	Houtverduurzamer
Q000490	Projectleider houtverwerkende industrie
Q000491	Medewerker zaadcoating
Q000492	Medewerker zaadschoning
Q000493	Chef zaadschoning
Q000494	Sterilisatieassistent gezondheidszorg
Q000495	Selecteur groentezaden
Q000496	Selecteur bloemen
Q000497	Selecteur landbouwgewassen
Q000498	Productiespecialist zaadteelt
Q000499	Docent gebarentaal
Q000500	Weeghulp / consultatiebureau-assistent
Q000501	Docent Aziatische talen (1e graads)
Q000502	Medewerker inktmagazijn
Q000503	Docent Hongaars (1e graads)
Q000504	Docent Indonesisch (1e graads)
Q000505	Docent Portugees (1e graads)
Q000506	Docent toegepaste wiskunde
Q000507	Hoofdredacteur (omroep)
Q000508	Journalist (bladen)
Q000509	Instrumentalist (strijkinstrumenten)
Q000510	Docent toegepaste natuurkunde
Q000511	Trappenmaker
Q000512	Trappensteller
Q000513	Verpakkingsoperator inline-machine
Q000514	Instrumentalist (tokkelinstrumenten)
Q000515	Korporaal administratie, economie en personeel koninklijke luchtmacht
Q000516	Medewerker bos- en natuurbeheer
Q000517	Monteur gevelelementen
Q000518	Houtskeletbouwer
Q000519	Korporaal bewaking koninklijke luchtmacht
Q000520	Afschrijver hout
Q000521	Werkvoorbereider / calculator timmerfabriek
Q000522	Bedrijfsleider / ondernemer timmerfabriek
Q000523	Muziekinstrumentenmaker, -reparateur hout
Q000524	Korporaal brandweer, medisch en sport koninklijke luchtmacht
Q000525	Klompenmaker machinaal
Q000526	Korporaal horeca, logistiek en transport koninklijke luchtmacht
Q000527	Tabakspijpenmaker
Q000528	Journalist (omroep)
Q000529	Wildbeheerder
Q000530	Docent toegepaste scheikunde
Q000531	Korporaal luchtverdediging koninklijke luchtmacht
Q000532	Districtshoofd bos- en natuurterreinen
Q000533	Korporaal techniek koninklijke luchtmacht
Q000534	Muziekprogrammeur
Q000535	Plugger
Q000536	Producent muziek
Q000537	Korporaal vliegerondersteunend koninklijke luchtmacht
Q000538	Tekstdichter
Q000539	Onderofficier administratie, economie en personeel koninklijke luchtmacht
Q000540	Zakelijk leider orkest
Q000541	Onderofficier bewaking koninklijke luchtmacht
Q000542	Docent natuur- / scheikunde (2e graads)
Q000543	Nieuwslezer
Q000544	Onderofficier brandweer, medisch en sport koninklijke luchtmacht
Q000545	Docent toegepaste biologie
Q000546	Borstelmaker handmatig
Q000547	Ambachtelijk lijstenmaker
Q000548	Onderofficier horeca, logistiek en transport koninklijke luchtmacht
Q000549	Onderzoeksjournalist
Q000550	Redacteur (bladen)
Q000551	Grafisch intermediair
Q000552	Onderofficier luchtverdediging koninklijke luchtmacht
Q000553	Bedrijfsleider / ondernemer fabricage elektronische onderdelen
Q000554	Onderofficier techniek koninklijke luchtmacht
Q000555	Bedrijfsleider / ondernemer kopieer / printbedrijf
Q000556	Manager fabricage elektronische onderdelen
Q000557	Onderofficier vliegerondersteunend koninklijke luchtmacht
Q000558	Medewerker bodemonderzoek en -saneringen
Q000559	Redacteur (omroep)
Q000560	Diamantbewerker (industrieel)
Q000561	Docent museologie
Q000562	Diamantbewerker (sier)
Q000563	Redacteur (uitgeverij)
Q000564	Adviseur bodemonderzoek en -saneringen
Q000565	Projectleider bodemonderzoek en -saneringen
Q000566	Milieudeskundige technologie
Q000567	Hoofdboormeester grondboring en bronbemaling
Q000568	Boormeester (tunnel)
Q000569	Medewerker dierencrematorium / dierenbegraafplaats
Q000570	Bedrijfsleider sorteercentrum post
Q000571	Clustermanager postkantoor
Q000572	Analist pathologie
Q000573	Filiaalmanager postkantoor
Q000574	Senior medewerker verkoop postkantoor
Q000575	Verkoopmedewerker postkantoor
Q000576	Bedrijfsleider / ondernemer grondboring- en bronbemalingsbedrijf
Q000577	Projectleider bronbemaling
Q000578	Boormeester sleufloze aanlegtechnieken
Q000579	Postbezorger
Q000580	Hoofdboormeester sleufloze aanlegtechnieken
Q000581	Teamleider sorteercentrum post
Q000582	Opperman grond-, weg- en waterbouw (gww)
Q000583	Gerechtstolk
Q000584	Tolk Finoegrische talen
Q000585	Docent filosofie (2e graads)
Q000586	Tolk Indonesisch
Q000587	Tolk Koreaans
Q000588	Tolk Roemeens
Q000589	Voorman straatmaker
Q000590	Asfaltafwerker
Q000591	Balkman
Q000592	Voorman asfalt
Q000593	Instructeur gehoorzaamheidstraining honden
Q000594	Uitvoerder asfalt
Q000595	Obductieassistent
Q000596	Tolk Zuid-Afrikaans
Q000597	Asfaltlaborant
Q000598	Asfaltmenger weg- en waterbouw
Q000599	Instructeur blindengeleidehonden
Q000600	Anesthesiemedewerker
Q000601	Bedrijfsleider / ondernemer asfaltinstallatie
Q000602	Juridisch vertaler
Q000603	Hartfunctielaborant
Q000604	Hoofduitvoerder asfalt
Q000605	Spoorlegger
Q000606	Communicatiemanager
Q000607	Groom
Q000608	Instructeur paardensport
Q000609	Bedrijfsleider / ondernemer manege
Q000610	PR-adviseur
Q000611	Uitvoerder railinfra
Q000612	Projectleider railinfra
Q000613	Trainer zeedieren
Q000614	Contractmanager railinfra
Q000615	Medewerker voorlichting
Q000616	Bedrijfsleider / ondernemer dierencrematorium / dierenbegraafplaats
Q000617	Pers-, publieksvoorlichter
Q000618	Docent snaarinstrumenten (1e graads)
Q000619	Docent blaasinstrumenten (1e graads)
Q000620	Bedrijfsleider / ondernemer dierentuin / wildpark
Q000621	Technisch schrijver
Q000622	Callcentermedewerker (inbound)
Q000623	Callcentermedewerker (outbound)
Q000624	Monteur laag- en middenspanningsnetten (kabelwerker)
Q000625	Monteur datacommunicatie (kabelwerker)
Q000626	Docent toetseninstrumenten (1e graads)
Q000627	Docent slaginstrumenten (1e graads)
Q000628	Teamleider laboratorium ziekenhuis
Q000629	Afdelingsmanager farmaceutische industrie
Q000630	Docent muziek (2e graads)
Q000631	Hoofd dierenverzorger transport
Q000632	Hoofd gezondheidheidsvoorlichting en -opvoeding
Q000633	Hoofd voedingsvoorlichting en dieetadvisering
Q000634	Medisch elektronicus
Q000635	Hoofd wijkzorg
Q000636	Hoofd zorg
Q000637	Manager zorg en bedrijfsvoering ziekenhuis
Q000638	Medisch manager ambulancezorg
Q000639	Medisch manager ziekenhuis
Q000640	Officier van dienst gezondheidszorg
Q000641	Verpleegkundig directeur ziekenhuis
Q000642	Monteur warmte (leidinglegger)
Q000643	Allround monteur huisaansluitingen
Q000644	Eerste monteur laag- en middenspanningsnetten (kabelwerker)
Q000645	Eerste monteur datacommunicatie (kabelwerker)
Q000646	Bedrijfsleider / ondernemer hoorapparatenbedrijf
Q000647	Dierenfysiotherapeut
Q000648	Controleur vlees en destructie (AID)
Q000649	Controleur technische administratieve bedrijfsvoering (agrarisch) (AID)
Q000650	Eerste monteur warmte (leidinglegger)
Q000651	Controleur meststoffen (AID)
Q000652	Veearts
Q000653	Keuringsdierenarts
Q000654	Bedrijfsleider / ondernemer kabel- en leidinginfra
Q000655	Klinisch perfusionist
Q000656	Manager kabel- en leidinginfra
Q000657	Bedrijfsleider / ondernemer optische glasmakerij
Q000658	Manager callcenter
Q000659	Hoofd sterilisatie gezondheidszorg
Q000660	Hoofdverpleegkundige psychiatrie
Q000661	Teamleider ambulancezorg
Q000662	Teamleider verpleegkundige afdeling ziekenhuis
Q000663	Orthopedisch bandagist
Q000664	Tandprotheticus
Q000665	Docent bouwkunde (1e graads)
Q000666	Sondeermeester
Q000667	Docent architectuur
Q000668	Pikeur
Q000669	Docent interieurarchitectuur
Q000670	Docent civiele techniek (1e graads)
Q000671	Docent civiele techniek (2e graads)
Q000672	Docent (elektrische) energietechniek (1e graads)
Q000673	Docent (elektrische) energietechniek (2e graads)
Q000674	Docent elektronica (1e graads)
Q000675	Docent elektronica (2e graads)
Q000676	Docent technische informatica (1e graads)
Q000677	Docent technische informatica (2e graads)
Q000678	Docent informatie- en communicatietechnologie
Q000679	Machinegraveur
Q000680	Docent mechanische techniek (1e graads)
Q000681	Docent fijnmechanische techniek (2e graads)
Q000682	Docent werktuigbouwkunde (1e graads)
Q000683	Docent procestechniek (1e graads)
Q000684	Onderpoeder lasoperator
Q000685	Docent bewegingsleer
Q000686	Docent podotherapie
Q000687	Handvormer gieterij
Q000688	Kernmaker gieterij
Q000689	Zandbereider gieterij
Q000690	Gieter metaal
Q000691	Docent agrotechniek (2e graads)
Q000692	Docent agrotechniek (1e graads)
Q000693	Docent agromanagement (2e graads)
Q000694	Docent landbouwkunde (1e graads)
Q000695	Lasinstructeur
Q000696	Docent dier en educatie (2e graads)
Q000697	Smelter gieterij
Q000698	Gieterij ingenieur
Q000699	Bedrijfsleider / ondernemer gereedschapmakerij
Q000700	Docent tandheelkunde
Q000701	Bedrijfsleider / ondernemer gieterij
Q000702	Bedrijfsleider / ondernemer lasbedrijf / montagebedrijf
Q000703	Bedrijfsleider / ondernemer metaalbewerkingsbedrijf / constructiebedrijf
Q000704	Bedrijfsleider / ondernemer jachtwerf
Q000705	Teammanager vliegtuigonderhoud
Q000706	Manager jachtwerf
Q000707	Projectmanager vliegtuigonderhoud
Q000708	Assemblagemedewerker hout
Q000709	Docent theater
Q000710	Docent algemene beveiliging
Q000711	Docent fotografie
Q000712	Assemblagetechnicus landbouwwerktuigen
Q000713	Docent textieltechniek (2e graads)
Q000714	Laspraktijkingenieur
Q000715	Printplaatmonteur
Q000716	Docent farmacie
Q000717	Docent medische informatica
Q000718	Docent gezondheidskunde (1e graads)
Q000719	Hoofdmonteur mechanische werken spoorwegen
Q000720	Docent orthopedie
Q000721	Docent optiek
Q000722	Docent oncologie
Q000723	Docent anesthesiologie
Q000724	Docent huidtherapie
Q000725	Docent fysiologie
Q000726	Docent onderwijskunde
Q000727	Docent didactiek
Q000728	Docent psychiatrie
Q000729	Docent ethiek
Q000730	Docent maatschappelijk werk en hulpverlening
Q000731	Docent ergonomie
Q000732	Docent creatieve therapie
Q000733	Docent inspanningsfysiologie
Q000734	Docent tuin en landschap (1e graads)
Q000735	Docent bosbouwkunde (2e graads)
Q000736	Docent ruimtelijke ordening
Q000737	Docent levensmiddelentechnologie (1e graads)
Q000738	Docent agromanagement (1e graads)
Q000739	Docent tuinbouw / akkerbouw (2e graads)
Q000740	Docent dierkunde (agrarisch) (1e graads)
Q000741	Docent paardenhouderij (2e graads)
Q000742	Docent wildlife management
Q000743	Onderhoudsmonteur machines / installaties
Q000744	Voorman montage
Q000745	Docent gieterijtechniek
Q000746	Docent papiermaken
Q000747	Docent besturingstechniek (1e graads)
Q000748	Docent besturingstechniek (2e graads)
Q000749	Docent installatietechniek (1e graads)
Q000750	Docent grafisch vormgeven (1e graads)
Q000751	Docent scheepsbouwkunde (1e graads)
Q000752	Docent scheepsbouwkunde (2e graads)
Q000753	Docent maritieme technieken (1e graads)
Q000754	Docent maritieme technieken (2e graads)
Q000755	Docent luchtvaart
Q000756	Docent luchtvaarttechniek (1e graads)
Q000757	Docent motorvoertuigentechniek (1e graads)
Q000758	Docent econometrie
Q000759	Docent international business
Q000760	Docent financieel management
Q000761	Docent communicatie
Q000762	Docent bedrijfskunde
Q000763	Docent documentaire informatievoorziening
Q000764	Docent boekhandel en uitgeverij
Q000765	Docent juridische dienstverlening
Q000766	Docent makelaardij
Q000767	Docent inkoop
Q000768	Docent personeel en organisatie
Q000769	Docent office management
Q000770	Docent management en organisatie
Q000771	Docent projectmanagement
Q000772	Docent kwaliteitsbeheer
Q000773	Docent ondernemersvaardigheden
Q000774	Docent onderzoekstechnieken
Q000775	Docent facilitymanagement
Q000776	Docent voeding (1e graads)
Q000777	Docent hotel management (1e graads)
Q000778	Docent industriële vormgeving
Q000779	Bedrijfsleider / ondernemer vakantiecentrum
Q000780	Controleur confectie-, textielindustrie
Q000781	Geestelijk verzorger krijgsmacht
Q000782	Bibliotheekmedewerker
Q000783	Geestelijk verzorger zorginstelling
Q000784	Biochemisch analist (middelbaar)
Q000785	Bedrijfsleider / ondernemer jeugdherberg
Q000786	Onderhoudsmonteur vliegtuigmotoren
Q000787	Pandit
Q000788	Groepsleerkracht basisonderwijs
Q000789	Botanisch analist (middelbaar)
Q000790	Bibliothecaris wetenschappelijke bibliotheek
Q000791	Fysisch analist (middelbaar)
Q000792	Medewerker behoud en beheer (museum)
Q000793	Salonassistent kapperszaak
Q000794	Restaurator kunstvoorwerpen
Q000795	Kinderoppas particulieren
Q000796	Hoofd archief
Q000797	Verzorgende individuele gezondheidszorg (ig)
Q000798	Hoofd documentatie
Q000799	Afdelingsmanager energieproductiebedrijf
Q000800	Bedrijfsleider / ondernemer kapperszaak
Q000801	Directeur energieproductiebedrijf
Q000802	Afdelingsmanager energiedistributiebedrijf
Q000803	Directeur energiedistributiebedrijf
Q000804	Biotechnisch laboratoriummedewerker
Q000805	Bedrijfsleider / ondernemer schoonheidssalon
Q000806	Directeur waterleidingbedrijf
Q000807	Microbiologisch analist (middelbaar)
Q000808	Bedrijfsleider / ondernemer textielindustrie
Q000809	Moleculair biologisch analist (middelbaar)
Q000810	Chef textielindustrie
Q000811	Ambtenaar burgerlijke stand
Q000812	Chemisch analist (hoger)
Q000813	Bijstandsconsulent
Q000814	Confectiemedewerker (naaien)
Q000815	Roustabout
Q000816	Roughneck
Q000817	Bemiddelingsmedewerker kinderopvang
Q000818	Rigger on- en offshore
Q000819	Derrickman
Q000820	Medewerker gordijnenatelier
Q000821	Coördinator telefonische hulpdiensten
Q000822	Medewerker kledingreparatiebedrijf / veranderatelier
Q000823	Gezinshuisouder
Q000824	Klachtenondersteuner jeugdzorg
Q000825	Pedagogisch werker gezinsbegeleiding
Q000826	Bedrijfsleider / ondernemer installatiebedrijf
Q000827	Medewerker burgerzaken
Q000828	Fysisch analist (hoger)
Q000829	Medewerker reinigingspolitie
Q000830	Maatschappelijk werker, specialisatie geestelijke gezondheidszorg
Q000831	Microbiologisch analist (hoger)
Q000832	Maatschappelijk werker, specialisatie kinder- en jeugd
Q000833	Moleculair biologisch analist (hoger)
Q000834	Maatschappelijk werker, specialisatie volwassenen
Q000835	Hoofdmonteur dakwerk, sanitair, verwarming, gas- en waterleiding
Q000836	Cementer on- en offshore
Q000837	Casing crew member
Q000838	Crane operator on- en offshore
Q000839	Wireline operator
Q000840	Mud logger
Q000841	Verkoopspecialist kassa detailhandel
Q000842	Hoofdmonteur lifttechniek
Q000843	Directional driller
Q000844	Measurement while drilling (mwd) engineer
Q000845	Afdelingsmanager kassa detailhandel
Q000846	Host toerisme
Q000847	Wireline engineer
Q000848	Sociaal-cultureel werker, specialisatie educatie / recreatie
Q000849	Beleidsmedewerker recreatie en toerisme
Q000850	Barge engineer
Q000851	Medewerker reisorganisatie (organiseren, inkopen)
Q000852	Sociaal-cultureel werker, specialisatie samenlevingsopbouw
Q000853	Rig superintendent
Q000854	Inspecteur gasinstallaties
Q000855	Beleidsmedewerker sociale zaken en welzijn
Q000856	Ontwerper pijpleidingsystemen
Q000857	Manager / teamleider uitzendbureau
Q000858	Meldkamermedewerker alarmcentrale (reizen)
Q000859	Beleidsmedewerker infrastructuur
Q000860	Personenhulpverlener alarmcentrale (reizen)
Q000861	Teamleider geestelijke gezondheidszorg
Q000862	Teamleider instelling maatschappelijk werk
Q000863	Claimbeoordelaar (sociale verzekeringen)
Q000864	Hoofd afdeling openbare werken
Q000865	Teamleider jeugdzorg
Q000866	Hoofd afdeling sociale zaken en werkgelegenheid
Q000867	Kleuterleidster
Q000868	Groepsleerkracht speciaal basisonderwijs (SBO)
Q000869	Hoofd afdeling volkshuisvesting, ruimtelijke ordening en milieu
Q000870	Hoofd afdeling welzijn, onderwijs en burgerzaken
Q000871	Manager reisbureau
Q000872	Groepsleerkracht voortgezet speciaal onderwijs (VSO)
Q000873	Manager reisorganisatie, touroperator
Q000874	Monteur centrale verwarming utiliteitsbouw
Q000875	Teamleider verpleging ouderenzorg
Q000876	Medewerker recreatie-activiteiten
Q000877	Groepsleerkracht LWOO / PRO
Q000878	Hoofd economische zaken
Q000879	Directeur basisonderwijs
Q000880	Monteur centrale verwarming woningbouw
Q000881	Universitair (hoofd)docent aardwetenschappen
Q000882	Bedrijfsleider / ondernemer amusementscentrum, attractiepark
Q000883	Teamleider verzorging ouderenzorg
Q000884	Zorgmanager geestelijke gezondheidszorg
Q000885	Bedrijfsleider / ondernemer bioscoop
Q000886	Zwembadinstallatiemonteur
Q000887	Zorgmanager jeugdzorg
Q000888	Bedrijfsleider / ondernemer seksinrichting, escortbedrijf
Q000889	Manager installatiebedrijf
Q000890	Zorgmanager ouderenzorg
Q000891	Verkoopmedewerker alcoholhoudende dranken
Q000892	Eerstelijnspsycholoog
Q000893	Griffier overheidsbestuur
Q000894	Secretaris (gemeente / provincie)
Q000895	Imagostylist
Q000896	Secretaris overheidsdiensten
Q000897	Paneloperator procesindustrie
Q000898	Sectordirecteur gemeente
Q000899	Bedrijfsleider / ondernemer sauna, beautycenter
Q000900	Bedrijfsleider / ondernemer waterrecreatiebedrijf
Q000901	CNC-machinebediener (exclusief programmeren)
Q000902	Universitair (hoofd)docent cartografie
Q000903	Universitair (hoofd)docent demografie
Q000904	Universitair (hoofd)docent planologie
Q000905	Universitair (hoofd)docent taal- en literatuurwetenschap
Q000906	Stylist modecollecties
Q000907	Bedrijfsleider / ondernemer administratiekantoor
Q000908	Technisch calculator (procesindustrie)
Q000909	Universitair (hoofd)docent astronomie
Q000910	Universitair (hoofd)docent bedrijfskunde
Q000911	Conventioneel draaier
Q000912	Kwaliteitscontroleur procesindustrie (hoger)
Q000913	Kwaliteitscontroleur voedingsmiddelenindustrie (hoger)
Q000914	Universitair (hoofd)docent arbeidswetenschappen
Q000915	Universitair (hoofd)docent bestuurskunde
Q000916	Universitair (hoofd)docent biologie
Q000917	Procestechnoloog / productontwikkelaar procesindustrie
Q000918	Medewerker schoenindustrie
Q000919	Humanistisch raadsman
Q000920	Hoofd crediteurenadministratie
Q000921	Procestechnoloog / productontwikkelaar voedingsmiddelenindustrie
Q000922	Manager accountantskantoor
Q000923	Productieleider procesindustrie
Q000924	Medewerker postkamer
Q000925	Administratief-juridisch medewerker zakelijke dienstverlening
Q000926	Incassomedewerker
Q000927	Bedrijfsleider / ondernemer zwembad, sportcomplex
Q000928	Inspecteur gezondheidszorg
Q000929	Manager recreatie-accommodatie
Q000930	Bedrijfsleider / ondernemer maat-, orthopedische schoenmakerij
Q000931	Bedrijfsleider / ondernemer schoenherstellersbedrijf
Q000932	Universitair (hoofd)docent civiele techniek
Q000933	Sportinstructeur / trainer / coach
Q000934	Belastingdeurwaarder
Q000935	Universitair (hoofd)docent bouwkunde
Q000936	Universitair (hoofd)docent culturele antropologie
Q000937	Ontwerper / modelleur lederwaren
Q000938	Bedrijfsleider / ondernemer sportschool
Q000939	Ontwerper / modelleur schoenen
Q000940	Roostermaker
Q000941	Universitair (hoofd)docent diergeneeskunde
Q000942	Wijkmanager
Q000943	Verkoopmedewerker delicatessen
Q000944	Chef chemische wasserij
Q000945	Universitair (hoofd)docent economie
Q000946	Textielrestaurator
Q000947	Draadbewerker metaal
Q000948	Manager voedingsmiddelenindustrie
Q000949	Universitair (hoofd)docent elektrotechniek
Q000950	Medewerker broodbakkerij
Q000951	Metaalzager
Q000952	Verkoopmedewerker reform- en natuurproducten
Q000953	Verkoopmedewerker supermarkt (houdbare producten)
Q000954	Chauffeur autolaadkraan
Q000955	Verkoopmedewerker tabaks- en gemaksartikelen
Q000956	Chauffeur rijdende melkontvangst (RMO)
Q000957	CNC-metaalbuiger
Q000958	Chauffeur truckmixer
Q000959	Chauffeur / verhuizer
Q000960	Allround inspiciënt
Q000961	Bedrijfsleider / ondernemer transportbedrijf
Q000962	Artistiek leider dansgezelschap
Q000963	Artistiek leider operagezelschap
Q000964	Medewerker personeel en organisatie
Q000965	Artistiek leider theatergezelschap
Q000966	Chocolatier
Q000967	Universitair (hoofd)docent cybernetica
Q000968	Universitair (hoofd)docent informatica
Q000969	Assistent-inspiciënt
Q000970	Medewerker industriële bakkerij
Q000971	Chef decor- / kostuumatelier
Q000972	Chef-inspiciënt
Q000973	Universitair (hoofd)docent filosofie
Q000974	Universitair (hoofd)docent ethiek
Q000975	Ploegchef industriële bakkerij
Q000976	Productieleider industriële bakkerij
Q000977	Fijnconstructiebankwerker
Q000978	Universitair (hoofd)docent geneeskunde algemeen
Q000979	Costumière theater / film / televisie
Q000980	Danser amusement
Q000981	Medewerker islamitische slachterij
Q000982	Medewerker pluimvee- en wildslachterij
Q000983	Recruiter
Q000984	Verkoopmedewerker vis, schaal- en weekdieren
Q000985	Verkoopmedewerker vlees en vleeswaren
Q000986	Verkoopmedewerker wild en gevogelte
Q000987	Junior verkoopadviseur bedrijfsauto's
Q000988	CNC-slijper (inclusief progammeren)
Q000989	Commissaris nv, bv
Q000990	Human resources (hr) directeur
Q000991	Financieel directeur
Q000992	Bedrijfsleider / ondernemer touringcarbedrijf
Q000993	Danser jazztheater / musical
Q000994	Danser klassiek
Q000995	Danser modern
Q000996	Dansleraar dansschool
Q000997	Junior verkoopadviseur motorfietsen
Q000998	Educatief medewerker theater
Q000999	Voorman constructie
Q001000	Veiligheidskundige (uitvoerend)
Q001001	Materieelwasser spoorwegen
Q001002	Kostuumontwerper theater / film / televisie
Q001003	Librettist
Q001004	Pastoraal werker
Q001005	Junior verkoopadviseur personenauto's
Q001006	Junior verkoopadviseur tractoren, landbouw- en grondverzetmachines
Q001007	Validatie engineer
Q001008	Verkoopmedewerker aanhangwagens
Q001009	Bedrijfsleider / ondernemer pluimvee- en wildslachterij
Q001010	Medewerker omroep spoorwegen
Q001011	Treinmachinist bedrijfsterreinen
Q001012	Manager organisatieadviesbureau (technisch)
Q001013	Perronopzichter
Q001014	Verkoopmedewerker autoaccessoires
Q001015	Verkoopmedewerker badkamers en sanitair
Q001016	Universitair (hoofd)docent geneeskunde specialist
Q001017	Verkoopmedewerker beeld- en geluidsdragers
Q001018	Bedrijfsleider / ondernemer islamitische slachterij
Q001019	Beleidsmedewerker ict
Q001020	Verkoopmedewerker bloemen en planten
Q001021	Bedrijfsleider / ondernemer slachterij
Q001022	Bedrijfsleider / ondernemer vleeswarenindustrie
Q001023	Productiechef pluimvee- en wildslachterij
Q001024	Productiechef slachterij
Q001025	Verkoopmedewerker boten
Q001026	Verkoopmedewerker bouwmarkt
Q001027	Verkoopmedewerker caravans
Q001028	Producent theater
Q001029	Productieassistent theater
Q001030	Productieleider theater
Q001031	Regieassistent theater
Q001032	Regisseur theater
Q001033	Rekwisiteur
Q001034	Theaterprogrammeur
Q001035	Uitvoerend producent theater
Q001036	Voorstellingsleider
Q001037	Zakelijk leider gezelschap voor podiumkunsten
Q001038	Operator papier- en kartonindustrie (grondstof)
Q001039	Bedrijfsleider / ondernemer glas- en aardewerkindustrie
Q001040	Belichtingstechnicus
Q001041	Cameraman
Q001042	Zorgmanager instelling maatschappelijk werk
Q001043	Casting director
Q001044	Treindienstleider
Q001045	Verkoopmedewerker dameskleding
Q001046	Rubberbewerker
Q001047	Verkoopmedewerker drogisterijartikelen
Q001048	Editor film / video
Q001049	Verkoopmedewerker elektrotechnische artikelen en apparaten
Q001050	Beheerder afvaldepot
Q001051	Universitair (hoofd)docent farmacie
Q001052	Universitair (hoofd)docent tandheelkunde
Q001053	Zorgmanager thuiszorg
Q001054	Figurant
Q001055	Universitair (hoofd)docent geschiedenis
Q001056	Instrumentmaker optisch
Q001057	Geluidstechnicus nabewerking
Q001058	Gezondheidszorgpsycholoog
Q001059	Kinder- en jeugdpsycholoog
Q001060	Geluidstechnicus opname / weergave
Q001061	Psychologisch testassistent
Q001062	Seksuoloog
Q001063	Locatiescout
Q001064	Manager postproductie media
Q001065	Operationeel productieleider media
Q001066	Producent animatie
Q001067	Producent film
Q001068	Stempelmaker
Q001069	Producent televisie
Q001070	Productieassistent animatie
Q001071	Productieassistent film
Q001072	Productieassistent radio
Q001073	Verkoopmedewerker fotografische artikelen
Q001074	Productieassistent televisie
Q001075	Productieleider film
Q001076	Productieleider radio
Q001077	Productieleider televisie
Q001078	Programmaleider radio
Q001079	Programmaleider televisie
Q001080	Programmamaker radio
Q001081	Budgetconsulent
Q001082	Programmamaker televisie
Q001083	Programmatechnicus radio
Q001084	Regieassistent animatie
Q001085	Regieassistent film
Q001086	Verkoopmedewerker gedenkstenen
Q001087	Verkoopmedewerker handwerkartikelen en fournituren
Q001088	Verkoopmedewerker herenkleding
Q001089	Vliegtuigmonteur avionisch
Q001090	Verkoopmedewerker huishoudelijke artikelen en cadeauartikelen
Q001091	Vliegtuigmonteur mechanisch
Q001092	Orderpicker
Q001093	Regisseur animatie
Q001094	Bedrijfsleider / ondernemer op-, overslagbedrijf
Q001095	Verkoopmedewerker ijzerwaren en gereedschappen
Q001096	Groepsleider magazijn
Q001097	Scenarioschrijver
Q001098	Setdresser
Q001099	Stuntman
Q001100	Titeltechnicus
Q001101	Uitzendtechnicus televisie
Q001102	Manager op- en overslagbedrijf
Q001103	Voice-over
Q001104	Bedrijfsleider / ondernemer expeditiebedrijf
Q001105	Cad tekenaar pijpleidingsystemen
Q001106	Verkoopmedewerker keukens
Q001107	Manager expeditiebedrijf
Q001108	Verkoopmedewerker kinderkleding
Q001109	Verkoopmedewerker kleding allround
Q001110	Cad tekenaar voertuigbouw
Q001111	Verkoopmedewerker lingerie, beenmode- en bodyfashionartikelen
Q001112	Senior inkoper
Q001113	Inkoopdirecteur
Q001114	Verkoopmedewerker naai- en breimachines
Q001115	Kraandrijver (haven)
Q001116	Account assistent reclame
Q001117	Verkoopmedewerker parket en laminaat
Q001118	Afslankconsulent
Q001119	Tekenaar installatietechniek
Q001120	Creative director reclame
Q001121	Manager communicatieadviesbureau (reclame)
Q001122	Mediaplanner
Q001123	Traffic manager reclame
Q001124	Effectenhandelaar
Q001125	Tekenaar machines / gereedschappen
Q001126	Roeier
Q001127	Bedrijfsleider cargadoorsbedrijf
Q001128	Chef stuwadoorsbedrijf
Q001129	Universitair (hoofd)docent bedrijfs- en consumentenwetenschappen
Q001130	Universitair (hoofd)docent kunstwetenschappen
Q001131	Verkoopmedewerker speelgoed
Q001132	Verkeersleider haven
Q001133	Universitair (hoofd)docent landbouwwetenschappen
Q001134	Tekenaar scheepsbouw
Q001135	Registerloods
Q001136	Universitair (hoofd)docent materiaalkunde
Q001137	Tekenaar vliegtuigbouw
Q001138	Universitair (hoofd)docent milieukunde
Q001139	Universitair (hoofd)docent natuurkunde
Q001140	Observer beurshandel
Q001141	Veilingmeester bloemen, groente en fruit
Q001142	Veilingmeester roerende goederen
Q001143	Tekenaar voertuigbouw
Q001144	Loods binnenvaart
Q001145	Veilingmeester visafslag
Q001146	Binnenvisser
Q001147	Manager veilingen
Q001148	Veilinghouder bloemen, groente en fruit
Q001149	Veilinghouder roerende goederen
Q001150	Schaal- en schelpdierenvisser
Q001151	Veilinghouder visafslag
Q001152	Bedrijfsleider / ondernemer jachtmakelaarskantoor
Q001153	Jachtmakelaar
Q001154	Verkoopmedewerker telecomartikelen
Q001155	Makelaar agrarisch onroerend goed
Q001156	Verkoopmedewerker textiel (stoffen)
Q001157	Makelaar bedrijfsonroerend goed
Q001158	Verkoopmedewerker tweedehandsartikelen
Q001159	Verkoopmedewerker verf en behang
Q001160	Schipper veerpont
Q001161	Makelaar woningen
Q001162	Verkoopmedewerker woningtextiel en vloerbedekkingen
Q001163	Volmatroos / matroos-motordrijver binnenvaart
Q001164	Verkoopmedewerker zorgartikelen en -hulpmiddelen
Q001165	Spelersmakelaar
Q001166	Taxateur roerende goederen
Q001167	Koosjer slager
Q001168	Kapitein binnenvaart
Q001169	Verkoopspecialist aardappelen, groente en fruit (agf)
Q001170	Verkoopspecialist alcoholhoudende dranken
Q001171	Vastgoedmanager
Q001172	Verkoopspecialist delicatessen
Q001173	Vestigingsdirecteur makelaarskantoor
Q001174	Verkoopspecialist kaas- en zuivelproducten
Q001175	Woningmarktconsultant
Q001176	Bedrijfsleider / ondernemer kamerverhuurbedrijf
Q001177	Constructeur installatietechniek
Q001178	Verkoopspecialist reform- en natuurproducten
Q001179	Verhuurmedewerker woondiensten
Q001180	Manager rederij
Q001181	Verkoopspecialist tabaks- en gemaksartikelen
Q001182	Verkoopspecialist vis, schaal- en weekdieren
Q001183	Verkoopspecialist vlees en vleeswaren
Q001184	Verkoopspecialist wild en gevogelte
Q001185	Verhuurmedewerker autoverhuurbedrijf
Q001186	Verkoopadviseur aanhangwagens
Q001187	Verkoopadviseur badkamers en sanitair
Q001188	Verkoopadviseur bedrijfsauto's
Q001189	Verkoopadviseur keukens
Q001190	Verkoopadviseur motorfietsen
Q001191	Verkoopadviseur parket en laminaat
Q001192	Verkoopadviseur personenauto's
Q001193	Verkoopadviseur tractoren, landbouw- en grondverzetmachines
Q001194	Verkoopadviseur woninginrichting
Q001195	Coördinator woondiensten
Q001196	Manager woondiensten
Q001197	Uitgeefassistent
Q001198	Productiebegeleider uitgeverij
Q001199	Gastvrouw / gastheer uitvaartcentrum
Q001200	Medewerker uitvaartcentrum
Q001201	Constructeur voertuigbouw
Q001202	Aulamedewerker begraafplaats / crematorium
Q001203	Bedrijfsleider crematorium
Q001204	Kapitein zeevaart
Q001205	Stuurman zeevaart
Q001206	Werktuigkundige (wtk) zeevaart
Q001207	Ontwerper installatietechniek
Q001208	Bedrijfsleider / ondernemer uitvaartverzorging
Q001209	Ontwerper machines / gereedschappen
Q001210	Universitair (hoofd)docent pedagogiek
Q001211	Medewerker meldingsbureau uitvaartverzorging
Q001212	Uitvaartleider
Q001213	Universitair (hoofd)docent politicologie
Q001214	Universitair (hoofd)docent procestechnologie
Q001215	Bedrijfsleider / ondernemer afvaltransport-, inzamelingsbedrijf
Q001216	Bedrijfsleider / ondernemer autowasstraat
Q001217	Bedrijfsleider / ondernemer parkeergarage
Q001218	Bedrijfsleider / ondernemer wasserette
Q001219	Ontwerper scheepsbouw
Q001220	Ontwerper voertuigbouw
Q001221	Lichtmatroos zeevaart
Q001222	Ontwerper-constructeur installatietechniek
Q001223	Bedrijfsleider / ondernemer stomerij
Q001224	Ontwerper-constructeur pijpleidingsystemen
Q001225	Ontwerper-constructeur scheepsbouw
Q001226	Bedrijfsleider / ondernemer verkoop speelgoed
Q001227	Lichtmatroos binnenvaart, waterbouw
Q001228	Bedrijfsleider / ondernemer verkoop sport- en kampeerartikelen
Q001229	Bedrijfsleider / ondernemer verkoop telecomartikelen
Q001230	Bedrijfsleider / ondernemer verkoop textiel (stoffen)
Q001231	Bedrijfsleider / ondernemer verkoop tractoren, landbouw- en grondverzetmachines
Q001232	Bedrijfsleider / ondernemer verkoop tweedehandsartikelen
Q001233	Hoofdconstructeur installatietechniek
Q001234	Bedrijfsleider / ondernemer verkoop verf en behang
Q001235	Hoofdconstructeur pijpleidingsystemen
Q001236	Hoofdconstructeur scheepsbouw
Q001237	Bedrijfsleider / ondernemer verkoop wapens
Q001238	Universitair (hoofd)docent psychologie
Q001239	Bootsman
Q001240	Matroos binnenvaart, waterbouw
Q001241	Bedrijfsleider / ondernemer verkoop woninginrichting
Q001242	Universitair (hoofd)docent rechtswetenschappen
Q001243	Baggermeester
Q001244	Kapitein waterbouw
Q001245	Kapitein / schipper binnenvaart (zelfvarend productiematerieel)
Q001246	Verkoopspecialist antiek en kunstartikelen
Q001247	Verkoopspecialist audio- en videoapparatuur
Q001248	Verkoopspecialist autoaccessoires
Q001249	Verkoopspecialist beeld- en geluidsdragers
Q001250	Schipper hulpmaterieel waterbouw
Q001251	Verkoopspecialist boeken, tijdschriften en kantoorartikelen
Q001252	Bedrijfsleider / ondernemer verkoop woningtextiel en vloerbedekkingen
Q001253	Universitair (hoofd)docent scheikunde
Q001254	Schipper klein(schalig) stationair materieel
Q001255	Schipper stationair materieel
Q001256	Universitair (hoofd)docent sociale wetenschappen
Q001257	Universitair (hoofd)docent sociologie
Q001258	Universitair (hoofd)docent taal- en letterkunde
Q001259	Verkoopspecialist boten en jachten
Q001260	Bedrijfsleider / ondernemer verkoop zorgartikelen en -hulpmiddelen
Q001261	Verkoopspecialist bouwmarkt
Q001262	Bedrijfsleider / ondernemer videotheek
Q001263	Bedrijfsmanager detailhandel
Q001264	Rayonmanager detailhandel
Q001265	Verkoper rijdende winkel
Q001266	Commercieel medewerker binnendienst (administratief)
Q001267	Commercieel medewerker binnendienst (telefonische verkoop)
Q001268	Stortmeester waterbouw
Q001269	Vakman waterbouw
Q001270	Marshaller
Q001271	Verkoopspecialist caravans
Q001272	Universitair (hoofd)docent muziekwetenschap
Q001273	Universitair (hoofd)docent theaterwetenschap
Q001274	Verkoopspecialist computers en computerbenodigdheden
Q001275	Universitair (hoofd)docent film- en televisiewetenschap
Q001276	Commercieel technisch medewerker binnendienst
Q001277	Universitair (hoofd)docent theologie
Q001278	Universitair (hoofd)docent godsdienstwetenschappen
Q001279	Exportmedewerker binnendienst
Q001280	Verkoopspecialist cosmetica en parfums
Q001281	Exportmedewerker buitendienst
Q001282	Verkoopspecialist dameskleding
Q001283	Universitair (hoofd)docent verkeers- en vervoerskunde
Q001284	Universitair (hoofd)docent scheepsbouwkunde
Q001285	Universitair (hoofd)docent vliegtuigbouwkunde
Q001286	Verkoopspecialist dieren en dierartikelen
Q001287	Universitair (hoofd)docent werktuigbouwkunde
Q001288	Universitair (hoofd)docent wiskunde
Q001289	Universitair (hoofd)docent voeding
Q001290	Universitair (hoofd)docent communicatie
Q001291	Reclamevlieger
Q001292	Koerier auto
Q001293	Verkoopspecialist drogisterijartikelen
Q001294	Handelsagent
Q001295	Agrarisch seizoenskracht bloemen en planten
Q001296	Accountmanager chemische producten
Q001297	Accountmanager consumptiegoederen en gebruiksartikelen
Q001298	Accountmanager ict
Q001299	Verkoopspecialist fotografische artikelen
Q001300	Verkoopspecialist gedenkstenen
Q001301	Verkoopspecialist handwerkartikelen en fournituren
Q001302	Accountmanager medische producten
Q001303	Accountmanager reclame
Q001304	Verkoopspecialist herenkleding
Q001305	Accountmanager technische producten
Q001306	Accountmanager zakelijke diensten
Q001307	Hulpkracht melkveehouderij
Q001308	Hulpkracht dier- en veehouderij
Q001309	Districtsmanager verkoop buitendienst
Q001310	Hoofd verkoop binnendienst
Q001311	Hoogleraar cartografie
Q001312	Hoogleraar demografie
Q001313	Hoogleraar planologie
Q001314	Koerier motor
Q001315	Koerier brommer
Q001316	Koerier fiets
Q001317	Hoogleraar astronomie
Q001318	Hoogleraar bedrijfskunde
Q001319	Hoogleraar arbeidswetenschappen
Q001320	Medewerker landbouw
Q001321	Hoogleraar bestuurskunde
Q001322	Medewerker melkveehouderij
Q001323	Geleiderailmonteur
Q001324	Verkoopspecialist huishoudelijke artikelen en cadeauartikelen
Q001325	Hydroloog
Q001326	Wegbeheerder
Q001327	Medewerker bloemen- en plantenteelt
Q001328	Inspecteur luchtvaart
Q001329	Inspecteur scheepvaart
Q001330	Hoogleraar civiele techniek
Q001331	Medewerker fruitteelt
Q001332	Medewerker paddestoelenkwekerij
Q001333	Hoogleraar ethiek
Q001334	Hoogleraar geneeskunde algemeen
Q001335	Verkoopspecialist ijzerwaren en gereedschappen
Q001336	Verkoopspecialist juwelen en uurwerken
Q001337	Verkoopspecialist kinderkleding
Q001338	Verkoopspecialist kleding allround
Q001339	Verkoopspecialist lingerie, beenmode- en bodyfashionartikelen
Q001340	Imker
Q001341	Hoogleraar elektrotechniek
Q001342	Hoogleraar cybernetica
Q001343	Verkoopspecialist muziekinstrumenten en bladmuziek
Q001344	Hoogleraar informatica
Q001345	Verkoopspecialist naai- en breimachines
Q001346	Verkoopspecialist optiek
Q001347	Verkoopspecialist rijwielen
Q001348	Verkoopspecialist schoenen en lederwaren
Q001349	Verkoopspecialist speelgoed
Q001350	Verkoopspecialist sport- en kampeerartikelen
Q001351	Verkoopspecialist telecomartikelen
Q001352	Verkoopspecialist textiel (stoffen)
Q001353	Verkoopspecialist tweedehandsartikelen
Q001354	Verkoopspecialist verf en behang
Q001355	Verkoopspecialist zorgartikelen en -hulpmiddelen
Q001356	Afdelingsmanager slagerij supermarkt
Q001357	Afdelingsmanager supermarkt (houdbare producten)
Q001358	Afdelingsmanager versgroepen supermarkt
Q001359	Afdelingsmanager bouwmarkt
Q001360	Afdelingsmanager verkoop audio- en videoapparatuur
Q001361	Afdelingsmanager verkoop autoaccessoires
Q001362	Afdelingsmanager verkoop badkamers en sanitair
Q001363	Afdelingsmanager verkoop beeld- en geluidsdragers
Q001364	Afdelingsmanager verkoop computers en computerbenodigdheden
Q001365	Afdelingsmanager verkoop cosmetica en parfums
Q001366	Afdelingsmanager verkoop dameskleding
Q001367	Afdelingsmanager verkoop dieren en dierartikelen
Q001368	Afdelingsmanager verkoop drogisterijartikelen
Q001369	Afdelingsmanager verkoop elektrotechnische artikelen en apparaten
Q001370	Afdelingsmanager verkoop fotografische artikelen
Q001371	Afdelingsmanager verkoop herenkleding
Q001372	Afdelingsmanager verkoop huishoudelijke artikelen en cadeauartikelen
Q001373	Afdelingsmanager verkoop ijzerwaren en gereedschappen
Q001374	Afdelingsmanager verkoop juwelen en uurwerken
Q001375	Afdelingsmanager verkoop keukens
Q001376	Afdelingsmanager verkoop kinderkleding
Q001377	Afdelingsmanager verkoop kleding allround
Q001378	Afdelingsmanager verkoop lingerie, beenmode- en bodyfashionartikelen
Q001379	Afdelingsmanager verkoop parket en laminaat
Q001380	Afdelingsmanager verkoop rijwielen
Q001381	Afdelingsmanager verkoop schoenen en lederwaren
Q001382	Afdelingsmanager verkoop speelgoed
Q001383	Afdelingsmanager verkoop sport- en kampeerartikelen
Q001384	Afdelingsmanager verkoop telecomartikelen
Q001385	Afdelingsmanager verkoop textiel (stoffen)
Q001386	Afdelingsmanager verkoop verf en behang
Q001387	Afdelingsmanager verkoop woninginrichting
Q001388	Afdelingsmanager verkoop woningtextiel en vloerbedekkingen
Q001389	Afdelingsmanager verkoop zorgartikelen en -hulpmiddelen
Q001390	Verkoopleider personenauto's
Q001391	Verkoopleider tractoren, landbouw- en grondverzetmachines
Q001392	Bloemen- en plantenkweker
Q001393	Bedrijfsleider / ondernemer verkoop huishoudelijke artikelen en cadeauartikelen
Q001394	Bedrijfsleider / ondernemer verkoop juwelen en uurwerken
Q001395	Bedrijfsleider / ondernemer verkoop keukens
Q001396	Bedrijfsleider / ondernemer verkoop kinderkleding
Q001397	Bedrijfsleider / ondernemer verkoop kleding allround
Q001398	Duiker civiele onderwaterbouw (cob)
Q001399	Voorman duiker civiele onderwaterbouw (cob)
Q001400	Bedrijfsleider / ondernemer verkoop lingerie, beenmode- en bodyfashionartikelen
Q001401	Uitvoerder civiele onderwaterbouw (cob)
Q001402	Uitvoerder duikbergingsbedrijf
Q001403	Watermanager
Q001404	Consultant waterbeheer
Q001405	Bedrijfsleider / ondernemer verkoop motorfietsen
Q001406	Bedrijfsleider / ondernemer verkoop muziekinstrumenten en bladmuziek
Q001407	Bedrijfsleider / ondernemer verkoop naai- en breimachines
Q001408	Tekenaar civiele techniek
Q001409	Bedrijfsleider / ondernemer verkoop personenauto's
Q001410	Bedrijfsleider / ondernemer supermarkt
Q001411	Cad tekenaar-constructeur civiele techniek
Q001412	Bedrijfsleider / ondernemer tankstation
Q001413	Bedrijfsleider / ondernemer verkoop postzegels (filatelie) / munten
Q001414	Bedrijfsleider / ondernemer verkoop rijwielen
Q001415	Bedrijfsleider / ondernemer verkoop aardappelen, groente en fruit (agf)
Q001416	Cad tekenaar-werkvoorbereider civiele techniek
Q001417	Constructeur-ontwerper civiele techniek
Q001418	Hoogleraar bedrijfs- en consumentenwetenschappen
Q001419	Hoogleraar kunstwetenschappen
Q001420	Bedrijfsleider / ondernemer verkoop schoenen en lederwaren
Q001421	Hoogleraar landbouwwetenschappen
Q001422	Constructeur civiele techniek
Q001423	Machinist asfaltafwerkmachine
Q001424	Ontwerper civiele techniek
Q001425	Hoofd constructeur / ontwerper civiele techniek
Q001426	Adviseur civiele techniek
Q001427	Bedrijfsleider / ondernemer verkoop alcoholische dranken
Q001428	Rioolontstopper
Q001429	Rioolreiniger
Q001430	Rioleringsmedewerker
Q001431	Machinist koudfreesmachine
Q001432	Voorman rioleringsmedewerker
Q001433	Rioolreparateur
Q001434	Machinist wals
Q001435	Rioolinspecteur
Q001436	Bedrijfsleider / ondernemer rioleringsbedrijf
Q001437	Projectleider riolering
Q001438	Hoogleraar procestechnologie
Q001439	Manager riolering en waterhuishouding
Q001440	Adviseur riolering
Q001441	Machinist dozer
Q001442	Machinist dragline
Q001443	Uitvoerder grond-, weg- en waterbouw (gww)
Q001444	Bedrijfsleider / ondernemer verkoop delicatessen
Q001445	Machinist graaflaadcombinatie
Q001446	Machinist hydraulische graafmachine
Q001447	Werkvoorbereider grond-, weg- en waterbouw (gww)
Q001448	Werkvoorbereider / calculator grond-, weg- en waterbouw (gww)
Q001449	Machinist grader
Q001450	Bestekschrijver grond-, weg- en waterbouw (gww)
Q001451	Medewerker civiele techniek
Q001452	Hoofduitvoerder grond-, weg- en waterbouw (gww)
Q001453	Werkvoorbereider / projectleider grond-, weg- en waterbouw (gww)
Q001454	Bedrijfsleider / ondernemer grond-, weg- en waterbouwbedrijf (gww)
Q001455	Meewerkend voorman landbouw
Q001456	Landbouwer
Q001457	Bedrijfsleider / ondernemer verkoop reform- en natuurproducten
Q001458	Monteur grondverzet- en wegenbouwmachines
Q001459	Bedrijfsleider / ondernemer verkoop tabaks- en gemaksartikelen
Q001460	Bedrijfsleider / ondernemer verkoop vis, schaal- en weekdieren
Q001461	Monteur kranen en funderingsmachines
Q001462	Meewerkend voorman melkveehouderij
Q001463	Hoogleraar theaterwetenschap
Q001464	Melkveehouder
Q001465	Instructeur hijswerk
Q001466	Hoogleraar film- en televisiewetenschap
Q001467	Landmeter
Q001468	Bedrijfsleider / ondernemer verkoop vlees en vleeswaren
Q001469	Meewerkend voorman dier- en veehouderij
Q001470	Rundveehouder
Q001471	Meewerkend voorman bloemen- en plantenteelt
Q001472	Hoogleraar verkeers- en vervoerskunde
Q001473	Bedrijfsleider / ondernemer verkoop wild en gevogelte
Q001474	Hoogleraar scheepsbouwkunde
Q001475	Hoogleraar vliegtuigbouwkunde
Q001476	Hoogleraar werktuigbouwkunde
Q001477	Bedrijfsleider / ondernemer autoverhuurbedrijf / leasebedrijf
Q001478	Bedrijfsleider / ondernemer bouwmarkt
Q001479	Asbestverwijderaar
Q001480	Voorman sloopwerken
Q001481	Landmeetkundig binnendienst medewerker
Q001482	Bedrijfsleider / ondernemer sloopbedrijf
Q001483	Deskundig toezichthouder asbestverwijdering (dta' er)
Q001484	Springmeester gebouwen
Q001485	Dekvloerenlegger
Q001486	Projectleider landmeetkunde
Q001487	Interieurbeplanter
Q001488	Medewerker geo-informatie
Q001489	Boomverzorger
Q001490	Geo-informatiekundige
Q001491	Bedrijfsleider / ondernemer stukadoorsbedrijf
Q001492	Meewerkend voorman bloembollen
Q001493	Tuin- en landschapsarchitect
Q001494	Medewerker schaaldierenkwekerij
Q001495	Adviseur geotechniek
Q001496	Meewerkend voorman groenteteelt
Q001497	Meewerkend voorman fruitteelt
Q001498	Bedrijfsleider / ondernemer verkoop aanhangwagens
Q001499	Meewerkend voorman boomkwekerij
Q001500	Viskweker
Q001501	Bedrijfsleider / ondernemer verkoop antiek
Q001502	Bedrijfsleider / ondernemer verkoop audio- en videoapparatuur
Q001503	Meewerkend voorman paddestoelenkwekerij
Q001504	Schaaldierenkweker
Q001505	Paddestoelenkweker
Q001506	Bedrijfsleider / ondernemer verkoop autoaccessoires
Q001507	Wormenkweker
Q001508	Bedrijfsleider / ondernemer verkoop badkamers en sanitair
Q001509	Bedrijfsleider / ondernemer verkoop bedrijfsauto's
Q001510	Bedrijfsleider / ondernemer verkoop beeld- en geluidsdragers
Q001511	Begraafplaatsmedewerker
Q001512	Medewerker groenvoorziening (plantsoenen en parken)
Q001513	Bedrijfsleider / ondernemer verkoop caravans
Q001514	Informatiemanager ict
Q001515	Bedrijfsleider / ondernemer verkoop computers en computerbenodigdheden
Q001516	Greenkeeper
Q001517	Golfbaancommissaris
Q001518	Groenvoorziener (plantsoenen en parken)
Q001519	Praktijkopleider handel
Q001520	Praktijkopleider administratie
Q001521	Praktijkopleider beveiliging
Q001522	Praktijkopleider gezondheidszorg en welzijn
Q001523	Bedrijfsleider / ondernemer verkoop cosmetica en parfums
Q001524	Bedrijfsleider / ondernemer verkoop dameskleding
Q001525	Praktijkopleider uiterlijke verzorging
Q001526	Technisch onderwijsassistent (TOA)
Q001527	Decaan voortgezet onderwijs
Q001528	Bedrijfsleider / ondernemer verkoop dieren en dierartikelen
Q001529	Praktijkopleider horeca, toerisme en voeding
Q001530	Leider vormingscentrum
Q001531	Bedrijfsleider / ondernemer verkoop drogisterijartikelen
Q001532	Manager volksuniversiteit, volkshogeschool
Q001533	Leerlingbegeleider AVO
Q001534	Bedrijfsleider / ondernemer verkoop fotografische artikelen
Q001535	Bedrijfsleider / ondernemer verkoop gedenkstenen
Q001536	Bedrijfsleider / ondernemer verkoop handwerkartikelen en fournituren
Q001537	Bedrijfsleider / ondernemer verkoop herenkleding
Q001538	Algemeen directeur / bovenschoolsmanager
Q001539	Onderwijsassistent middelbaar beroepsonderwijs (BVE)
Q001540	Instructeur middelbaar beroepsonderwijs (BVE)
Q001541	Begeleider middelbaar beroepsonderwijs (BVE)
Q001542	Hoogleraar materiaalkunde
Q001543	Hoogleraar milieukunde
Q001544	Productieleider animatie
Q001545	Netwerkmarketeer
Q001546	Verkeersregelaar
Q001547	Signmaker
Q001548	Consulent wet maatschappelijke ondersteuning (wmo)
Q001549	Online marketeer
Q001550	Projectleider industriële reiniging
Q001551	Ontspanningsmasseur
Q001552	Werkvoorbereider / calculator installatietechniek
Q001553	Medewerker bloedafname
Q001554	Begeleider terminale zorg
Q001555	Commercieel medewerker binnendienst
Q001556	Procesontwerper / -beheerder
Q001557	OCE (opsporen conventionele explosieven) deskundige
Q001558	Senior OCE (opsporen conventionele explosieven) deskundige
Q001559	Projectassistent
Q001560	Promotiemedewerker
Q001561	Neuropsycholoog
Q001562	Business analist
Q001563	Deskundige asbestsanering
Q001564	Productieleider assemblage
Q001565	Subsidie adviseur
Q001566	Programmamanager
Q001567	Machinist cleaner vacuümwagen
Q001568	Tropenarts
Q001569	Uitvoerder werktuigbouw
Q001570	BI (business intelligence) Consultant
Q001571	Business consultant
Q001572	Hoofduitvoerder werktuigbouw
Q001573	Change- en releasemanager
Q001574	Regulatory affairs officer
Q001575	Medewerker operationeel verkeersmanagement
Q001576	Commissaris van de Koning
Q001577	Database ontwikkelaar
Q001578	Datamanager
Q001579	Vertrouwenspersoon
Q001580	Veiligheidskundige
Q001581	Maintenance engineer
Q001582	Specialist ouderengeneeskunde
Q001583	Intensive care arts
Q001584	Basispsycholoog
Q001585	Veiligheidsadviseur gevaarlijke stoffen
Q001586	Instructeur gevaarlijke stoffen
Q001587	Gasmeetkundige
Q001588	Projectmanager
Q001589	Business projectleider
Q001590	Personeelsplanner
Q001591	Technisch hartstimulatie specialist
Q001592	EMVI schrijver
Q001593	Bewindvoerder
Q001594	Hoofd operatiekamer
Q001595	Logistiek administratief medewerker
Q001596	Tolk Perzisch
Q001597	Medewerker bedrijfsbureau
Q001598	Tolk Pasjtoe
Q001599	Tolk Somalisch
Q001600	Tolk Mandarijn
Q001601	Tolk Hindi
Q001602	Tolk Bengaals
Q001603	Tolk Swahili
Q001604	Tolk Urdu
Q001605	Docent Perzisch (1e graads)
Q001606	Molenaar
Q001607	Software ontwikkelaar
Q001608	Verslavingsarts
Q001609	Software ontwerper
Q001610	Arts maatschappij en gezondheid
Q001611	Praktijkondersteuner huisarts somatiek (poh-s)
Q001612	Praktijkondersteuner huisarts GGZ (poh-ggz)
Q001613	Bestuurssecretaris
Q001614	Maag, darm, lever arts (MDL)
Q001615	Klinisch neuropsycholoog
Q001616	Verpleegkundig specialist
Q001617	Internet research specialist
Q001618	DBC/EPD adviseur
Q001619	Drone piloot
Q001620	Monteur industriële automatisering
Q001621	Arts beleid en advies
Q001622	Arts sociaal medische indicatiestelling en advisering
Q001623	Arts infectieziektebestrijding
Q001624	Arts medische milieukunde
Q001625	Donorarts
Q001626	Deskundige infectiepreventie
Q001627	Ziekenhuisarts
Q001628	Intensive care kinderverpleegkundige
Q001629	Praktijkondersteuner bedrijfsarts (POB)
Q001630	BIM modelleur
Q001631	Pijnverpleegkundige
Q001632	Kwaliteitsmeester trawlvisserij
Q001633	Ploegbaas trawlvisserij
Q001634	Pedagogisch medewerker kinderopvang
Q001635	Medewerker fabriek trawlvisserij
Q001636	Schipper-werktuigkundige stationair materieel
Q001637	Eindredacteur
Q001638	Kinderoncologieverpleegkundige
Q001639	Dementieverpleegkundige
Q001640	Contractmanager grond-, weg- en waterbouw (gww)
Q001641	Pedagogisch beleidsmedewerker kinderopvang
Q001642	Wetenschappelijk onderzoeker archeologie
Q001643	Inbedrijfsteller installaties / machines
Q001644	Monteur mechanische werken spoorwegen
Q001645	Motorfietstechnicus
Q001646	Autotechnicus
Q001647	Steigerbouwer
Q001648	Monteur witgoedapparaten
Q001649	Mouldroomtechnicus
Q001650	Museumgids
Q001651	Muziekbibliothecaris
Q001652	Financieel-administratief medewerker
Q001653	Natuursteenbewerker
Q001654	Nettenknoper
Q001655	Netwerkbeheerder (hoger)
Q001656	Netwerkbeheerder (middelbaar)
Q001657	Notaris
Q001658	Eerste medewerker bediening horeca
Q001659	Octrooigemachtigde
Q001660	Oefentherapeut Cesar
Q001661	Oefentherapeut Mensendieck
Q001662	Officier van justitie
Q001663	Offsetdrukker
Q001664	Omsteller cokesbereiding
Q001665	Onderhoudsmedewerker recreatievoorzieningen
Q001666	Onderhoudsmedewerker gebouwen
Q001667	Onderhoudsschilder
Q001668	Bedrijfsarts
Q001669	Woninginrichter
Q001670	Onderwijsassistent
Q001671	Inspecteur onderwijsinspectie
Q001672	Onderwijskundig medewerker ontwikkelen les- en cursusmateriaal
Q001673	Onderwijskundige
Q001674	Constructeur-ontwerper bouwkunde
Q001675	Operatieassistent
Q001676	Operator smelten erts, staal, non-ferro
Q001677	Opleidingsadviseur cursusinstituut
Q001678	Opsporingsambtenaar sociale voorzieningen (binnendienst)
Q001679	Opticien
Q001680	Optiekslijper brillen
Q001681	Opzichter bouw
Q001682	Opzichter weg- en waterbouw
Q001683	Orderbegeleider
Q001684	Orgelman
Q001685	Orthodontist
Q001686	Orthopedagoog
Q001687	Orthopedisch modelmaker en maatnemer
Q001688	Orthopedisch schoenmaker
Q001689	Orthoptist
Q001690	Osteopaat
Q001691	Paardenhouder
Q001692	Pannenlegger
Q001693	Parkeercontroleur
Q001694	Parketvloerlegger
Q001695	Particulier chauffeur
Q001696	Patroonmaker confectie
Q001697	Patroontekenaar schoeisel
Q001698	Pedagoog
Q001699	Voetverzorger
Q001700	Pelsdierenhouder
Q001701	Penitentiair inrichtingswerker
Q001702	Perser / strijker
Q001703	Personeelsfunctionaris
Q001704	Personeelsmedewerker
Q001705	Isolatieplaatwerker
Q001706	Bedrijfsleider / ondernemer binderij
Q001707	Planoloog
Q001708	Pluimveehouder
Q001709	Poelier
Q001710	Polismaker, -controleur
Q001711	Horecaportier
Q001712	Postbesteller koeriersdienst
Q001713	Postbode
Q001714	Praktijkopleider agrarisch
Q001715	Praktijkopleider algemeen
Q001716	Praktijkopleider bouw
Q001717	Praktijkopleider elektro
Q001718	Praktijkopleider grafische industrie
Q001719	Praktijkopleider metaalindustrie
Q001720	Praktijkopleider textielindustrie
Q001721	Praktijkopleider transport
Q001722	Predikant
Q001723	Preparateur dieren
Q001724	Presentator
Q001725	Priester
Q001726	PR-medewerker
Q001727	Bedrijfsleider / ondernemer drukkerij
Q001728	Productiemedewerker
Q001729	Bedrijfsleider / ondernemer drukvoorbereidingsbedrijf
Q001730	Productieplanner
Q001731	Productmanager
Q001732	Proefdierverzorger
Q001733	Bouwkundig projectleider
Q001734	Psychotherapeut
Q001735	Purser (luchtvaart)
Q001736	Raadadviseur
Q001737	Rabbijn
Q001738	Radiograaf
Q001739	Radiotelegrafist
Q001740	Radiotherapeutisch laborant
Q001741	Metalen ramen-, deuren-, kozijnen-, trappenmaker
Q001742	Rangeerder
Q001743	Rayonleider schoonmaak
Q001744	Receptionist
Q001745	Rechter
Q001746	Reclasseringswerker
Q001747	Recreatiebegeleider
Q001748	Rector school voor voortgezet onderwijs
Q001749	Recyclingmedewerker
Q001750	Regisseur film
Q001751	Regisseur radio
Q001752	Regisseur televisie
Q001753	Reisbegeleider
Q001754	Reisadviseur
Q001755	Bedrijfsleider / ondernemer fabricage elektrotechnische apparaten
Q001756	Reserveringsmedewerker reisorganisatie
Q001757	Remedial teacher
Q001758	Rentmeester onroerend goed
Q001759	Restauratietimmerman
Q001760	Restaurator schilderijen
Q001761	Restaurator boeken
Q001762	Rietdekker
Q001763	Rotanmeubelmaker
Q001764	Rietwerker
Q001765	Rijexaminator
Q001766	Rijinstructeur
Q001767	Rijschoolhouder
Q001768	Manager rooms division
Q001769	Salesmanager
Q001770	Monteur plastic artikelen
Q001771	Assemblagetechnicus voertuigen
Q001772	Bedrijfsleider / ondernemer fotolaboratorium
Q001773	Saunamedewerker
Q001774	Schaaldierenpeller
Q001775	Schapenhouder
Q001776	Schapenscheerder
Q001777	Scheepsarts
Q001778	Scheepskok
Q001779	Scheepsplaatwerker
Q001780	Scheepspurser
Q001781	Scheepsschilder
Q001782	Scheepstimmerman
Q001783	Scheepvaartmeester
Q001784	Scheidsrechter
Q001785	Schoolleider speciaal onderwijs (niet lesgevend)
Q001786	Schoonheidsspecialist
Q001787	Schoonmaker
Q001788	Schoonmaker laboratoriummateriaal en -glaswerk
Q001789	Productreiniger industrie
Q001790	Productieleider glasbewerken
Q001791	Schoorsteenveger
Q001792	Schrijver
Q001793	Secretariaatsmedewerker
Q001794	Sjouwer
Q001795	Bedrijfsleider / ondernemer instrumentenmakerij
Q001796	Slager
Q001797	Conventioneel slijper
Q001798	Sloper bouw
Q001799	Slotenmaker
Q001800	Sluiswachter
Q001801	Smeerder
Q001802	Smid
Q001803	Snackbarbediende
Q001804	Sociaal consulent gehandicapten
Q001805	Sociaal raadsman
Q001806	Sociaal rechercheur
Q001807	Sociaal-psychiatrisch verpleegkundige
Q001808	Soldeerder
Q001809	Sondeerder
Q001810	Sonoloog
Q001811	Souffleur theater
Q001812	Spuiter
Q001813	Verkoper huis aan huis
Q001814	Staladviseur
Q001815	Standaardbinder
Q001816	Standbouwer
Q001817	Verpakkingsoperator stanstechniek grafisch
Q001818	Statistisch analist
Q001819	Statistisch medewerker
Q001820	Stedenbouwkundig tekenaar
Q001821	Steenhouwer
Q001822	Bedrijfsleider metaalproducten
Q001823	Steward bus, touringcar
Q001824	Steward passagiersschip
Q001825	Steward luchtvaart
Q001826	Straatmaker
Q001827	Studieadviseur / studentendecaan
Q001828	Stukadoor
Q001829	Supervisor / docentenbegeleider
Q001830	Suppoost museum
Q001831	Systeembeheerder (hoger)
Q001832	Systeembeheerder (middelbaar)
Q001833	Tandarts
Q001834	Tandartsassistent
Q001835	Tandtechnicus
Q001836	Tapwacht
Q001837	Taxateur onroerend goed
Q001838	Taxichauffeur
Q001839	Technisch correspondent
Q001840	Technisch voorlichter alarmcentrale
Q001841	Tegelzetter
Q001842	Telecommunicatiemanager
Q001843	Telemarketeer
Q001844	Telefonist
Q001845	Terreinmeester
Q001846	Textielopmaker
Q001847	Theateragent
Q001848	Thesaurusbeheerder
Q001849	Timmerman B&U
Q001850	Betontimmerman
Q001851	Toekomstvoorspeller
Q001852	Toeristisch gids
Q001853	Medewerker toeristische informatie
Q001854	Controleur ijkwet
Q001855	Tolk gebarentaal
Q001856	Toolpusher
Q001857	Touringcarchauffeur binnenland
Q001858	Touringcarchauffeur buitenland
Q001859	Tractorchauffeur
Q001860	Trambestuurder
Q001861	Treasurer
Q001862	Typist / tekstverwerker
Q001863	Uitbener
Q001864	Uitgaafbinder
Q001865	Medewerker cultuurtechniek (buitendienst)
Q001866	Vakkracht opticienbedrijf
Q001867	Vakman grond-, weg- en waterbouw (gww)
Q001868	Varkenshouder
Q001869	Veehandelaar
Q001870	Veenarbeider
Q001871	Veepedicure
Q001872	Veeverloskundige
Q001873	Veiligheidskundige (adviserend)
Q001874	Vellenbewerker (grafisch)
Q001875	Papierveredelaar grafisch
Q001876	Verhuizer
Q001877	Verkeersinspecteur
Q001878	Verkeersplanoloog
Q001879	Verkeersvlieger
Q001880	Bedrijfsleider / ondernemer tegelzettersbedrijf
Q001881	Verkoopmedewerker binnendienst
Q001882	Bedrijfsleider (tevens kok) café-restaurant
Q001883	Verkoopmedewerker groothandel
Q001884	Verkoopmedewerker tankstation
Q001885	Verkoopmedewerker antiek en kunstartikelen
Q001886	Verkoopmedewerker audio- en videoapparatuur
Q001887	Verkoopmedewerker boeken, tijdschriften en kantoorartikelen
Q001888	Verkoopmedewerker brood, banket, chocolade en suikerwaren
Q001889	Verkoopmedewerker computers en computerbenodigdheden
Q001890	Verkoopmedewerker cosmetica en parfums
Q001891	Verkoopmedewerker dieren en dierartikelen
Q001892	Verkoopmedewerker doe-het-zelf zaak
Q001893	Verkoopmedewerker drogisterij
Q001894	Verkoopmedewerker huishoudelijke artikelen speelgoed en cadeauartikelen
Q001895	Verkoopmedewerker juwelen en uurwerken
Q001896	Verkoper kleding
Q001897	Verkoopmedewerker kaas- en zuivelproducten
Q001898	Verkoopmedewerker muziekinstrumenten en bladmuziek
Q001899	Verkoopmedewerker optiek
Q001900	Verkoopmedewerker rijwielen
Q001901	Verkoopmedewerker schoenen en lederwaren
Q001902	Verkoopmedewerker sport- en kampeerartikelen
Q001903	Verkoper supermarkt
Q001904	Verkoper vlees en vleeswaren
Q001905	Verkoper woninginrichting
Q001906	Verloskundige
Q001907	Verpleeghulp
Q001908	Verpleegkundige A
Q001909	Verpleegkundige orthopedie
Q001910	Verpleegkundige urologie
Q001911	Vertegenwoordiger agrarische producten
Q001912	Vertegenwoordiger chemische producten
Q001913	Verzorgende thuiszorg
Q001914	Veterinair patholoog
Q001915	Visagist
Q001916	Visbewerker
Q001917	Vliegtuigelektrotechnicus
Q001918	Vliegtuigrompenbouwer
Q001919	Vloerenafwerker
Q001920	Voedingsassistent
Q001921	Voedingsdeskundige (voorlichten)
Q001922	Voeger
Q001923	Voertuigbekleder
Q001924	Vogelhouder
Q001925	Voorman binderij
Q001926	Voorman dakdekker
Q001927	Voorman metselaar
Q001928	Voorman stukadoor
Q001929	Voorman tegelzetter
Q001930	Voorman timmerfabriek
Q001931	Voorman drukkerij
Q001932	Voorraadadministrateur
Q001933	Voorzitter adviesorgaan (overheid)
Q001934	Voorzitter product-, bedrijfsschap
Q001935	Verpakkingsoperator vouwplaktechniek
Q001936	Vrachtwagenchauffeur binnenland
Q001937	Vrachtwagenchauffeur buitenland
Q001938	Walschipper binnenvaart
Q001939	Wasserijmedewerker
Q001940	Waterklerk
Q001941	Watertechnisch installateur
Q001942	Wegenwacht
Q001943	Weger
Q001944	Wegmarkeerder
Q001945	Werkplaatstimmerman
Q001946	Wetenschappelijk onderzoeker cartografie
Q001947	Wetenschappelijk onderzoeker economie
Q001948	Wetenschappelijk onderzoeker elektrotechniek
Q001949	Wetenschappelijk onderzoeker farmacie
Q001950	Wetenschappelijk onderzoeker materiaalkunde
Q001951	Wetenschappelijk onderzoeker pedagogiek
Q001952	Wetenschappelijk onderzoeker tandheelkunde
Q001953	Wetenschappelijk onderzoeker vliegtuigbouwkunde
Q001954	Wetenschappelijk onderzoeker voeding
Q001955	Wetenschappelijk onderzoeker wiskunde
Q001956	Wijkverpleegkundige
Q001957	Gezinsverzorgende in de thuiszorg
Q001958	Winkelassistent
Q001959	Yogaleraar
Q001960	Zanddelver
Q001961	Zeefdrukker
Q001962	Ziekenhuisapotheker
Q001963	Zoölogisch analist
Q001964	Verzorgende instelling
Q001965	Zwembadmedewerker
Q001966	Zwemonderwijzer
Q001967	Bedrijfsleider wasserij
Q001968	Administratief medewerker magazijn
Q001969	Bedrijfsvoorlichter agrarische bedrijfsvoering
Q001970	Beeldhouwer
Q001971	Beeldtechnicus
Q001972	Administratief-juridisch medewerker
Q001973	Behanger
Q001974	Beheerder bos- en natuurterreinen
Q001975	Beheerder buurthuis
Q001976	Beheerder medisch archief
Q001977	Helpende instelling
Q001978	Belastingadviseur
Q001979	Belastingassistent
Q001980	Beleggingsanalist
Q001981	Beleidscoördinator emancipatiezaken
Q001982	Beleidsmedewerker agrarische zaken
Q001983	Administratief medewerker postverwerking
Q001984	Beleidsmedewerker documentatie, bibliotheek, informatievoorziening
Q001985	Beleidsmedewerker economische zaken
Q001986	Beleidsmedewerker fiscale zaken
Q001987	Beleidsmedewerker milieu
Q001988	Beleidsmedewerker onderwijs
Q001989	Beleidsmedewerker planologie en volkshuisvesting
Q001990	Administratief medewerker uitkeringsinstantie (sociale verzekeringen)
Q001991	Beleidsmedewerker volksgezondheid
Q001992	Bergingsduiker
Q001993	Administratief medewerker verzekeringen
Q001994	Beroepssporter
Q001995	Bestekschrijver bouw
Q001996	Bestekzoeker
Q001997	Bestrijder ongedierte
Q001998	Bestuurder sportbond
Q001999	Bestuurder werkgevers-, werknemersorganisatie
Q002000	Betonmolenbaas
Q002001	Betonmolenbaas weg- en waterbouw
Q002002	Betonningsmedewerker
Q002003	Betontechnoloog
Q002004	Lokaalassistent
Q002005	Dieselmotortechnicus schepen
Q002006	Restauratieschilder
Q002007	Voetbalsteward
Q002008	Reïntegratiedeskundige
Q002009	Bestuurskundige
Q002010	Databasebeheerder (hoger)
Q002011	Commercieel medewerker
Q002012	Klinisch-chemisch ingenieur
Q002013	Informatieanalist
Q002014	Monteur elektriciteitsnetten
Q002015	Baliemedewerker
Q002016	Sociaal dienstverlener
Q002017	Systeemontwikkelaar ict
Q002018	Samensteller instrumenten
Q002019	Laboreerder munitiesamensteller
Q002020	Tolk Arabisch
Q002021	Tolk Chinees
Q002022	Tolk Duits
Q002023	Tolk Engels
Q002024	Tolk Frans
Q002025	Tolk Nieuw-Grieks
Q002026	Tolk Italiaans
Q002027	Tolk Marokkaans
Q002028	Tolk Portugees
Q002029	Tolk Spaans
Q002030	Tolk Turks
Q002031	Tolk Scandinavische talen
Q002032	Administrateur
Q002033	Zaadteler
Q002034	Schoonmaker gebouwen/kantoren
Q002035	Beveiligingsbeambte
Q002036	Bewaarder hypotheken, kadaster, scheepsbewijzen
Q002037	Bezorger kranten, folders, tijdschriften
Q002038	Bibliothecaris
Q002039	Advertentie- en reclameacquisiteur
Q002040	Bijrijder
Q002041	Binnenhuisarchitect
Q002042	Schipper binnenvaart
Q002043	Bloembinder
Q002044	Bloembollenkweker
Q002045	Boekhouder
Q002046	Boekhoudkundig medewerker
Q002047	Bookmaker
Q002048	Boomchirurg
Q002049	Boomkweker
Q002050	Boorder metaal
Q002051	Boordwerktuigkundige vliegtuig
Q002052	Boorspoelingscontroleur
Q002053	Rig designer
Q002054	Boorwerker
Q002055	Borstelmaker machinaal
Q002056	Boswachter
Q002057	Advocaat
Q002058	Bouwfysicus
Q002059	Bouwkundig inspecteur
Q002060	Tekenaar bouwkunde
Q002061	Werkvoorbereider bouw
Q002062	Bouwtimmerman
Q002063	Brocheerder
Q002064	Brugwachter
Q002065	Butler
Q002066	Cabaretier
Q002067	Caddie
Q002068	Caissière detailhandel
Q002069	Kassahulp
Q002070	Caravanhersteller
Q002071	Cargadoor
Q002072	Carrosseriebouwer (metaal)
Q002073	Cartograaf
Q002074	Cartografisch tekenaar
Q002075	Castreur
Q002076	Chauffeur bestelauto
Q002077	Chauffeur vervoer gevaarlijke stoffen
Q002078	Chauffeur informatiebus
Q002079	Chauffeur vuilniswagen
Q002080	Chef de partie
Q002081	Chef-kok klein restaurant
Q002082	Chiropractor
Q002083	Chirurgisch instrumentmaker
Q002084	Choreograaf
Q002085	Circusartiest
Q002086	CNC-programmeur
Q002087	Commercieel administratief medewerker inkoop
Q002088	Commercieel administratief medewerker verkoop
Q002089	Commies belastingdienst
Q002090	Computeroperator
Q002091	Concertmeester
Q002092	Conciërge
Q002093	Conducteur
Q002094	Congrestolk
Q002095	Conservator
Q002096	Constructeur kernreactortechniek
Q002097	Constructeur machines / gereedschappen
Q002098	Constructeur pijpleidingsystemen
Q002099	Constructeur scheepsbouw
Q002100	Constructeur vliegtuigbouw
Q002101	Aan-/afvoermedewerker (productie)
Q002102	Docent accountancy
Q002103	Docent antropologie
Q002104	Docent Arabisch (2e graads)
Q002105	Docent bank- en verzekeringswezen
Q002106	Docent belastingswetenschappen
Q002107	Docent bestuurskunde
Q002108	Docent bosbouwkunde (1e graads)
Q002109	Docent brandweervakken
Q002110	Docent dans
Q002111	Docent geologie
Q002112	Docent glasbewerken
Q002113	Docent journalistiek
Q002114	Docent laboratoriumtechniek
Q002115	Docent landmeetkunde
Q002116	Docent lassen (2e graads)
Q002117	Docent logistiek
Q002118	Docent marketing
Q002119	Docent notariële wetenschappen
Q002120	Docent schoenmaken (2e graads)
Q002121	Docent sociologie
Q002122	Docent Turks (1e graads)
Q002123	Docent verkeers- en vervoerskunde
Q002124	Docent vliegtuigbouwkunde (2e graads)
Q002125	Kitter
Q002126	Lederwarenmaker
Q002127	Medewerker schoenherstellerij
Q002128	Monteur elektrische railvoertuigen
Q002129	Constructieschilder
Q002130	Arbeidsbemiddelaar arbeidsbureau
Q002131	Consulent complementaire sociale voorzieningen
Q002132	Gezondheidsvoorlichtings- en opvoedings-(gvo-)consulent
Q002133	Consulent landelijk orgaan beroepsonderwijs
Q002134	Contactlenzenslijper
Q002135	Controleur buitendienst sociale verzekeringen
Q002136	Inspecteur waterleidingbedrijf
Q002137	Controleur metaalproducten
Q002138	Controleur openbaar vervoer
Q002139	Controleur schoeisel
Q002140	Controleur machines / voertuigen
Q002141	Controller
Q002142	Conventioneel voorbereider
Q002143	Coördinator onderwijsinstelling
Q002144	Copywriter
Q002145	Corrector
Q002146	Correspondent vreemde talen
Q002147	CPA-verpleegkundige / centralist
Q002148	Creatief therapeut
Q002149	Croupier
Q002150	Cultuurtechnicus
Q002151	Cursistenbegeleider
Q002152	Cursuscoördinator
Q002153	Dakdekker
Q002154	Darmenbewerker
Q002155	Databasebeheerder (middelbaar)
Q002156	Decoratieschilder
Q002157	Decorbouwer
Q002158	Decorschilder
Q002159	Decorontwerper
Q002160	Degelpersdrukker
Q002161	Delfstoffenbewerker
Q002162	Dessinontwerper
Q002163	Dialyseverpleegkundige
Q002164	Dieetkok
Q002165	Diepdrukker
Q002166	Dierenarts
Q002167	Dierenartsassistent
Q002168	Dierenartsenbezoeker
Q002169	Dierenverzorger
Q002170	Dierenverzorger dierentuin / wildpark
Q002171	Dierenverzorger transport
Q002172	Diëtist
Q002173	Dijkgraaf
Q002174	Dirigent koor
Q002175	Dirigent orkest
Q002176	Diskjockey
Q002177	Docent aardrijkskunde (1e graads)
Q002178	Docent aardrijkskunde (2e graads)
Q002179	Docent algemene economie (1e graads)
Q002180	Docent algemene economie (2e graads)
Q002181	Docent Arabisch (1e graads)
Q002182	Docent basiseducatie
Q002183	Docent bedrijfseconomie (1e graads)
Q002184	Docent bedrijfseconomie (2e graads)
Q002185	Docent beeldende vorming
Q002186	Docent beschermings- en afwerkingstechnieken (2e graads)
Q002187	Docent biologie (1e graads)
Q002188	Docent biologie (2e graads)
Q002189	Docent bloemsierkunst
Q002190	Docent bouwkunde (2e graads)
Q002191	Docent verkooptechniek
Q002192	Docent consumptieve techniek (2e graads)
Q002193	Docent drama
Q002194	Docent Duits (1e graads)
Q002195	Docent Duits (2e graads)
Q002196	Docent elektrotechniek (2e graads)
Q002197	Docent Engels (1e graads)
Q002198	Docent Engels (2e graads)
Q002199	Docent Esperanto (2e graads)
Q002200	Docent expressievakken
Q002201	Docent filosofie (1e graads)
Q002202	Docent Frans (1e graads)
Q002203	Docent Frans (2e graads)
Q002204	Docent Fries (1e graads)
Q002205	Docent Fries (2e graads)
Q002206	Docent fysiotherapie
Q002207	Docent geschiedenis (1e graads)
Q002208	Docent geschiedenis (2e graads)
Q002209	Docent godsdienst (1e graads)
Q002210	Docent godsdienst (2e graads)
Q002211	Docent grafische techniek (2e graads)
Q002212	Docent handvaardigheid (1e graads)
Q002213	Docent handvaardigheid (2e graads)
Q002214	Docent Hebreeuws (1e graads)
Q002215	Docent houtbewerkingstechnieken (2e graads)
Q002216	Docent installatietechniek (2e graads)
Q002217	Docent Italiaans (1e graads)
Q002218	Docent Italiaans (2e graads)
Q002219	Docent kappersvak
Q002220	Docent kinderverzorging en opvoeding (2e graads)
Q002221	Docent klassieke talen (1e graads)
Q002222	Docent levensmiddelentechnologie (2e graads)
Q002223	Docent lichamelijke opvoeding (1e graads)
Q002224	Docent logopedie
Q002225	Docent maatschappijleer (1e graads)
Q002226	Docent maatschappijleer (2e graads)
Q002227	Docent mechanische techniek (2e graads)
Q002228	Docent medische vakken
Q002229	Docent milieukunde
Q002230	Docent motorvoertuigentechniek (2e graads)
Q002231	Docent muziek (1e graads)
Q002232	Docent natuurkunde (1e graads)
Q002233	Docent natuurkunde (2e graads)
Q002234	Docent Nederlands (1e graads)
Q002235	Docent Nederlands (2e graads)
Q002236	Docent Nederlands als tweede taal
Q002237	Docent pedagogiek (1e graads)
Q002238	Docent pedagogiek (2e graads)
Q002239	Docent politievakken
Q002240	Docent procestechniek (2e graads)
Q002241	Docent psychologie
Q002242	Docent recht
Q002243	Docent Russisch (1e graads)
Q002244	Docent Russisch (2e graads)
Q002245	Docent scheikunde (1e graads)
Q002246	Docent scheikunde (2e graads)
Q002247	Docent schoonheidsverzorging
Q002248	Docent secretariële vakken
Q002249	Docent Spaans (1e graads)
Q002250	Docent Spaans (2e graads)
Q002251	Docent techniek (2e graads)
Q002252	Docent tekenen (1e graads)
Q002253	Docent tekenen (2e graads)
Q002254	Docent textiele werkvormen (1e graads)
Q002255	Docent textiele werkvormen (2e graads)
Q002256	Docent toerisme en recreatie
Q002257	Docent tuin en landschap (2e graads)
Q002258	Docent Turks (2e graads)
Q002259	Docent veehouderij (2e graads)
Q002260	Docent verpleegkunde (2e graads)
Q002261	Docent verzorging / gezondheidskunde (2e graads)
Q002262	Docent verzorging / huishoudkunde (2e graads)
Q002263	Docent werktuigbouwkunde (2e graads)
Q002264	Docent wiskunde (1e graads)
Q002265	Docent wiskunde (2e graads)
Q002266	Documentalist
Q002267	Documentcontroleur bankbedrijf
Q002268	Dokmeester
Q002269	Doktersassistent
Q002270	Douaneambtenaar
Q002271	Dramaturg
Q002272	Driller on- en offshore
Q002273	Drilling engineer
Q002274	Drukvormvervaardiger
Q002275	Economisch adviseur
Q002276	Eerste verkoopmedewerker kleding
Q002277	Eerste verkoopmedewerker supermarkt
Q002278	Elektronisch voorbereider (grafisch)
Q002279	Enquêteur
Q002280	Ergonoom
Q002281	Ergotherapeut
Q002282	Etaleur / decorateur
Q002283	Eurithmietherapeut
Q002284	Expediteur
Q002285	Expeditiemedewerker
Q002286	Facturist
Q002287	Fijnbankwerker
Q002288	Filmoperateur bioscoop
Q002289	Fitnesstrainer
Q002290	Flexodrukker
Q002291	Food and beverage manager
Q002292	Fotograaf
Q002293	Fotografisch vormgever
Q002294	Fotogrammeter
Q002295	Fotolaborant
Q002296	Fotolaboratoriumbediende
Q002297	Fotomodel
Q002298	Framebouwer rijwielframes
Q002299	Conventioneel frezer
Q002300	Functieanalist
Q002301	Fysiotherapeut
Q002302	Fysiotherapieassistent
Q002303	Galvaniseur
Q002304	Gasstationscontroleur
Q002305	Gastechnisch opzichter
Q002306	Geodeet
Q002307	Afslager
Q002308	Gerechtsdeurwaarder
Q002309	Gerechtssecretaris
Q002310	Gereedschapsmaker
Q002311	Geriatrisch verpleegkundige
Q002312	Helpende thuiszorg
Q002313	GG- en GD-verpleegkundige
Q002314	Gidsenschrijver
Q002315	Gipsverbandmeester
Q002316	Glasblazer
Q002317	Glasetser
Q002318	Glaszetter
Q002319	Glaskunstenaar
Q002320	Glazenwasser
Q002321	Grafkistenmaker
Q002322	Grafoloog
Q002323	Griffier rechtbank
Q002324	Grimeur
Q002325	Grinddelver
Q002326	Leider kinderopvang
Q002327	Grondsteward
Q002328	Handelscorrespondent
Q002329	Haptotherapeut
Q002330	Havenwerker
Q002331	Headhunter
Q002332	Heffingsambtenaar (gemeentebelastingen)
Q002333	Heftruckchauffeur
Q002334	Heibaas
Q002335	Heier
Q002336	Helikoptervlieger
Q002337	Helpdeskmedewerker
Q002338	Hoefsmid
Q002339	Hoekman
Q002340	Homeopaat
Q002341	Hondentrimmer
Q002342	Hondenuitlater
Q002343	Hoofd administratie
Q002344	Akoestisch adviseur
Q002345	Hoofd afdeling volksgezondheid
Q002346	Alfahulp
Q002347	Hoofd algemene zaken
Q002348	Hoofd kraamzorg
Q002349	Hoofd onderzoek
Q002350	Hoofd productietechnologie
Q002351	Account executive reclame
Q002352	Hoofdredacteur
Q002353	Hoofduitvoerder bouw
Q002354	Hoofdverpleegkundige algemeen ziekenhuis
Q002355	Hoofdverpleegkundige verstandelijk gehandicaptenzorg
Q002356	Hoogdrukker
Q002357	Ambulancechauffeur
Q002358	Ambulanceverpleegkundige
Q002359	Apotheker
Q002360	Apotheker farmaceutische industrie
Q002361	Apothekersassistent
Q002362	Arbeids- en organisatiepsycholoog
Q002363	Arbeidsanalist
Q002364	Arbeidshygiënist
Q002365	Acteur
Q002366	Arbeidstherapeut
Q002367	Arbocoördinator
Q002368	Hortulanus
Q002369	Host / hostess felicitatiedienst
Q002370	Houttechnoloog
Q002371	Houtvester
Q002372	Hovenier
Q002373	Huidtherapeut
Q002374	Huisarts
Q002375	Archiefmedewerker
Q002376	Huishoudkundig consulent
Q002377	Huiswerkbegeleider
Q002378	Hulparbeider grondwerk
Q002379	Assistent-autotechnicus
Q002380	Hulzen- en bekermaker
Q002381	Hydrograaf
Q002382	Keuringsmedewerker meet- en weeginstrumenten
Q002383	Archiefmedewerker museum
Q002384	Illustrator
Q002385	Imam
Q002386	Impresario
Q002387	Industrieschilder
Q002388	Bouwkundig architect
Q002389	Architectonisch vormgever
Q002390	Ingenieur gezondheidstechniek
Q002391	Inkoper
Q002392	Archivaris
Q002393	Assistent inkoper
Q002394	Inpakker handmatig
Q002395	Inpakker machinaal (productie)
Q002396	Art director reclame
Q002397	Arts jeugdgezondheidszorg
Q002398	Inspecteur belastingen
Q002399	Insteller houtbewerkingsmachines
Q002400	Instellingskok
Q002401	EHBO-instructeur
Q002402	Arts sociaal-medische dienst
Q002403	Instructeur mobiliteit blinden
Q002404	Instructeur verkeersdienstsimulator
Q002405	Artsenbezoeker
Q002406	Intensive care verpleegkundige
Q002407	Intercedent
Q002408	Interieurtekenaar
Q002409	Isoleerder akoestisch
Q002410	Isoleerder pijpen
Q002411	Jeugdbibliothecaris
Q002412	Jeugd-jongerenwerker
Q002413	Journalist
Q002414	Juwelier
Q002415	Kandidaat-notaris
Q002416	Kantoorassistent
Q002417	Kantoormachinemonteur
Q002418	Assistent-sociaal raadsman
Q002419	Assistent-accountant
Q002420	Kassamedewerker recreatie, cultuur en evenementen
Q002421	Medewerker bediening horeca
Q002422	Kennelhouder
Q002423	Kennistechnoloog
Q002424	Keramisch vormgever
Q002425	Keukenassistent
Q002426	Controleur elektronische apparaten en onderdelen
Q002427	Keurmeester rundveestamboek
Q002428	Keurmeester van vee en vlees
Q002429	Kinderverpleegkundige
Q002430	Klaarmeester
Q002431	Klassenassistent
Q002432	Kleedster
Q002433	Kleidelver
Q002434	Assistent-marktonderzoeker
Q002435	Klinisch chemicus
Q002436	Klinisch fysicus
Q002437	Klinisch psycholoog
Q002438	Klompenmaker
Q002439	Koeltechnisch monteur
Q002440	Basiskok
Q002441	Koperslager
Q002442	Koster
Q002443	Kraamverpleegkundige
Q002444	Kredietbeoordelaar
Q002445	Kristalslijper
Q002446	Kuiper
Q002447	Kunstgaleriehouder
Q002448	Kunsthistoricus
Q002449	Kunstschilder
Q002450	Kunststof deuren,- ramen- en kozijnenmaker
Q002451	Kunsttekenaar
Q002452	Kwaliteitszorgmedewerker (grafisch)
Q002453	Laborant klinische neurofysiologie
Q002454	Landbouwconsulent
Q002455	Monteur landbouwmachines
Q002456	Landbouwmachinist
Q002457	Lasertechnoloog
Q002458	Lasinspecteur
Q002459	Lastechnicus
Q002460	Leerkracht basisonderwijs
Q002461	Docent onderwijs allochtone levende talen (oalt)
Q002462	Leider militair tehuis
Q002463	Leider-docent kraamcentrum
Q002464	Leidinggevend baggermachinist
Q002465	Hoofdwerktuigkundige (hwtk) zeevaart
Q002466	Hoofd landbouwonderwijs en -wetenschappen
Q002467	Letterschrijver steenhouwerij
Q002468	Liftmonteur
Q002469	Linktrainer
Q002470	Logistiek manager
Q002471	Logopedist
Q002472	Longfunctieassistent
Q002473	Loodsdienstcoördinator
Q002474	Luchtbehandelingsmonteur
Q002475	Luchthavenmeester
Q002476	Luchtverkeersleider
Q002477	Maatschoenmaker
Q002478	Assistent-monteur montage (zwakstroom)
Q002479	Machinebankwerker
Q002480	Machinebediener
Q002481	Machinist mobiele kraan
Q002482	Treinmachinist spoorwegen
Q002483	Machinist torenkraan
Q002484	Magazijnmedewerker
Q002485	Magazijnchef
Q002486	Makelaar onroerend goed
Q002487	Makelaar roerende goederen
Q002488	Mallenmaker metaal
Q002489	Manager beveiligingsbedrijf
Q002490	Manager bibliotheek
Q002491	Manager bouw- en aannemersbedrijf
Q002492	Manager cargadoorsbedrijf
Q002493	Manager cateringbedrijf
Q002494	Manager concertgebouw
Q002495	Manager congrescentrum
Q002496	Audicien
Q002497	Manager fabricage elektrotechnische apparaten
Q002498	Projectleider elektrotechniek
Q002499	Manager exportbedrijf
Q002500	Manager fotolaboratorium
Q002501	Manager geluidsstudio
Q002502	Manager gereedschapmakerij
Q002503	Manager gezondheidscentrum
Q002504	Audiovisueel medewerker
Q002505	Manager gieterij
Q002506	Manager groot- en tussenhandel
Q002507	Manager importbedrijf
Q002508	Manager industrieel ontwerpbureau
Q002509	Manager ingenieursbureau procestechnologie
Q002510	Manager instelling gezondheids- en (op)voedingsvoorlichting
Q002511	Manager kinderdagverblijf
Q002512	Manager landbouw-, natuur-, milieu-educatieve organisaties
Q002513	Manager lasbedrijf / montagebedrijf
Q002514	Manager leasemaatschappij voertuigen
Q002515	Manager medisch laboratorium
Q002516	Auto-elektrotechnicus
Q002517	Manager metaalbewerkingsbedrijf / constructiebedrijf
Q002518	Manager museum
Q002519	Manager onderwijskundig onderzoeksbureau
Q002520	Manager organisatieadviesbureau
Q002521	Manager psychiatrische inrichting
Q002522	Manager scheepswerf
Q002523	Manager stuwadoors-, havenbedrijf
Q002524	Manager telecommunicatiebedrijf
Q002525	Manager theater
Q002526	Manager toeristisch informatiebureau
Q002527	Manager transport-, expeditie-, opslagbedrijf
Q002528	Manager transportbedrijf (wegtransport)
Q002529	Manager transportmiddelen-, kraanverhuurbedrijf
Q002530	Manager uitgeverij
Q002531	Manager universiteit
Q002532	Manager verzekeringsmaatschappij
Q002533	Afdelingsmanager waterleidingbedrijf
Q002534	Manager grond-, weg- en waterbouwbedrijf (gww)
Q002535	Manager woningbouwvereniging
Q002536	Autokeurmeester
Q002537	Mandenmaker ambachtelijk
Q002538	Manicure
Q002539	Mannequin / dressman
Q002540	Marketingmanager
Q002541	Marketingmedewerker
Q002542	Revisietechnicus auto's
Q002543	Actuarieel rekenaar
Q002544	Marktmeester warenmarkt
Q002545	Marktonderzoeker
Q002546	Marktverkoper
Q002547	Autodemontagetechnicus
Q002548	Matrijzenmaker
Q002549	Autospuiter
Q002550	Matroos zeevaart
Q002551	Medewerker akkerbouw
Q002552	Medewerker banketbakkerij
Q002553	Medewerker chocoladebereiding
Q002554	Medewerker autowasstraat
Q002555	Medewerker crediteurenadministratie
Q002556	Datatypist
Q002557	Medewerker hoveniersbedrijf
Q002558	Medewerker kopieer / printbedrijf
Q002559	Medewerker leerindustrie
Q002560	Actuaris
Q002561	Bagagist
Q002562	Medewerker linnenkamer
Q002563	Meubelstoffeerder
Q002564	Medewerker salarisadministratie
Q002565	Medewerker slachterij
Q002566	Medewerker slagerij
Q002567	Medewerker tuinbouw
Q002568	Baggermachinist
Q002569	Bakschipper
Q002570	Acupuncturist
Q002571	Baliemedewerker bankbedrijf
Q002572	Medisch maatschappelijk werker
Q002573	Medisch-microbiologisch analist
Q002574	Mergelgroevearbeider
Q002575	Balletmeester
Q002576	Banden- en uitlaatspecialist
Q002577	Adaptatietechnicus
Q002578	Metaalperser
Q002579	Allround banketbakker
Q002580	Metaalpolijster
Q002581	Metaalsloper
Q002582	Metaalwalsbediener
Q002583	Meteorologisch assistent, -waarnemer
Q002584	Meteoroloog
Q002585	Meteropnemer gas, water, elektriciteit
Q002586	Metrobestuurder
Q002587	Metselaar
Q002588	Ambachtelijk meubelmaker
Q002589	Meubelontwerper
Q002590	Meubelrestaurateur
Q002591	Meubeltekenaar
Q002592	Mijnmeter
Q002593	Modelleur keramische industrie
Q002594	Modelmaker confectie
Q002595	Modelmaker metaal
Q002596	Modeontwerper
Q002597	Modinette
Q002598	Mondhygiënist
Q002599	Bar- en kantinemedewerker
Q002600	Monteur bronbemalingsinstallaties
Q002601	Barkeeper
Q002602	Monteur consumentenelektronica
Q002603	Administratief medewerker persoonsgegevens
Q002604	Beademingstechnicus
Q002605	Monteur elektromotoren
