Q000001	SUBOFICIALES DE LAS FUERZAS ARMADAS
Q000002	MIEMBROS DEL PODER EJECUTIVO (NACIONAL, AUTONÓMICO Y LOCAL) Y DEL PODER LEGISLATIVO
Q000003	DIRECTORES GENERALES DE EMPRESA DE 10 O MÁS ASALARIADOS, EN GENERAL
Q000004	DIRECTORES DE DEPARTAMENTO DE ADMINISTRACIÓN Y FINANZAS, EN GENERAL
Q000005	DIRECTORES DE DEPARTAMENTO DE RELACIONES LABORALES Y RECURSOS HUMANOS
Q000006	DIRECTORES DE DEPARTAMENTO DE CONTROL DE CALIDAD
Q000007	DIRECTORES DE DEPARTAMENTO DE DISEÑO
Q000008	DIRECTORES DE DEPARTAMENTO DE INFORMACIÓN
Q000009	DIRECTORES DE DEPARTAMENTO DE PERITAJE
Q000010	DIRECTORES DE DEPARTAMENTO DE PLANIFICACIÓN Y DESARROLLO
Q000011	DIRECTORES COMERCIALES, EN GENERAL
Q000012	DIRECTORES DE DEPARTAMENTO DE COMERCIALIZACIÓN Y VENTAS, EN GENERAL
Q000013	DIRECTORES DE DEPARTAMENTO DE MARKETING
Q000014	DIRECTORES DE DEPARTAMENTOS DE PUBLICIDAD Y/O RELACIONES PÚBLICAS, EN GENERAL
Q000015	DIRECTORES DE GABINETE DE PRENSA
Q000016	DIRECTORES DE DEPARTAMENTO DE PROYECTOS INDUSTRIALES
Q000017	DIRECTORES DE DEPARTAMENTOS Y/O LABORATORIO DE INVESTIGACIÓN Y DESARROLLO (I+D)
Q000018	GERENTES DE EXPLOTACIONES AGRÍCOLAS, GANADERAS, DE CAZA, DE SILVICULTURA Y/O FORESTALES, CON MENOS DE 10 ASALARIADOS
Q000019	DIRECTORES DE DEPARTAMENTO DE PRODUCCIÓN EN EMPRESA INDUSTRIAL DE 10 O MÁS ASALARIADOS, EN GENERAL
Q000020	GERENTES DE EMPRESA INDUSTRIAL EN GENERAL, CON MENOS DE 10 ASALARIADOS
Q000021	DIRECTORES DE EXPLOTACIONES MINERAS
Q000022	DIRECTORES DE DEPARTAMENTO DE ABASTECIMIENTO, DISTRIBUCIÓN Y/O LOGÍSTICA, EN GENERAL
Q000023	GERENTES DE EMPRESA DE TRANSPORTES, ALMACENAMIENTO, COMUNICACIONES Y/O LOGÍSTICA, CON MENOS DE 10 ASALARIADOS
Q000024	DIRECTORES DE DEPARTAMENTO DE OPERACIONES EN EMPRESA DE COMUNICACIÓN
Q000025	DIRECTORES DE DEPARTAMENTO DE SERVICIOS INFORMÁTICOS, EN GENERAL
Q000026	DIRECTORES DE SERVICIOS SOCIALES PARA NIÑOS
Q000027	GERENTES DE ÁREA O CENTRO SANITARIO
Q000028	DIRECTORES DE SERVICIOS SOCIALES PARA PERSONAS MAYORES
Q000029	DIRECTORES DE OTROS SERVICIOS SOCIALES
Q000030	DIRECTORES TÉCNICOS DE CENTRO EDUCATIVO
Q000031	DIRECTORES DE SUCURSAL DE EMPRESA DE SEGUROS
Q000032	DIRECTORES DE DEPARTAMENTO DE OPERACIONES EN EMPRESAS DE INTERMEDIACIÓN, EN GENERAL
Q000033	DIRECTORES DE LABORATORIO FOTO-CINE
Q000034	DIRECTORES DE PROGRAMACIÓN EN RADIO Y TELEVISIÓN.
Q000035	DIRECTORES DE HOTEL, DE 10 O MÁS ASALARIADOS
Q000036	GERENTES DE HOTEL, CON MENOS DE 10 ASALARIADOS
Q000037	GERENTES DE ALBERGUES, CAMPAMENTOS Y/O CAMPING, CON MENOS DE 10 ASALARIADOS
Q000038	GERENTES DE PENSIÓN, FONDA O SIMILARES, CON MENOS DE 10 ASALARIADOS
Q000039	DIRECTORES DE RESTAURANTE, DE 10 O MÁS ASALARIADOS
Q000040	GERENTES DE RESTAURANTE Y ESTABLECIMIENTOS SIMILARES, CON MENOS DE 10 ASALARIADOS
Q000041	GERENTES DE CAFÉ, BAR Y ESTABLECIMIENTOS SIMILARES, CON MENOS DE 10 ASALARIADOS
Q000042	DIRECTORES Y GERENTES DE EMPRESAS DE CATERING Y OTRAS EMPRESAS DE RESTAURACIÓN
Q000043	DIRECTORES DE DEPARTAMENTO DE OPERACIONES EN COMERCIO MAYORISTA, EN GENERAL
Q000044	GERENTES DE EMPRESA DE COMERCIO AL POR MAYOR, CON MENOS DE 10 ASALARIADOS
Q000045	GERENTES DE TALLER DE REPARACIONES DE VEHÍCULOS, CON MENOS DE 10 ASALARIADOS
Q000046	GERENTES DE EMPRESAS EDUCATIVA Y/O SOCIOCULTURAL, CON MENOS DE 10 ASALARIADOS
Q000047	GESTORES DE CENTROS DEPORTIVOS
Q000048	DIRECTORES DE DEPARTAMENTO DE OPERACIONES EN EMPRESA DE ACTIVIDADES TURÍSTICAS
Q000049	DIRECTORES DE DEPARTAMENTO DE OPERACIONES EN EMPRESAS DE SERVICIOS A OTRAS EMPRESAS, EN GENERAL
Q000050	DIRECTORES DE DEPARTAMENTO DE OPERACIONES EN EMPRESAS DE SERVICIOS PERSONALES, DE LIMPIEZA Y SIMILARES, EN GENERAL
Q000051	GERENTES DE EMPRESA DE ACTIVIDADES TURÍSTICAS, CON MENOS DE 10 ASALARIADOS
Q000052	GERENTES DE EMPRESA DE INTERMEDIACIÓN, EN GENERAL, CON MENOS DE 10 ASALARIADOS
Q000053	GERENTES DE EMPRESA DE SERVICIOS A OTRAS EMPRESAS, EN GENERAL, CON MENOS DE 10 ASALARIADOS
Q000054	GERENTES DE EMPRESA DE SERVICIOS PERSONALES DE LIMPIEZA O SIMILARES, CON MENOS DE 10 ASALARIADOS
Q000055	MÉDICOS ESPECIALISTAS EN MEDICINA FAMILIAR Y COMUNITARIA
Q000056	MÉDICOS, MEDICINA GENERAL
Q000057	MÉDICOS ESPECIALISTAS EN ALERGOLOGÍA
Q000058	MÉDICOS ESPECIALISTAS EN ANÁLISIS CLÍNICOS
Q000059	MÉDICOS ESPECIALISTAS EN ANATOMÍA PATOLÓGICA
Q000060	MÉDICOS ESPECIALISTAS EN ANESTESIOLOGÍA Y REANIMACIÓN
Q000061	MÉDICOS ESPECIALISTAS EN ANGIOLOGÍA Y CIRUGÍA VASCULAR
Q000062	MÉDICOS ESPECIALISTAS EN APARATO DIGESTIVO
Q000063	MÉDICOS ESPECIALISTAS EN BIOQUÍMICA CLÍNICA
Q000064	MÉDICOS ESPECIALISTAS EN CARDIOLOGÍA
Q000065	MÉDICOS ESPECIALISTAS EN CIRUGÍA CARDIOVASCULAR
Q000066	MÉDICOS ESPECIALISTAS EN CIRUGÍA GENERAL Y DEL APARATO DIGESTIVO
Q000067	MÉDICOS ESPECIALISTAS EN CIRUGÍA ORAL Y MAXILOFACIAL
Q000068	MÉDICOS ESPECIALISTAS EN CIRUGÍA ORTOPÉDICA Y TRAUMATOLOGÍA
Q000069	MÉDICOS ESPECIALISTAS EN CIRUGÍA PEDIÁTRICA
Q000070	MÉDICOS ESPECIALISTAS EN CIRUGÍA PLÁSTICA, ESTÉTICA Y REPARADORA
Q000071	MÉDICOS ESPECIALISTAS EN CIRUGÍA TORÁCICA
Q000072	MÉDICOS ESPECIALISTAS EN DERMATOLOGÍA MÉDICO-QUIRÚRGICA Y VENEREOLOGÍA
Q000073	MÉDICOS ESPECIALISTAS EN ENDOCRINOLOGÍA Y NUTRICIÓN
Q000074	MÉDICOS ESPECIALISTAS EN FARMACOLOGÍA CLÍNICA
Q000075	MÉDICOS ESPECIALISTAS EN GERIATRÍA
Q000076	MÉDICOS ESPECIALISTAS EN HEMATOLOGÍA Y HEMOTERAPIA
Q000077	MÉDICOS ESPECIALISTAS EN HIDROLOGÍA MÉDICA
Q000078	MÉDICOS ESPECIALISTAS EN INMUNOLOGÍA
Q000079	MÉDICOS ESPECIALISTAS EN MEDICINA DE LA EDUCACIÓN FÍSICA Y DEPORTE
Q000080	MÉDICOS ESPECIALISTAS EN MEDICINA DEL TRABAJO
Q000081	MÉDICOS ESPECIALISTAS EN MEDICINA ESPACIAL
Q000082	MÉDICOS ESPECIALISTAS EN MEDICINA FÍSICA Y REHABILITACIÓN
Q000083	MÉDICOS ESPECIALISTAS EN MEDICINA INTENSIVA
Q000084	MÉDICOS ESPECIALISTAS EN MEDICINA INTERNA
Q000085	MÉDICOS ESPECIALISTAS EN MEDICINA LEGAL Y FORENSE
Q000086	MÉDICOS ESPECIALISTAS EN MEDICINA NUCLEAR
Q000087	MÉDICOS ESPECIALISTAS EN MEDICINA PREVENTIVA Y SALUD PÚBLICA
Q000088	MÉDICOS ESPECIALISTAS EN MICROBIOLOGÍA Y PARASITOLOGÍA
Q000089	MÉDICOS ESPECIALISTAS EN NEFROLOGÍA
Q000090	MÉDICOS ESPECIALISTAS EN NEUMOLOGÍA
Q000091	MÉDICOS ESPECIALISTAS EN NEUROCIRUGÍA
Q000092	MÉDICOS ESPECIALISTAS EN NEUROFISIOLOGÍA CLÍNICA
Q000093	MÉDICOS ESPECIALISTAS EN NEUROLOGÍA
Q000094	MÉDICOS ESPECIALISTAS EN OBSTETRICIA Y GINECOLOGÍA
Q000095	MÉDICOS ESPECIALISTAS EN OFTALMOLOGÍA
Q000096	MÉDICOS ESPECIALISTAS EN ONCOLOGÍA MÉDICA
Q000097	MÉDICOS ESPECIALISTAS EN ONCOLOGÍA RADIOTERÁPICA
Q000098	MÉDICOS ESPECIALISTAS EN OTORRINOLARINGOLOGÍA
Q000099	MÉDICOS ESPECIALISTAS EN PEDIATRÍA Y SUS ÁREAS ESPECÍFICAS
Q000100	MÉDICOS ESPECIALISTAS EN PSIQUIATRÍA
Q000101	MÉDICOS ESPECIALISTAS EN RADIODIAGNÓSTICO
Q000102	MÉDICOS ESPECIALISTAS EN REUMATOLOGÍA
Q000103	MÉDICOS ESPECIALISTAS EN UROLOGÍA
Q000104	MÉDICOS DE ADMISIÓN Y DOCUMENTACIÓN CLÍNICA
Q000105	MÉDICOS DE TERAPIAS ALTERNATIVAS (HOMEOPATÍA, ACUPUNTURA, NATUROPATÍA,AYURVÉDICA Y OTRAS)
Q000106	ENFERMEROS DE CUIDADOS GENERALES
Q000107	ENFERMEROS ESPECIALISTAS EN ENFERMERÍA DE SALUD MENTAL
Q000108	ENFERMEROS ESPECIALISTAS EN ENFERMERÍA FAMILIAR Y COMUNITARIA
Q000109	ENFERMEROS ESPECIALISTAS EN ENFERMERÍA DEL TRABAJO
Q000110	ENFERMEROS ESPECIALISTAS EN ENFERMERÍA DE CUIDADOS MÉDICO-QUIRÚRGICOS
Q000111	ENFERMEROS ESPECIALISTAS EN ENFERMERÍA GERIÁTRICA
Q000112	ENFERMEROS ESPECIALISTAS EN ENFERMERÍA PEDIÁTRICA
Q000113	ENFERMEROS ESPECIALISTAS EN OBSTETRICIA-GINECOLOGÍA
Q000114	GENETISTAS VETERINARIOS
Q000115	PATÓLOGOS (MEDICINA VETERINARIA)
Q000116	FARMACÉUTICOS DE ANÁLISIS CLÍNICOS
Q000117	FARMACÉUTICOS DE FARMACIA HOSPITALARIA Y ATENCIÓN PRIMARIA
Q000118	FARMACÉUTICOS ESPECIALISTAS EN FARMACIA INDUSTRIAL Y GALÉNICA
Q000119	FARMACÉUTICOS, EN GENERAL
Q000120	MÉDICOS ESPECIALISTAS EN ESTOMATOLOGÍA
Q000121	ODONTÓLOGOS
Q000122	FISIOTERAPEUTAS, EN GENERAL
Q000123	DIETISTAS Y NUTRICIONISTAS
Q000124	LOGOPEDAS
Q000125	TÉCNICOS EN ORTOFONÍA
Q000126	TERAPEUTAS OCUPACIONALES
Q000127	PODÓLOGOS
Q000128	RADIOFÍSICOS HOSPITALARIOS
Q000129	PSICÓLOGOS SANITARIOS GENERALES
Q000130	PSICÓLOGOS SANITARIOS ESPECIALISTAS
Q000131	PROFESORES DE ENSEÑANZA SUPERIOR
Q000132	MAESTROS DE TALLER DE ARTES PLÁSTICAS Y/O DISEÑO
Q000133	PROFESORES TÉCNICOS DE FORMACIÓN PROFESIONAL (ACTIVIDADES MARÍTIMO-PESQUERAS)
Q000134	PROFESORES TÉCNICOS DE FORMACIÓN PROFESIONAL (ADMINISTRACIÓN Y GESTIÓN)
Q000135	PROFESORES TÉCNICOS DE FORMACIÓN PROFESIONAL (AGRARIA)
Q000136	PROFESORES TÉCNICOS DE FORMACIÓN PROFESIONAL (ARTES Y ARTESANÍAS)
Q000137	PROFESORES TÉCNICOS DE FORMACIÓN PROFESIONAL (COMERCIO Y MARKETING)
Q000138	PROFESORES TÉCNICOS DE FORMACIÓN PROFESIONAL (EDIFICACIÓN Y OBRA CIVIL)
Q000139	PROFESORES TÉCNICOS DE FORMACIÓN PROFESIONAL (ELECTRICIDAD Y ELECTRÓNICA)
Q000140	PROFESORES TÉCNICOS DE FORMACIÓN PROFESIONAL (FABRICACIÓN MECÁNICA)
Q000141	PROFESORES TÉCNICOS DE FORMACIÓN PROFESIONAL (HOSTELERÍA Y TURISMO)
Q000142	PROFESORES TÉCNICOS DE FORMACIÓN PROFESIONAL (IMAGEN PERSONAL)
Q000143	PROFESORES TÉCNICOS DE FORMACIÓN PROFESIONAL (IMAGEN Y SONIDO)
Q000144	PROFESORES TÉCNICOS DE FORMACIÓN PROFESIONAL (INSTALACIÓN Y MANTENIMIENTO)
Q000145	PROFESORES TÉCNICOS DE FORMACIÓN PROFESIONAL (MADERA, MUEBLE Y CORCHO)
Q000146	PROFESORES TÉCNICOS DE FORMACIÓN PROFESIONAL (QUÍMICA)
Q000147	PROFESORES TÉCNICOS DE FORMACIÓN PROFESIONAL (SANIDAD)
Q000148	PROFESORES TÉCNICOS DE FORMACIÓN PROFESIONAL (SERVICIOS SOCIOCULTURALES Y A LA COMUNIDAD)
Q000149	PROFESORES TÉCNICOS DE FORMACIÓN PROFESIONAL (TEXTIL, CONFECCIÓN Y PIEL)
Q000150	PROFESORES TÉCNICOS DE FORMACIÓN PROFESIONAL (TRANSPORTE Y MANTENIMIENTO DE VEHÍCULOS)
Q000151	PROFESORES TÉCNICOS DE FORMACIÓN PROFESIONAL, EN GENERAL
Q000152	PROFESORES TÉCNICOS DE FORMACIÓN PROFESIONAL (ENERGÍA Y AGUA)
Q000153	PROFESORES TÉCNICOS DE FORMACIÓN PROFESIONAL (INDUSTRIAS ALIMENTARIAS)
Q000154	PROFESORES TÉCNICOS DE FORMACIÓN PROFESIONAL (INDUSTRIAS EXTRACTIVAS)
Q000155	PROFESORES TÉCNICOS DE FORMACIÓN PROFESIONAL (INFORMÁTICA Y COMUNICACIONES)
Q000156	PROFESORES TÉCNICOS DE FORMACIÓN PROFESIONAL (SEGURIDAD Y MEDIO AMBIENTE)
Q000157	PROFESORES DEL ÁREA DE DIBUJO (ENSEÑANZA SECUNDARIA)
Q000158	PROFESORES DEL ÁREA DE CIENCIAS SOCIALES, GEOGRAFÍA E HISTORIA (ENSEÑANZA SECUNDARIA)
Q000159	PROFESORES DEL ÁREA DE EDUCACIÓN ÉTICA Y CÍVICA (ENSEÑANZA SECUNDARIA)
Q000160	PROFESORES DEL ÁREA DE EDUCACIÓN FÍSICA (ENSEÑANZA SECUNDARIA)
Q000161	PROFESORES DEL ÁREA DE LENGUA CASTELLANA, AUTONÓMICA Y LITERATURA (ENSEÑANZA SECUNDARIA)
Q000162	PROFESORES DEL ÁREA DE LENGUAS EXTRANJERAS (ENSEÑANZA SECUNDARIA)
Q000163	PROFESORES DEL ÁREA DE MATEMÁTICAS (ENSEÑANZA SECUNDARIA)
Q000164	PROFESORES DEL ÁREA DE MÚSICA (ENSEÑANZA SECUNDARIA)
Q000165	PROFESORES DEL ÁREA DE RELIGIÓN (ENSEÑANZA SECUNDARIA)
Q000166	PROFESORES DEL ÁREA DE TECNOLOGÍA (ENSEÑANZA SECUNDARIA)
Q000167	PROFESORES DEL ÁREA DE ECONOMÍA (ENSEÑANZA SECUNDARIA)
Q000168	PROFESORES DEL ÁREA DE INFORMÁTICA (ENSEÑANZA SECUNDARIA)
Q000169	MAESTROS DE EDUCACIÓN PRIMARIA, EN GENERAL
Q000170	MAESTROS DE EDUCACIÓN INFANTIL
Q000171	MAESTROS DE EDUCACIÓN ESPECIAL, EN GENERAL
Q000172	PROFESORES ESPECIALISTAS EN LENGUA DE SIGNOS
Q000173	TÉCNICOS EN EDUCACIÓN ESPECIAL
Q000174	ESPECIALISTAS EN DISEÑO Y ELABORACIÓN DE MEDIOS DIDÁCTICOS Y/O PROGRAMAS DE ESTUDIO, EN GENERAL
Q000175	FORMADORES DE FORMADORES
Q000176	INSPECTORES DE CENTROS DE ENSEÑANZA
Q000177	PEDAGOGOS
Q000178	PROFESORES DE IDIOMAS, EN GENERAL
Q000179	PROFESORES DE CANTO
Q000180	PROFESORES DE CLASES DE BAILES DE SALÓN
Q000181	PROFESORES DE DANZA CLÁSICA
Q000182	PROFESORES DE DANZA ESPAÑOLA
Q000183	PROFESORES DE DANZA MODERNA Y CONTEMPORÁNEA
Q000184	PROFESORES DE EXPRESIÓN CORPORAL/DINÁMICA
Q000185	PROFESORES DE INSTRUMENTOS MUSICALES, EN GENERAL
Q000186	PROFESORES DE SOLFEO
Q000187	PROFESORES DE ARTE DRAMÁTICO
Q000188	PROFESORES DE ESCULTURA
Q000189	PROFESORES DE PINTURA ARTÍSTICA
Q000190	INSTRUCTORES EN TECNOLOGÍA DE LA INFORMACIÓN FUERA DEL SISTEMA EDUCATIVO
Q000191	FORMADORES DE FORMACIÓN NO REGLADA
Q000192	FORMADORES DE FORMACIÓN PARA EL EMPLEO
Q000193	ASTRÓNOMOS
Q000194	FÍSICOS
Q000195	METEORÓLOGOS
Q000196	CRISTALÓGRAFOS
Q000197	QUÍMICOS
Q000198	GEOFÍSICOS
Q000199	GEÓLOGOS, EN GENERAL
Q000200	GEOQUÍMICOS
Q000201	INGENIEROS GEÓLOGOS
Q000202	PALEONTÓLOGOS
Q000203	ACTUARIOS
Q000204	MATEMÁTICOS
Q000205	TÉCNICOS MEDIOS EN CIENCIAS MATEMÁTICAS
Q000206	ESTADÍSTICOS
Q000207	TÉCNICOS MEDIOS EN ESTADÍSTICA Y/O CÁLCULO NUMÉRICO
Q000208	BIÓLOGOS
Q000209	BIOQUÍMICOS
Q000210	BOTÁNICOS
Q000211	BROMATÓLOGOS
Q000212	FARMACÓLOGOS
Q000213	FÍSICOS DE RADIOPROTECCIÓN
Q000214	FISIÓLOGOS, EN GENERAL
Q000215	FITOPATÓLOGOS
Q000216	GENETISTAS AGRARIOS Y BOTÁNICOS
Q000217	INMUNÓLOGOS
Q000218	MICROBIÓLOGOS
Q000219	OCEANÓGRAFOS
Q000220	PARASITÓLOGOS
Q000221	TÉCNICOS MEDIO EN BROMATOLOGÍA
Q000222	TÉCNICOS MEDIOS EN CIENCIAS BIOLÓGICAS, EN GENERAL
Q000223	ZOÓLOGOS
Q000224	BIOTECNÓLOGOS
Q000225	BIOINFORMÁTICOS
Q000226	EDAFÓLOGOS
Q000227	INGENIEROS DE MONTES
Q000228	INGENIEROS TÉCNICOS AGRÍCOLAS
Q000229	INGENIEROS TÉCNICOS FORESTALES
Q000230	PROFESIONALES DE LA PROTECCIÓN AMBIENTAL
Q000231	ENÓLOGOS
Q000232	INGENIEROS DE CALIDAD
Q000233	INGENIEROS DE FABRICACIÓN O PLANTA
Q000234	INGENIEROS DE INSTALACIONES
Q000235	INGENIEROS DE LOGÍSTICA
Q000236	INGENIEROS DE MANTENIMIENTO Y REPARACIÓN
Q000237	INGENIEROS DE MONTAJE
Q000238	INGENIEROS DE PLANIFICACIÓN Y PRODUCCIÓN
Q000239	INGENIEROS DE PROCESOS
Q000240	INGENIEROS EN MECÁNICA (TÉCNICAS ENERGÉTICAS)
Q000241	INGENIEROS EN MECÁNICA DE AUTOMOCIÓN
Q000242	INGENIEROS EN MECÁNICA INDUSTRIAL
Q000243	INGENIEROS EN MECÁNICA, EN GENERAL
Q000244	INGENIEROS EN MECÁNICA AERONÁUTICA
Q000245	INGENIEROS EN QUÍMICA
Q000246	INGENIEROS DE MINAS, EN GENERAL
Q000247	INGENIEROS EN METALURGIA
Q000248	INGENIEROS AMBIENTALES
Q000249	INGENIEROS DE DISEÑO
Q000250	INGENIEROS DE MATERIALES
Q000251	INGENIEROS EN PAPELERA Y GRÁFICA
Q000252	INGENIEROS EN ELECTRICIDAD DE AUTOMOCIÓN
Q000253	INGENIEROS EN ELECTRICIDAD, EN GENERAL
Q000254	INGENIEROS EN ELECTRÓNICA AERONÁUTICA
Q000255	INGENIEROS EN ELECTRÓNICA, EN GENERAL
Q000256	INGENIEROS EN TELECOMUNICACIONES
Q000257	ARQUITECTOS
Q000258	ARQUITECTOS PAISAJISTAS
Q000259	INGENIEROS PLANIFICADORES DE TRÁFICO
Q000260	URBANISTAS
Q000261	INGENIEROS TÉCNICOS DE CALIDAD
Q000262	INGENIEROS TÉCNICOS DE FABRICACIÓN O PLANTA
Q000263	INGENIEROS TÉCNICOS DE MATERIALES
Q000264	INGENIEROS TÉCNICOS DE PLANIFICACIÓN Y PRODUCCIÓN
Q000265	INGENIEROS TÉCNICOS DE PRODUCTO
Q000266	INGENIEROS TÉCNICOS EN MECÁNICA DE MINAS
Q000267	INGENIEROS TÉCNICOS MECÁNICA AUTOMOCIÓN
Q000268	INGENIEROS TÉCNICOS AERONÁUTICOS
Q000269	INGENIEROS TÉCNICO EN QUÍMICA
Q000270	INGENIEROS TÉCNICOS DE MINAS
Q000271	INGENIEROS TÉCNICOS EN METALURGIA
Q000272	INGENIEROS TÉCNICO PAPELERO
Q000273	INGENIEROS TÉCNICOS DE DISEÑO
Q000274	INGENIEROS TÉCNICOS DE SERVICIOS
Q000275	INGENIEROS TÉCNICOS SANITARIOS
Q000276	INGENIEROS TÉCNICOS EN ELECTRICIDAD INDUSTRIAL
Q000277	INGENIEROS TÉCNICOS EN ELECTRICIDAD, EN GENERAL
Q000278	INGENIEROS TÉCNICOS EN ELECTRÓNICA INDUSTRIAL
Q000279	INGENIEROS TÉCNICOS EN ELECTRÓNICA, EN GENERAL
Q000280	INGENIEROS TÉCNICOS EN TELECOMUNICACIONES
Q000281	INGENIEROS TÉCNICOS EN TELECOMUNICACIONES DE IMAGEN Y SONIDO
Q000282	DISEÑADORES DE CALZADO
Q000283	DISEÑADORES DE JOYERÍA Y BISUTERÍA
Q000284	DISEÑADORES DE MUEBLES
Q000285	DISEÑADORES DE PRODUCTOS ARTESANALES
Q000286	DISEÑADORES PRENDAS VESTIR (EXCEPTO PIEL Y CUERO)
Q000287	INGENIEROS TÉCNICOS TOPÓGRAFOS
Q000288	ABOGADOS (DERECHO PENAL)
Q000289	ABOGADOS LABORALISTAS
Q000290	ABOGADOS, EN GENERAL
Q000291	FISCALES
Q000292	JUECES Y/O MAGISTRADOS
Q000293	NOTARIOS
Q000294	REGISTRADORES DE LA PROPIEDAD
Q000295	PROCURADORES DE LOS TRIBUNALES
Q000296	ASESORES FISCALES Y TRIBUTARIOS
Q000297	ASESORES JURÍDICOS (SECTOR PRIVADO)
Q000298	SECRETARIOS DE JUZGADO
Q000299	AUDITORES DE CUENTAS
Q000300	INTERVENTORES DE EMPRESA
Q000301	TÉCNICOS MEDIOS EN AUDITORÍA
Q000302	TÉCNICOS MEDIOS EN CONTABILIDAD, EN GENERAL
Q000303	ASESORES FINANCIEROS Y EN INVERSIONES
Q000304	ANALISTAS PRESUPUESTARIOS Y/O DE RIESGOS
Q000305	ANALISTAS DE GESTIÓN Y ORGANIZACIÓN
Q000306	INSPECTORES DE BUQUES DE LA MARINA CIVIL
Q000307	SECRETARIOS DE LA ADMINISTRACIÓN LOCAL
Q000308	INTERVENTORES DE LA ADMINISTRACIÓN LOCAL
Q000309	TESOREROS DE LA ADMINISTRACIÓN LOCAL
Q000310	ORIENTADORES PROFESIONALES PARA LA INSERCIÓN
Q000311	TÉCNICOS MEDIOS EN ORIENTACIÓN PROFESIONAL
Q000312	TÉCNICOS MEDIOS EN RECURSOS HUMANOS, EN GENERAL
Q000313	TÉCNICOS SUPERIORES EN RECURSOS HUMANOS, EN GENERAL
Q000314	ESPECIALISTAS EN FORMACIÓN DE PERSONAL
Q000315	TÉCNICOS DE INFORMACIÓN TURÍSTICA
Q000316	ORGANIZADORES DE PUNTOS DE VENTA EN AUTOSERVICIOS
Q000317	TÉCNICOS EN SERVICIOS POSVENTA
Q000318	VENDEDORES TÉCNICOS DE VEHÍCULOS AUTOMÓVILES
Q000319	VISITADORES MÉDICOS
Q000320	TÉCNICOS EN ESTUDIOS DE MERCADO Y OPINIÓN PÚBLICA (MARKETING)
Q000321	TÉCNICOS MEDIOS EN INVESTIGACIÓN DE MERCADOS
Q000322	TÉCNICOS SUPERIORES EN INVESTIGACIÓN DE MERCADOS
Q000323	GESTORES DE REDES SOCIALES
Q000324	ANALISTAS DE SISTEMAS, NIVEL MEDIO (JUNIOR)
Q000325	ANALISTAS DE SISTEMAS, NIVEL SUPERIOR (SENIOR)
Q000326	ANALISTAS DE APLICACIONES, NIVEL MEDIO (JUNIOR)
Q000327	ANALISTAS DE APLICACIONES, NIVEL SUPERIOR (SENIOR)
Q000328	ANALISTAS-PROGRAMADORES, NIVEL MEDIO (JUNIOR)
Q000329	DISEÑADORES DE PÁGINAS WEB
Q000330	AUDITORES-ASESORES INFORMÁTICOS
Q000331	ADMINISTRADORES DE SISTEMAS DE REDES
Q000332	ADMINISTRADORES DE BASES DE DATOS
Q000333	ANALISTAS Y DESARROLLADORES DE REDES INFORMÁTICAS
Q000334	ESPECIALISTAS EN BASES DE DATOS Y EN REDES INFORMÁTICAS NO CLASIFICADOS BAJO OTROS EPÍGRAFES
Q000335	ECONOMISTAS
Q000336	ANTROPÓLOGOS
Q000337	ARQUEÓLOGOS
Q000338	GEÓGRAFOS
Q000339	SOCIÓLOGOS, EN GENERAL
Q000340	CRIMINÓLOGOS
Q000341	FILÓSOFOS
Q000342	HISTORIADORES
Q000343	PSICÓLOGOS PEDAGÓGICOS
Q000344	PSICÓLOGOS, EN GENERAL
Q000345	PSICOTERAPEUTAS
Q000346	MUSICOTERAPEUTAS
Q000347	AGENTES DE IGUALDAD DE OPORTUNIDADES, EN GENERAL
Q000348	EDUCADORES DE CALLE
Q000349	EDUCADORES DE FAMILIA
Q000350	EDUCADORES DE MENORES
Q000351	TRABAJADORES SOCIALES
Q000352	MEDIADORES FAMILIARES
Q000353	AGENTES DE IGUALDAD DE OPORTUNIDADES ENTRE MUJERES Y HOMBRES
Q000354	SACERDOTES DE LAS DISTINTAS RELIGIONES
Q000355	ARCHIVEROS
Q000356	CONSERVADORES DE MUSEO Y GALERÍAS DE ARTE
Q000357	BIBLIOTECARIOS
Q000358	DOCUMENTALISTAS
Q000359	ADAPTADORES DE DIÁLOGOS DE DOBLAJE
Q000360	CORRECTORES DE ESTILO
Q000361	ESCRITORES, EN GENERAL
Q000362	ESCRITORES/ADAPTADORES DE GUIONES DE CINE, RADIO Y TELEVISIÓN
Q000363	LECTORES Y/O PREPARADORES DE ORIGINALES EN EDITORIAL
Q000364	ASESORES Y/O CRÍTICOS LITERARIOS
Q000365	CRÍTICOS DE ARTE, MEDIOS DE COMUNICACIÓN Y ESPECTÁCULOS
Q000366	MONTADORES DE PROGRAMAS
Q000367	PERIODISTAS
Q000368	REDACTORES-CORRECTORES DE EDITORIAL
Q000369	GRAFÓLOGOS
Q000370	INTÉRPRETES DE LA LENGUA DE SIGNOS
Q000371	INTÉRPRETES, EN GENERAL
Q000372	LINGÜISTAS
Q000373	TRADUCTORES, EN GENERAL
Q000374	ARTISTAS PINTORES
Q000375	ARTISTAS SERÍGRAFOS
Q000376	DIBUJANTES, EN GENERAL (EXCEPTO DIBUJANTES TÉCNICOS)
Q000377	ESCULTORES
Q000378	GRABADORES ARTÍSTICOS, EN GENERAL
Q000379	JOYEROS ARTÍSTICOS, OBRAS ARTE
Q000380	RESTAURADORES DE OBRAS DE ARTE, ARQUEOLOGÍA
Q000381	RESTAURADORES DE OBRAS DE ARTE, DOCUMENTOS GRÁFICOS
Q000382	RESTAURADORES DE OBRAS DE ARTE, EN GENERAL
Q000383	RESTAURADORES DE OBRAS DE ARTE, ESCULTURA
Q000384	RESTAURADORES DE OBRAS DE ARTE, MADERA Y MUEBLES ANTIGUOS
Q000385	RESTAURADORES DE OBRAS DE ARTE, PINTURA
Q000386	RESTAURADORES DE OBRAS DE ARTE, TEXTIL
Q000387	BAJOS
Q000388	BARÍTONOS
Q000389	CANTANTES DE SALAS DE FIESTAS O SIMILARES
Q000390	CANTAORES (FLAMENCO)
Q000391	COMPOSITORES
Q000392	CONTRALTOS
Q000393	CONTRATENORES
Q000394	DIRECTORES DE ORQUESTA DE BAILE
Q000395	DIRECTORES DE ORQUESTA O BANDA DE MÚSICA
Q000396	DIRECTORES MUSICALES
Q000397	MEZZOSOPRANOS
Q000398	MÚSICOS DE SALA DE FIESTAS O SIMILARES
Q000399	MÚSICOS INSTRUMENTISTAS, EN GENERAL
Q000400	SOPRANOS
Q000401	TENORES
Q000402	BAILARINES (BAILE DE SALA)
Q000403	BAILARINES (BAILE ESPAÑOL)
Q000404	BAILARINES DE BALLET CLÁSICO
Q000405	BAILARINES DE SALAS DE FIESTAS Y SIMILARES
Q000406	AYUDANTES DE DIRECCIÓN DE CINE
Q000407	DIRECTORES DE DOBLAJE (PELÍCULAS)
Q000408	DIRECTORES DE FOTOGRAFÍA (PELÍCULAS)
Q000409	DIRECTORES DE MONTAJE (PELÍCULAS EN RODAJE)
Q000410	DIRECTORES DE REPRESENTACIONES EN RADIO Y TELEVISIÓN.
Q000411	DIRECTORES DE SONIDO (PELÍCULAS)
Q000412	DIRECTORES TEATRALES Y/O DE ESCENA
Q000413	DIRECTORES-REALIZADORES DE CINE
Q000414	PRODUCTORES DE RADIO, CINE, TELEVISIÓN, TEATRO Y/O ESPECTÁCULOS
Q000415	REALIZADORES DE ESPECTÁCULOS
Q000416	ACTORES, ESPECIALISTA DE CINE EN ESCENAS PELIGROSAS
Q000417	ACTORES
Q000418	EXTRAS DE CINE (FIGURACIÓN)
Q000419	APUNTADORES
Q000420	DISC-JOCKEYS DE RADIO
Q000421	PRESENTADORES-ANIMADORES DE ESPECTÁCULOS
Q000422	ACRÓBATAS
Q000423	ARTISTAS DE MARIONETAS Y GUIÑOLES
Q000424	CONTORSIONISTAS
Q000425	DOMADORES DE CIRCO
Q000426	EQUILIBRISTAS
Q000427	HIPNOTIZADORES
Q000428	HUMORISTAS
Q000429	ILUSIONISTAS
Q000430	JEFES DE PISTA O REGIDORES DE CIRCO
Q000431	MALABARISTAS
Q000432	PAYASOS
Q000433	PRESTIDIGITADORES
Q000434	TITIRITEROS
Q000435	TRANSFORMISTAS
Q000436	TRAPECISTAS
Q000437	VENTRÍLOCUOS
Q000438	COPISTAS Y/O CALCADORES DE DISEÑOS
Q000439	DELINEANTES, EN GENERAL
Q000440	DISEÑADORES TÉCNICOS INDUSTRIALES
Q000441	ANALISTAS DE AGUAS, EN GENERAL
Q000442	TÉCNICOS EN CIENCIAS FÍSICAS
Q000443	TÉCNICOS EN CIENCIAS GEOLÓGICAS
Q000444	TÉCNICOS EN CIENCIAS QUÍMICAS
Q000445	TÉCNICOS EN METEOROLOGÍA
Q000446	AUXILIARES TÉCNICOS DE OBRA
Q000447	OPERADORES DE SISTEMAS DE DISTRIBUCIÓN DE GAS
Q000448	SOBRESTANTES
Q000449	TÉCNICOS DE MANTENIMIENTO DE BIENES CULTURALES INMUEBLES
Q000450	TÉCNICOS DE SISTEMAS DE DISTRIBUCIÓN DE GAS
Q000451	TÉCNICOS EN CONTROL Y VIGILANCIA DE OBRAS, EN GENERAL
Q000452	TÉCNICOS EN GEOTECNIA (CONSTRUCCIÓN)
Q000453	TÉCNICOS EN INGENIERÍA CIVIL, EN GENERAL
Q000454	TÉCNICOS EN INYECCIONES (CONSTRUCCIÓN)
Q000455	TÉCNICOS EN ORGANIZACIÓN DE INSTALACIÓN Y MANTENIMIENTO DE EDIFICIOS Y EQUIPAMIENTOS URBANOS
Q000456	TÉCNICOS EN SONDEOS (CONSTRUCCIÓN)
Q000457	TÉCNICOS DE MANTENIMIENTO DE EQUIPOS ELÉCTRICOS
Q000458	TÉCNICOS DE MANTENIMIENTO DE INSTALACIONES HOTELERAS
Q000459	TÉCNICOS EN DISEÑO DE SISTEMAS DE CONTROL ELÉCTRICO
Q000460	TÉCNICOS EN ELECTRICIDAD, EN GENERAL
Q000461	TÉCNICOS EN FRÍO INDUSTRIAL
Q000462	TÉCNICOS EN INSTALACIONES Y LÍNEAS ELÉCTRICAS
Q000463	TÉCNICOS DE MANTENIMIENTO ELECTRÓNICO
Q000464	TÉCNICOS EN ELECTRÓNICA, EN GENERAL
Q000465	TÉCNICOS EN ELECTRÓNICA, ESPECIALIDAD EN ELECTRO MEDICINA
Q000466	TÉCNICOS DE MANTENIMIENTO DE EQUIPOS ELECTROMECÁNICOS
Q000467	TÉCNICOS DE MANTENIMIENTO DE TRANSPORTES
Q000468	TÉCNICOS DE MANTENIMIENTO MECÁNICO
Q000469	TÉCNICOS EN MECÁNICA AERONÁUTICA
Q000470	TÉCNICOS EN MECÁNICA DE MÁQUINAS HERRAMIENTAS
Q000471	TÉCNICOS EN MECÁNICA NAVAL
Q000472	TÉCNICOS DE FABRICACIÓN QUÍMICA
Q000473	TÉCNICOS DE LABORATORIO DE QUÍMICA INDUSTRIAL
Q000474	TÉCNICOS DE PLANTA DE TRATAMIENTO DE AGUAS RESIDUALES
Q000475	TÉCNICOS DE PLANTA QUÍMICA
Q000476	TÉCNICOS EN PLÁSTICOS Y CAUCHO
Q000477	TÉCNICOS PAPELERO
Q000478	TÉCNICOS DE MANTENIMIENTO DE ESTRUCTURAS METÁLICAS
Q000479	TÉCNICOS EN CALDERERÍA
Q000480	TÉCNICOS EN MATRICERÍA Y MOLDES
Q000481	TÉCNICOS EN METALURGIA, EN GENERAL
Q000482	TÉCNICOS EN MINAS, EN GENERAL
Q000483	TÉCNICOS EN PROCESOS DE FORJA
Q000484	TÉCNICOS EN PROCESOS DE FUNDICIÓN
Q000485	TÉCNICOS EN PROCESOS DE PULVIMETALURGIA
Q000486	TÉCNICOS EN SOLDADURA
Q000487	INFOGRAFISTAS DE PRENSA
Q000488	INTEGRADORES FOTOREPRODUCCIÓN (PREIMPRESIÓN)
Q000489	OTROS OPERADORES DE EQUIPOS ÓPTICOS Y ELECTRÓNICOS
Q000490	PREPARADORES DE IMÁGENES (PREIMPRESIÓN)
Q000491	PREPARADORES DE TEXTOS (PREIMPRESIÓN)
Q000492	TÉCNICOS DE LABORATORIO DE INDUSTRIAS ALIMENTARIAS
Q000493	TÉCNICOS EDITORES
Q000494	TÉCNICOS EN AUTOEDICIÓN Y/O SISTEMAS DE EDICIÓN ELECTRÓNICA
Q000495	TÉCNICOS EN COMPOSICIÓN Y/O FOTOCOMPOSICIÓN (INDUSTRIAS GRÁFICAS)
Q000496	TÉCNICOS EN FABRICACIÓN DE ARTÍCULOS DE PIEL Y CUERO (EXCEPTO CALZADO)
Q000497	TÉCNICOS EN IMPRESIÓN OFFSET
Q000498	TÉCNICOS EN IMPRESIÓN, EN GENERAL (INDUSTRIAS GRÁFICAS)
Q000499	TÉCNICOS EN ORGANIZACIÓN INDUSTRIAL
Q000500	TÉCNICOS EN PREIMPRESIÓN
Q000501	TÉCNICOS EN PRODUCCIÓN EDITORIAL
Q000502	TÉCNICOS EN REPRODUCCIÓN MECÁNICA (INDUSTRIAS GRÁFICAS)
Q000503	TÉCNICOS TEXTIL EN HILATURAS, EN GENERAL
Q000504	TÉCNICOS TEXTIL EN TEJIDOS, EN GENERAL
Q000505	TÉCNICOS TEXTIL EN TELAS NO TEJIDAS
Q000506	OPERADORES DE CONTROL DE CENTRAL TERMOELÉCTRICA
Q000507	OPERADORES DE PLANTA DE CENTRAL TERMOELÉCTRICA
Q000508	OPERADORES DE REDES Y CENTROS DE DISTRIBUCIÓN DE ENERGÍA ELÉCTRICA
Q000509	OPERADORES EN CENTRAL EÓLICA
Q000510	OPERADORES EN CENTRAL NUCLEAR
Q000511	OPERADORES EN CENTRAL SOLAR FOTOVOLTAICA
Q000512	TÉCNICOS DE CENTRAL HIDROELÉCTRICA
Q000513	TÉCNICOS DE CENTRAL NUCLEAR
Q000514	TÉCNICOS EN PLANTA DE PRODUCCIÓN TERMOELÉCTRICA CLÁSICA
Q000515	TÉCNICOS EN EFICIENCIA ENERGÉTICA
Q000516	OPERADORES DE EQUIPOS EN ESTACIÓN DE BOMBEO (EXCEPTO PETRÓLEO Y GAS NATURAL)
Q000517	OPERADORES DE MANTENIMIENTO EN PLANTA DE CAPTACIÓN DE AGUA
Q000518	OPERADORES DE MANTENIMIENTO EN PLANTAS DE INCINERACIÓN DE RESIDUOS
Q000519	OPERADORES DE PLANTA DE CAPTACIÓN DE AGUA, EN GENERAL
Q000520	OPERADORES DE PLANTA DE TRATAMIENTO DE AGUAS RESIDUALES
Q000521	OPERADORES DE PLANTA DE TRATAMIENTO DE RESIDUOS SÓLIDOS URBANOS
Q000522	OPERADORES DE SISTEMAS DE DISTRIBUCIÓN DE AGUA
Q000523	TÉCNICOS DE PLANTA DE CAPTACIÓN Y/O TRATAMIENTO DE AGUA
Q000524	TÉCNICOS DE SISTEMAS DE DISTRIBUCIÓN DE AGUA
Q000525	OPERADORES DE CUADRO DE CONTROL PARA FABRICAR PRODUCTOS FARMACÉUTICOS O COSMÉTICOS
Q000526	OPERADORES DE CUADRO DE CONTROL PARA EL REFINO DE PETRÓLEO
Q000527	OPERADORES DE GASEODUCTO
Q000528	OPERADORES DE REFINERÍA DE PETRÓLEO Y GAS NATURAL, EN GENERAL
Q000529	TÉCNICOS EN REFINO DE PETRÓLEO Y GAS
Q000530	TÉCNICOS EN CONTROL DE PROCESOS DE PRODUCCIÓN DE METALES
Q000531	JEFES DE EQUIPO DE OPERADORES DE ROBOTS INDUSTRIALES
Q000532	OPERADORES DE CADENAS AUTOMATIZADAS DE MONTAJE, EN GENERAL
Q000533	OPERADORES DE INSTALACIONES DE FABRICACIÓN INFORMATIZADA
Q000534	PROGRAMADORES DE MÁQUINAS CON CONTROL NUMÉRICO, EN GENERAL
Q000535	PROGRAMADORES-CONTROLADORES DE ROBOTS INDUSTRIALES
Q000536	TÉCNICOS DE INSTRUMENTACIÓN Y CONTROL (ENERGÍA Y AGUA)
Q000537	TAXIDERMISTAS
Q000538	TÉCNICOS EN CIENCIAS BIOLÓGICAS
Q000539	TÉCNICOS EN PROCESOS Y SERVICIOS BIOTECNOLÓGICOS
Q000540	TÉCNICOS EN BIOTECNOLOGÍA
Q000541	ASESORES AGRÍCOLAS
Q000542	DEMOSTRADORES DE PRÁCTICAS AGRÍCOLAS
Q000543	TÉCNICOS AGROPECUARIOS
Q000544	TÉCNICOS EN AGRONOMÍA
Q000545	TÉCNICOS EN VITICULTURA Y ENOTECNIA
Q000546	ASESORES FORESTALES
Q000547	TÉCNICOS FORESTAL Y/O SILVICULTURA
Q000548	FRIGORISTAS NAVALES
Q000549	MAQUINISTAS NAVALES
Q000550	MECÁNICOS DE LITORAL
Q000551	INSTRUCTORES DE NAVEGACIÓN MARÍTIMA
Q000552	PATRONES DE BUQUES MERCANTES
Q000553	PILOTOS DE BUQUES MERCANTES
Q000554	INSTRUCTORES DE NAVEGACIÓN AÉREA
Q000555	MECÁNICOS DE VUELO
Q000556	PILOTOS DE AVIACIÓN
Q000557	PILOTOS DE HELICÓPTERO
Q000558	RADIONAVEGANTES DE AERONAVES
Q000559	PILOTOS DE DRONES
Q000560	CONTROLADORES DE TRÁFICO AÉREO
Q000561	INSTRUCTORES DE CONTROL DE TRÁFICO AÉREO
Q000562	TÉCNICOS EN CONTROL DE CALIDAD DE SOLDADURA (FABRICACIÓN DE CONSTRUCCIONES METÁLICAS)
Q000563	TÉCNICOS EN CONTROL DE CALIDAD EN INDUSTRIA PESADA Y CONSTRUCCIONES METÁLICAS
Q000564	TÉCNICOS EN CONTROL DE CALIDAD EN INDUSTRIAS DE AUTOMOCIÓN
Q000565	TÉCNICOS EN CONTROL DE CALIDAD EN INDUSTRIAS DE FABRICACIÓN DE EQUIPOS ELECTROMECÁNICOS
Q000566	TÉCNICOS EN CONTROL DE CALIDAD EN INDUSTRIAS DE MADERA Y CORCHO
Q000567	TÉCNICOS EN CONTROL DE CALIDAD EN INDUSTRIAS DE MANUFACTURAS DIVERSAS (EXCEPTO VIDRIO)
Q000568	TÉCNICOS EN CONTROL DE CALIDAD EN INDUSTRIAS DE PIEL Y CUERO
Q000569	TÉCNICOS EN CONTROL DE CALIDAD EN INDUSTRIAS GRÁFICAS
Q000570	TÉCNICOS EN CONTROL DE CALIDAD EN INDUSTRIAS QUÍMICAS
Q000571	TÉCNICOS EN CONTROL DE CALIDAD EN INDUSTRIAS TEXTIL, EN GENERAL
Q000572	TÉCNICOS EN IMPLANTACIÓN DE SISTEMAS DE CALIDAD
Q000573	VIGILANTES DE MINAS
Q000574	ENCARGADOS DE OBRA CIVIL, EN GENERAL
Q000575	ENCARGADOS DE OBRA DE EDIFICACIÓN, EN GENERAL
Q000576	ENCARGADOS Y/O JEFES DE EQUIPOS DE TALLER DE MONTAJE DE ESTRUCTURAS METÁLICAS
Q000577	JEFES DE EQUIPO DE OBRA
Q000578	JEFES DE EQUIPO Y/O ENCARGADOS DE PINTORES Y EMPAPELADORES
Q000579	JEFES DE TALLER Y/O ENCARGADOS DE TRABAJADORES DE ACABADO DE EDIFICIOS
Q000580	ENCARGADOS DE INDUSTRIAS ALIMENTARIAS
Q000581	JEFES DE EQUIPO DE INSTALACIONES PARA ELABORAR PRODUCTOS ALIMENTICIOS
Q000582	JEFES DE EQUIPO EN INSTALACIONES PARA ELABORAR TABACO
Q000583	JEFES DE EQUIPO DE INSTALACIONES DE TRATAMIENTOS QUÍMICOS
Q000584	JEFES DE EQUIPO EN INSTALACIONES PARA FABRICAR PRODUCTOS FARMACÉUTICOS Y COSMÉTICOS
Q000585	JEFES DE EQUIPO EN INSTALACIONES PARA FABRICAR PRODUCTOS QUÍMICOS, EXCEPTO FARMACÉUTICOS Y COSMÉTICOS
Q000586	JEFES DE EQUIPO EN INSTALACIONES PARA FABRICAR PRODUCTOS DE CAUCHO, PLÁSTICO O MATERIAL SINTÉTICO
Q000587	ENCARGADOS TALLER DE TRATAMIENTO DE MADERA
Q000588	JEFES DE EQUIPO EN INSTALACIONES PARA FABRICAR PAPEL
Q000589	ENCARGADOS DE TALLER DE ENCUADERNACIÓN
Q000590	ENCARGADOS DE TALLER DE IMPRENTA
Q000591	ENCARGADOS DE TALLER Y/O DE TURNO DE FABRICACIÓN DE PRODUCTOS DE PAPEL Y CARTÓN
Q000592	ENCARGADOS DE APARADO-MONTAJE Y FINISAJE DE LA FABRICACIÓN DE CALZADO
Q000593	ENCARGADOS DE INSTALACIONES DE PROCESAMIENTO DE METALES
Q000594	ENCARGADOS DE TALLER Y/O JEFES DE EQUIPOS DE CHAPISTERÍA Y CALDEREROS
Q000595	JEFES DE EQUIPO DE MONTADORES DE MAQUINARIA MECÁNICA, ELÉCTRICA Y/O ELECTRÓNICA
Q000596	JEFES DE EQUIPOS DE OPERADORES DE MÁQUINAS PARA TRABAJAR METALES, EN GENERAL
Q000597	TÉCNICOS EN RADIOTERAPIA
Q000598	TÉCNICOS EN MEDICINA NUCLEAR
Q000599	TÉCNICOS EN RADIODIAGNÓSTICO
Q000600	AUXILIARES DE LABORATORIO DE ANÁLISIS CLÍNICOS
Q000601	TÉCNICOS ORTOPROTÉSICOS
Q000602	PROTÉSICOS DENTALES
Q000603	TÉCNICOS EN AUDIOPRÓTESIS
Q000604	HIGIENISTAS BUCODENTALES
Q000605	TÉCNICOS SUPERIORES EN DOCUMENTACIÓN SANITARIA
Q000606	TÉCNICOS SUPERIORES EN DIETÉTICA
Q000607	CONSEJEROS DE SEGURIDAD EN EL TRANSPORTE DE MERCANCÍAS PELIGROSAS
Q000608	TÉCNICOS EN PREVENCIÓN Y CONTROL DE PLAGAS
Q000609	TÉCNICOS EN SALUD AMBIENTAL
Q000610	TÉCNICOS EN TRATAMIENTO DE RESIDUOS SÓLIDOS
Q000611	AYUDANTES DE VETERINARIA
Q000612	QUIROPRÁCTICOS
Q000613	TÉCNICOS EN TERAPIAS ALTERNATIVAS (NATUROPATÍA, HOMEOPATÍA, ACUPUNTURA, AYURVÉDICA Y OTRAS)
Q000614	OTROS PROFESIONALES DE LAS TERAPIAS ALTERNATIVAS
Q000615	TÉCNICOS COMERCIALES EN ENTIDAD FINANCIERA
Q000616	TÉCNICOS EN CONTABILIDAD, EN GENERAL
Q000617	TÉCNICOS EN ESTADÍSTICA
Q000618	TÉCNICOS EN TRABAJOS DE CAMPO (GESTIÓN EMPRESARIAL)
Q000619	PERITOS JUDICIALES CALÍGRAFOS
Q000620	TASADORES DE INMUEBLES
Q000621	TASADORES DE VEHÍCULOS
Q000622	TASADORES, EN GENERAL
Q000623	AGENTES COMERCIALES
Q000624	DELEGADOS COMERCIALES, EN GENERAL
Q000625	REPRESENTANTES DE COMERCIO, EN GENERAL
Q000626	AGENTES DE SEGUROS
Q000627	TÉCNICOS EN COMERCIO EXTERIOR
Q000628	CONSIGNATARIOS
Q000629	AGENTES DE ADUANAS, EN GENERAL
Q000630	GESTORES DE ADUANAS
Q000631	TÉCNICOS EN ORGANIZACIÓN DE FERIAS Y EVENTOS
Q000632	AGENTES DE OFICINA DE COLOCACIÓN
Q000633	AGENTES COMERCIALES INMOBILIARIO
Q000634	PORTAVOCES Y AGENTES DE RELACIONES PÚBLICAS
Q000635	REPRESENTANTES ARTÍSTICOS, DEPORTIVOS Y/O DE ESPECTÁCULOS
Q000636	SUBASTADORES
Q000637	ASISTENTES JURÍDICO-LEGALES
Q000638	SECRETARIOS DE DIRECCIÓN
Q000639	SECRETARIOS, EN GENERAL
Q000640	TÉCNICOS ADMINISTRATIVOS, EN GENERAL
Q000641	SECRETARIOS DE CENTROS MÉDICOS O CLÍNICAS
Q000642	RECAUDADORES DE IMPUESTOS
Q000643	PROFESIONALES DE APOYO DE LA ADMINISTRACIÓN PÚBLICA DE SERVICIOS DE EXPEDICIÓN DE LICENCIAS
Q000644	OTROS PROFESIONALES DE APOYO DE LA ADMINISTRACIÓN PÚBLICA PARA TAREAS DE INSPECCIÓN Y CONTROL Y TAREAS SIMILARES
Q000645	SUBOFICIALES DE LA GUARDIA CIVIL
Q000646	AGENTES DE DESARROLLO LOCAL
Q000647	AGENTES DE DESARROLLO SOCIAL
Q000648	MEDIADORES INTERCULTURALES
Q000649	PROMOTORES DE IGUALDAD DE OPORTUNIDADES, EN GENERAL
Q000650	MEDIADORES SOCIALES Y COMUNICATIVOS DE PERSONAS SORDAS O SORDOCIEGAS O CON DIFICULTADES DE COMUNICACIÓN, LENGUAJE Y HABLA
Q000651	GESTORES CULTURALES
Q000652	PROMOTORES DE IGUALDAD DE OPORTUNIDADES ENTRE MUJERES Y HOMBRES
Q000653	ATLETAS PROFESIONALES
Q000654	BOXEADORES PROFESIONALES
Q000655	CICLISTAS PROFESIONALES
Q000656	DEPORTISTAS PROFESIONALES
Q000657	FUTBOLISTAS PROFESIONALES
Q000658	JOCKEYS PROFESIONALES
Q000659	JUGADORES DE BALONCESTO PROFESIONALES
Q000660	JUGADORES DE BALONMANO PROFESIONALES
Q000661	PATRONES DE EMBARCACIONES DEPORTIVAS A MOTOR
Q000662	PATRONES DE EMBARCACIONES DEPORTIVAS A VELA
Q000663	PILOTOS AUTOMOVILISTAS PROFESIONALES
Q000664	TENISTAS PROFESIONALES
Q000665	ÁRBITROS Y/O JUECES DEPORTIVOS
Q000666	ENTRENADORES DEPORTIVOS
Q000667	MONITORES ARTES MARCIALES, KÁRATE Y OTROS
Q000668	MONITORES DE AERÓBIC Y SIMILARES
Q000669	MONITORES DE APARATOS DE GIMNASIO
Q000670	MONITORES DE EQUITACIÓN
Q000671	MONITORES DE MANTENIMIENTO FÍSICO
Q000672	MONITORES DE YUDO
Q000673	MONITORES Y/O ANIMADORES DEPORTIVOS
Q000674	ANIMADORES TURÍSTICOS
Q000675	COORDINADORES DE TIEMPO LIBRE
Q000676	MONITORES DE EDUCACIÓN Y TIEMPO LIBRE
Q000677	FOTÓGRAFOS, EN GENERAL
Q000678	DECORADORES DE CINE, TELEVISIÓN. Y TEATRO
Q000679	DECORADORES Y/O DISEÑADORES DE INTERIORES
Q000680	DISEÑADORES DE JARDINES
Q000681	DISEÑADORES DE STANDS
Q000682	AYUDANTES DE ARCHIVO
Q000683	AYUDANTES DE MUSEO
Q000684	ATREZZISTAS
Q000685	GRABADORES DE TATUAJES
Q000686	REGIDORES DE ESPECTÁCULOS
Q000687	TÉCNICOS EN SISTEMAS MICROINFORMÁTICOS
Q000688	TÉCNICOS DE SOPORTE DE REDES
Q000689	TÉCNICOS DE SOPORTE DE LA WEB
Q000690	PROGRAMADORES DE APLICACIONES INFORMÁTICAS
Q000691	DESARROLLADORES FRONT END (JUNIOR)
Q000692	DESARROLLADOR FRONT END (SENIOR)
Q000693	EDITORES-MONTADORES DE IMAGEN
Q000694	FOQUISTAS DE RODAJE DE PELÍCULAS
Q000695	INFOGRAFISTAS DE TELEVISIÓN, VÍDEO Y CINE
Q000696	MONTADORES DE PELÍCULAS EN RODAJE
Q000697	MONTADORES DE VÍDEO
Q000698	MONTADORES MUSICALES DE EFECTOS SONOROS DE RADIO, CINE Y TELEVISIÓN.
Q000699	OPERADORES DE CÁMARA (CINE, TELEVISIÓN Y/O VÍDEO)
Q000700	OPERADORES DE EQUIPOS DE IMAGEN Y LUMINOTECNIA EN ESTUDIOS
Q000701	TÉCNICOS DE EFECTOS ESPECIALES EN GRABACIÓN DE SONIDO
Q000702	TÉCNICOS EN AUDIOVISUALES (IMAGEN Y SONIDO)
Q000703	TÉCNICOS EN EQUIPOS DE CONTROL DE IMAGEN (GRABACIÓN)
Q000704	TÉCNICOS EN VÍDEO-TAPE
Q000705	TÉCNICOS Y/O AJUSTADORES DE DOBLAJE
Q000706	CONTROLADORES DE IMAGEN EN ESTUDIOS
Q000707	MEZCLADORES DE IMAGEN EN ESTUDIOS
Q000708	OPERADORES DE CABINA DE PROYECCIONES CINEMATOGRÁFICAS
Q000709	OPERADORES DE EQUIPOS EN ESTACIÓN DE EMISORA DE RADIO Y/O TELEVISIÓN
Q000710	TÉCNICOS EN ENLACES DE UNIDADES MÓVILES
Q000711	TÉCNICOS EN TELECOMUNICACIONES
Q000712	TÉCNICOS EN ELECTRÓNICA DE COMUNICACIONES
Q000713	EMPLEADOS ADMINISTRATIVOS DE CONTABILIDAD, EN GENERAL
Q000714	EMPLEADOS ADMINISTRATIVOS DE ENTIDADES FINANCIERAS
Q000715	EMPLEADOS ADMINISTRATIVOS DE ESTADÍSTICA
Q000716	EMPLEADOS ADMINISTRATIVOS DE SEGUROS
Q000717	EMPLEADOS DE GESTIÓN FINANCIERA DE EMPRESAS
Q000718	ALMACENEROS DE MATERIAS PRIMAS PARA EL CALZADO (PREFABRICADO DE CALZADO)
Q000719	AGENTES DE TRANSPORTE AÉREO, (TIERRA, SERVICIOS AUXILIARES Y/O TERMINAL)
Q000720	AGENTES DE TRANSPORTES, EN GENERAL
Q000721	AGENTES DE TREN
Q000722	EMPLEADOS ADMINISTRATIVOS DE LOS SERVICIOS DE TRANSPORTE, EN GENERAL
Q000723	FACTORES DE EMPRESA DE TRANSPORTES
Q000724	JEFES DE ESTACIÓN DE TRANSPORTES POR CARRETERA Y/O FERROCARRIL
Q000725	SEÑALISTAS DE AVIONES
Q000726	TÉCNICOS EN CUADROS ELECTRÓNICOS DE MANDO (FERROCARRIL/METRO/AUTOBUSES URBANOS)
Q000727	DIGITALIZADORES DE DOCUMENTOS
Q000728	EMPLEADOS ADMINISTRATIVOS DE SERVICIOS POSTALES (EXCEPTO VENTANILLA)
Q000729	MENSAJEROS DE CORRESPONDENCIA MOTORIZADO
Q000730	CODIFICADORES DE DATOS
Q000731	CORRECTORES TIPOGRÁFICOS-ORTOGRÁFICOS
Q000732	EMPLEADOS DE SERVICIO DE PERSONAL
Q000733	OPERADORES-GRABADORES DE DATOS EN ORDENADOR
Q000734	AGENTES JUDICIALES Y/O ALGUACILES
Q000735	EMPLEADOS ADMINISTRATIVOS, EN GENERAL
Q000736	OPERADORES DE MÁQUINAS CONTABLES
Q000737	EMPLEADOS DEL ÁREA DE ATENCIÓN AL CLIENTE
Q000738	AZAFATOS O AUXILIARES DE INFORMACIÓN
Q000739	EMPLEADOS DE INFORMACIÓN DE BUQUES DE PASAJE
Q000740	EMPLEADOS DE INFORMACIÓN EN AEROPUERTOS, ESTACIONES Y SIMILARES
Q000741	RECEPCIONISTAS EN ESTABLECIMIENTOS DISTINTOS DE OFICINAS, EN GENERAL
Q000742	RECEPCIONISTAS-TELEFONISTAS EN OFICINAS, EN GENERAL
Q000743	EMPLEADOS DE AGENCIAS DE VIAJES, EN GENERAL
Q000744	OPERADORES DE CENTRAL TELEFÓNICA
Q000745	TELEOPERADORES DE EMERGENCIAS
Q000746	ENTREVISTADORES/ENCUESTADORES
Q000747	CAJEROS DE BANCA
Q000748	EMPLEADOS DE VENTA DE APUESTAS MUTUAS, DEPORTIVAS Y ADMINISTRACIÓN DE LOTERÍAS
Q000749	EMPLEADOS DE VENTA DE CUPONES, EN GENERAL
Q000750	CROUPIERS
Q000751	INSPECTORES DE JUEGO
Q000752	JEFES DE SALA DE CASINO Y/O BINGO
Q000753	LOCUTORES-VENDEDORES DE BINGO
Q000754	EMPLEADOS DE CASAS DE EMPEÑO O PRÉSTAMOS
Q000755	COBRADORES DE FACTURAS, DEUDAS O ALQUILERES
Q000756	EMPLEADOS DE VENTANILLA DE CORREOS
Q000757	EMPLEADOS ADMINISTRATIVOS CON TAREAS DE ATENCIÓN AL PÚBLICO NO CLASIFICADOS BAJO OTROS EPÍGRAFES
Q000758	COCINEROS, EN GENERAL
Q000759	PLANCHISTAS (CAFETERÍA O RESTAURACIÓN)
Q000760	PREPARADORES DE ALIMENTOS INFANTILES
Q000761	PREPARADORES DE CATERING
Q000762	PREPARADORES DE PRECOCINADOS Y COCINADOS
Q000763	REPOSTEROS-PASTELEROS (HOSTELERÍA)
Q000764	BÁRMANES
Q000765	CAMAREROS DE BARRA Y/O DEPENDIENTES DE CAFETERÍA
Q000766	CAMAREROS, EN GENERAL
Q000767	JEFES DE COMEDOR O MAESTRES DE SALA
Q000768	ENCARGADOS DE ECONOMATO Y BODEGA (HOSTELERÍA)
Q000769	ENCARGADOS DE PLANTA Y/O SECCIÓN DE COMERCIO
Q000770	ENCARGADOS DE TIENDA
Q000771	DEPENDIENTES DE ARTÍCULOS DE DEPORTE, CAZA Y PESCA
Q000772	DEPENDIENTES DE ARTÍCULOS DE FERRETERÍA
Q000773	DEPENDIENTES DE ARTÍCULOS DE FOTOGRAFÍA, CINE Y VÍDEO
Q000774	DEPENDIENTES DE CALZADO Y ARTÍCULOS DE PIEL
Q000775	DEPENDIENTES DE CARNICERÍA Y/O CHARCUTERÍA
Q000776	DEPENDIENTES DE ELECTRODOMÉSTICOS
Q000777	DEPENDIENTES DE FARMACIA
Q000778	DEPENDIENTES DE FLORISTERÍA
Q000779	DEPENDIENTES DE FRUTERÍA
Q000780	DEPENDIENTES DE GRANDES SUPERFICIES
Q000781	DEPENDIENTES DE JUGUETERÍA
Q000782	DEPENDIENTES DE MATERIAL CLÍNICO, QUIRÚRGICO Y ORTOPÉDICO
Q000783	DEPENDIENTES DE MATERIAL DE ÓPTICA E INSTRUMENTOS DE PRECISIÓN
Q000784	DEPENDIENTES DE MUEBLES Y ARTÍCULOS DE DECORACIÓN
Q000785	DEPENDIENTES DE PANADERÍA, PASTELERÍA Y CONFITERÍA
Q000786	DEPENDIENTES DE PERFUMERÍA Y DROGUERÍA
Q000787	DEPENDIENTES DE PESCADERÍA
Q000788	DEPENDIENTES DE RECAMBIOS Y ACCESORIOS DE AUTOMÓVIL
Q000789	DEPENDIENTES DE RELOJERÍA Y JOYERÍA
Q000790	DEPENDIENTES DE REPRODUCCIÓN DE DOCUMENTOS (FOTOCOPIAS)
Q000791	COMERCIANTES PROPIETARIOS DE TIENDAS
Q000792	VENDEDORES AMBULANTES
Q000793	VENDEDORES POR TELÉFONO
Q000794	EXPENDEDORES DE COMBUSTIBLE
Q000795	VENDEDORES A DOMICILIO, EN GENERAL
Q000796	DEMOSTRADORES DE PRODUCTOS, EN GENERAL
Q000797	VENDEDORES NO CLASIFICADOS BAJO OTROS EPÍGRAFES
Q000798	CAJEROS DE COMERCIO
Q000799	CAJEROS DE EMPRESA
Q000800	TAQUILLEROS
Q000801	AUXILIARES DE ENFERMERÍA
Q000802	AUXILIARES DE ENFERMERÍA DE GERIATRÍA
Q000803	AUXILIARES DE ENFERMERÍA DE SALUD MENTAL Y TOXICOMANÍAS
Q000804	AUXILIARES DE ENFERMERÍA EN REHABILITACIÓN
Q000805	AUXILIARES DE ENFERMERÍA HOSPITALARIA, EN GENERAL
Q000806	AUXILIARES DE ENFERMERÍA DE ATENCIÓN PRIMARIA Y/O CONSULTORIO MÉDICOS, EN GENERAL
Q000807	AUXILIARES DE FARMACIA
Q000808	TÉCNICOS EN EMERGENCIAS SANITARIAS
Q000809	CELADORES DE CENTRO SANITARIO Y/O CAMILLERO
Q000810	AUXILIARES DE ODONTOLOGÍA
Q000811	CUIDADORES DE GUARDERÍA INFANTIL
Q000812	CUIDADORES-ACOMPAÑANTES DE AUTOBÚS ESCOLAR
Q000813	VIGILANTES DE COMEDOR ESCOLAR
Q000814	CUIDADORES DE NIÑOS EN DOMICILIO
Q000815	PELUQUEROS DE CABALLEROS
Q000816	PELUQUEROS DE SEÑORAS
Q000817	PELUQUEROS UNISEX
Q000818	BAÑEROS (BALNEARIOS/SAUNAS/BAÑOS TURCOS)
Q000819	CARACTERIZADORES
Q000820	ESTETICISTAS
Q000821	ESTILISTAS
Q000822	MAQUILLADORES
Q000823	AUXILIARES DE BUQUES DE PASAJE
Q000824	MAYORDOMOS DE BUQUE
Q000825	SOBRECARGOS, AVIACIÓN
Q000826	ASISTENTES ACOMPAÑANTES DE GRUPO TURÍSTICO (A.G.T.)
Q000827	AUXILIARES DE TIERRA, EN GENERAL
Q000828	AZAFATOS O AUXILIARES DE CONGRESOS Y EXPOSICIONES
Q000829	GUÍAS DE RESERVAS NATURALES
Q000830	GUÍAS DE TURISMO
Q000831	ENCARGADOS DE DESPENSA DE BARCO DE PESCA
Q000832	MAYORDOMOS DE HOSTELERÍA
Q000833	ECÓNOMOS, EN GENERAL
Q000834	CONSERJES DE HOTEL
Q000835	CONSERJES, EN GENERAL
Q000836	EMPLEADOS DE FINCAS URBANAS-PORTERO DE VIVIENDAS
Q000837	TRABAJADORES PROPIETARIOS DE PEQUEÑOS ALOJAMIENTOS
Q000838	AYUDAS DE CÁMARA, Y/O DONCELLAS
Q000839	EMBALSAMADORES
Q000840	EMPLEADOS DE SERVICIOS FUNERARIOS EN GENERAL
Q000841	TÉCNICOS DE INCINERACIÓN FUNERARIA
Q000842	ESPECIALISTAS EN TANATOESTÉTICA
Q000843	ESPECIALISTAS EN TANATOPRAXIA
Q000844	ADIESTRADORES DE PERROS
Q000845	PELUQUEROS DE PERROS
Q000846	DISC-JOCKEYS (DISCOTECA)
Q000847	PORTADORES DE PALOS DE GOLF (CADIS)
Q000848	GUARDIAS CIVILES
Q000849	POLICÍAS NACIONALES
Q000850	POLICÍAS AUTONÓMICOS
Q000851	POLICÍAS O GUARDIAS MUNICIPALES
Q000852	BOMBEROS ESPECIALISTAS DE AEROPUERTO
Q000853	BOMBEROS ESPECIALISTAS DE MINAS
Q000854	BOMBEROS, EN GENERAL
Q000855	TRABAJADORES DE RETÉN DE INCENDIOS FORESTALES
Q000856	ESCOLTAS PRIVADOS
Q000857	VIGILANTES DE SEGURIDAD DE EXPLOSIVOS
Q000858	CHAVOLEROS DE PUERTO
Q000859	GUARDAS DE MUSEO
Q000860	GUARDAS DE OBRA
Q000861	GUARDAS DE PARQUES Y JARDINES PÚBLICOS
Q000862	GUARDESES
Q000863	PORTEROS DE HOTEL
Q000864	VIGILANTES, EN GENERAL
Q000865	AUXILIARES DE PRISIONES
Q000866	BAÑISTAS-SOCORRISTAS
Q000867	CELADORES GUARDA-MUELLES
Q000868	GUARDAS DE RIEGO
Q000869	TÉCNICOS DE PROTECCIÓN CIVIL
Q000870	ENCARGADOS O CAPATACES AGRÍCOLAS, EXCEPTO EN HUERTAS, INVERNADEROS, VIVEROS Y JARDINES
Q000871	TRABAJADORES AGRÍCOLAS DE LA VID
Q000872	ENCARGADOS O CAPATACES AGRÍCOLAS DE HUERTAS, INVERNADEROS, VIVEROS O JARDINES, EN GENERAL
Q000873	JARDINEROS, EN GENERAL
Q000874	TRABAJADORES DE CONSERVACIÓN DE PARQUES URBANOS, JARDINES HISTÓRICOS Y BOTÁNICOS
Q000875	TRABAJADORES DEL CULTIVO DE PLANTAS PARA FLOR CORTADA
Q000876	TRABAJADORES EN LA PRODUCCIÓN DE PLANTAS HORTÍCOLAS
Q000877	TRABAJADORES DE GANADO VACUNO, EN GENERAL
Q000878	ESQUILADORES
Q000879	PASTORES
Q000880	TRABAJADORES DE GANADO OVINO Y CAPRINO
Q000881	TRABAJADORES DE GANADO PORCINO EN EXTENSIVO
Q000882	TRABAJADORES DE GANADO PORCINO EN INTENSIVO
Q000883	SERICULTORES
Q000884	TRABAJADORES DE LA CRÍA DE ABEJAS
Q000885	ENCARGADOS O CAPATACES DE EXPLOTACIÓN AVÍCOLA
Q000886	SEXADORES DE POLLUELOS
Q000887	TRABAJADORES DE LA CRÍA DE AVES
Q000888	TRABAJADORES DE LA CRÍA DE CONEJOS
Q000889	ENCARGADOS O CAPATACES DE GANADERÍA EN GENERAL
Q000890	TRABAJADORES DE GRANJA CINEGÉTICA
Q000891	TRABAJADORES DE LA CRÍA CANINA
Q000892	TRABAJADORES DE LA CRÍA DE ANIMALES PARA PELETERÍA
Q000893	TRABAJADORES DE LA CRÍA DE CABALLOS
Q000894	TRABAJADORES AGROPECUARIOS
Q000895	CARBONEROS DE CARBÓN GENERAL
Q000896	ENCARGADOS O CAPATACES FORESTALES
Q000897	PODADORES Y/O MOTOSERRISTAS FORESTALES
Q000898	TRABAJADORES DEL ALCORNOQUE, EN GENERAL
Q000899	TRABAJADORES FORESTALES, EN GENERAL
Q000900	PALMEREROS
Q000901	TRABAJADORES DEL CULTIVO DE PECES EN AGUAS CONTINENTALES
Q000902	TRABAJADORES DEL CULTIVO DE ZOOPLANCTON
Q000903	TRABAJADORES DEL CULTIVO Y RECOLECCIÓN DE MACROALGAS
Q000904	TRABAJADORES EN REPRODUCCIÓN DE ESPECIES ACUÍCOLAS
Q000905	MARISCADORES RECOLECTORES
Q000906	CONTRAMAESTRES DE FRÍO
Q000907	CONTRAMAESTRES DE CUBIERTA
Q000908	OJEADORES DE BUQUES ATUNEROS
Q000909	CAPITANES Y PATRONES DE BUQUES DE PESCA
Q000910	OFICIALES DE PUENTE DE BUQUES DE PESCA
Q000911	CAZADORES
Q000912	ENCOFRADORES
Q000913	FERRALLISTAS
Q000914	OPERARIOS DE HORMIGÓN
Q000915	MONTADORES DE PREFABRICADOS ESTRUCTURALES (SÓLO HORMIGÓN)
Q000916	ALBAÑILES
Q000917	ALBAÑILES CARAVISTEROS
Q000918	ENCARGADOS DE MANTENIMIENTO DE ALCANTARILLADO
Q000919	MAMPOSTEROS
Q000920	CANTEROS ARTESANALES DE MÁRMOL O PIEDRA
Q000921	CALAFATEADORES, CALAFATE
Q000922	CARPINTEROS DE ARMAR, EN CONSTRUCCIÓN
Q000923	CARPINTEROS DE RIBERA
Q000924	CARPINTEROS EN GENERAL
Q000925	MONTADORES DE PUERTAS AUTOMÁTICAS
Q000926	MONTADORES DE PUERTAS Y VENTANAS, EN GENERAL
Q000927	MANTENEDORES DE EDIFICIOS
Q000928	MANTENEDORES DE INSTALACIONES  DEPORTIVAS
Q000929	INSTALADORES DE FACHADAS TÉCNICAS
Q000930	INSTALADORES DE MATERIALES DE IMPERMEABILIZACIÓN EN EDIFICIOS
Q000931	APUNTALADORES DE EDIFICIOS
Q000932	COLOCADORES DE PREFABRICADOS LIGEROS (CONSTRUCCIÓN)
Q000933	DEMOLEDORES DE EDIFICIOS
Q000934	MONTADORES DE ANDAMIOS
Q000935	MONTADORES DE CERCADOS Y VALLAS METÁLICAS
Q000936	POCEROS EN REDES DE SANEAMIENTO
Q000937	TRABAJADORES DE LA CONSTRUCCIÓN A GRANDES ALTURAS
Q000938	REFRACTARISTAS
Q000939	ESCAYOLISTAS
Q000940	APLICADORES DE REVESTIMIENTOS CONTINUOS DE FACHADAS
Q000941	ESTUQUISTAS
Q000942	REVOCADORES (CONSTRUCCIÓN)
Q000943	FONTANEROS
Q000944	INSTALADORES DE GAS
Q000945	PINTORES DE BANDAS SOBRE VÍAS URBANAS Y CARRETERAS
Q000946	BARNIZADORES-LACADORES DE MUEBLES Y/O ARTESANÍA DE MADERA
Q000947	BARNIZADORES-LACADORES DE PRODUCTOS MANUFACTURADOS (EXCEPTO MADERA, VIDRIO Y CERÁMICA)
Q000948	DORADORES DE MADERA
Q000949	PINTORES DE ESTRUCTURAS METÁLICAS Y CASCOS DE BUQUES
Q000950	PINTORES DE VEHÍCULOS, EN GENERAL
Q000951	PINTORES-DECORADORES DE MUEBLES Y/O ARTESANÍA DE MADERA
Q000952	COLOCADORES DE MOQUETA
Q000953	COLOCADORES DE PAVIMENTOS LIGEROS, EN GENERAL
Q000954	PARQUETEROS Y/O ENTARIMADORES, EN GENERAL
Q000955	PAVIMENTADORES CON ADOQUINES
Q000956	PULIDORES-ABRILLANTADORES DE SUELOS, DE TERRAZO Y SIMILARES
Q000957	INSTALADORES DE CONDUCCIONES DE AIRE ACONDICIONADO Y VENTILACIÓN
Q000958	INSTALADORES DE CONDUCCIONES DE CALEFACCIÓN Y AGUA CALIENTE SANITARIA
Q000959	MECÁNICOS REPARADORES DE CALEFACCIONES
Q000960	MECÁNICOS REPARADORES DE EQUIPOS INDUSTRIALES DE REFRIGERACIÓN Y CLIMATIZACIÓN
Q000961	TECHADORES EN ASFALTO, MATERIAL SINTÉTICO Y/O SIMILARES
Q000962	TECHADORES EN CHAPAS Y PLACAS
Q000963	TECHADORES EN PIZARRA
Q000964	TEJADORES
Q000965	INSTALADORES DE AISLAMIENTOS
Q000966	CRISTALEROS DE EDIFICIOS
Q000967	CRISTALEROS DE VIDRIERAS
Q000968	INSTALADORES DE LUNAS/CRISTALES EN VEHÍCULOS
Q000969	INSTALADORES DE ENERGÍA SOLAR POR TUBERÍAS
Q000970	INSTALADORES DE SISTEMAS DE ENERGÍA SOLAR TÉRMICA
Q000971	MONTADORES DE PLACAS DE ENERGÍA SOLAR
Q000972	LIMPIADORES DE FACHADAS, EN GENERAL
Q000973	MOLDEADORES-MACHEROS, A MANO (FUNDICIÓN DE METALES)
Q000974	CORTADORES DE METALES POR PLASMA, A MANO
Q000975	OPERADORES DE PROYECCIÓN TÉRMICA
Q000976	OXICORTADORES, A MANO
Q000977	SOLDADORES ALUMINOTERMICOS
Q000978	SOLDADORES DE ESTRUCTURAS METÁLICAS LIGERAS
Q000979	SOLDADORES DE ESTRUCTURAS METÁLICAS PESADAS
Q000980	SOLDADORES DE OXIGAS (OXIACETILÉNICA)
Q000981	SOLDADORES DE TUBERÍAS Y RECIPIENTES DE ALTA PRESIÓN
Q000982	SOLDADORES MANIPULADORES POR ELECTROESCORIA
Q000983	SOLDADORES MANIPULADORES POR ELECTROGAS
Q000984	SOLDADORES POR ARCO ELÉCTRICO, EN GENERAL
Q000985	SOLDADORES POR MIG-MAG
Q000986	SOLDADORES POR RESISTENCIA ELÉCTRICA
Q000987	SOLDADORES POR TIG
Q000988	TÉCNICOS EN SOLDEO DE PLÁSTICOS
Q000989	TÉCNICOS EN SOLDEO Y CORTE POR LÁSER
Q000990	TÉCNICOS EN UNIÓN POR ADHESIVOS
Q000991	CALDEREROS DE COBRE Y ALEACIONES LIGERAS
Q000992	CALDEREROS INDUSTRIALES
Q000993	CALDEREROS NAVALES
Q000994	CALDEREROS-TUBEROS (FABRICACIÓN DE CONSTRUCCIONES METÁLICAS)
Q000995	CHAPISTAS INDUSTRIALES
Q000996	CHAPISTAS-PINTORES DE VEHÍCULOS
Q000997	TUBEROS INDUSTRIALES DE INDUSTRIA PESADA
Q000998	ARMADORES DE BLINDAJE DE BUQUES
Q000999	MONTADORES DE GRANDES ESTRUCTURAS METÁLICAS, EN GENERAL
Q001000	MONTADORES-INSTALADORES DE APARATOS DE ELEVACIÓN (CONSTRUCCIÓN)
Q001001	MONTADORES-INSTALADORES DE APARATOS DE ELEVACIÓN, EXCEPTO CONSTRUCCIÓN
Q001002	MONTADORES-INSTALADORES DE ASCENSORES
Q001003	FORJADORES-ESTAMPADORES EN PRENSA (METALES)
Q001004	ARMEROS-AJUSTADORES, EN GENERAL
Q001005	CERRAJEROS
Q001006	MATRICEROS-MOLDISTAS DE METALES
Q001007	MECÁNICOS-AJUSTADORES DE MODELOS DE FUNDICIÓN
Q001008	VERIFICADORES-TRAZADORES DE METALES
Q001009	ALISTADORES/ACABADORES Y/O VERIFICADORES DE JOYERÍA Y BISUTERÍA INDUSTRIAL
Q001010	OPERADORES DE FABRICACIÓN DE CREMALLERAS Y/O REMACHES
Q001011	OPERADORES DE MÁQUINA CEPILLADORA-LIMADORA (METALES)
Q001012	OPERADORES DE MÁQUINA CORTADORA DE METALES
Q001013	OPERADORES DE MÁQUINA ENTALLADORA DE EMBUTIR METALES
Q001014	OPERADORES DE MÁQUINA FRESADORA (METALES)
Q001015	OPERADORES DE MÁQUINA FRESADORA CON CONTROL NUMÉRICO (METALES)
Q001016	OPERADORES DE MÁQUINA MANDRINADORA (METALES)
Q001017	OPERADORES DE MÁQUINA OXICORTADORA (METALES)
Q001018	OPERADORES DE MÁQUINA RECTIFICADORA (METALES)
Q001019	OPERADORES DE MÁQUINA TALADRADORA (METALES)
Q001020	OPERADORES DE MÁQUINAS PARA LA ELABORACIÓN DE JOYERÍA Y/O BISUTERÍA INDUSTRIAL
Q001021	OPERADORES DE PRENSA MECÁNICA DE METALES
Q001022	OPERADORES DE TORNO CON CONTROL NUMÉRICO (METALES)
Q001023	OPERADORES DE TORNO UNIVERSAL, AUTOMÁTICO Y/O REVOLVER
Q001024	OPERADORES TORNEROS-FRESADORES (FABRICACIÓN)
Q001025	PREPARADORES-AJUSTADORES DE MÁQUINAS-HERRAMIENTAS PARA TRABAJAR METALES, EN GENERAL
Q001026	AFILADORES-REPARADORES DE HERRAMIENTAS, EN GENERAL
Q001027	PULIDORES, BRUÑIDORES-LIMPIADORES DE METALES A MANO
Q001028	MECÁNICOS DE MANTENIMIENTO Y REPARACIÓN DE AUTOMOCIÓN, EN GENERAL
Q001029	MECÁNICOS-AJUSTADORES DE CAMIONES Y AUTOBUSES, EN GENERAL
Q001030	MECÁNICOS-AJUSTADORES DE MOTOCICLETAS Y CICLOMOTORES
Q001031	MECÁNICOS-AJUSTADORES DE MOTORES DIESEL (VEHÍCULOS)
Q001032	MECÁNICOS-AJUSTADORES DE MOTORES EN MAQUINARIA PESADA, AGRÍCOLA Y/O INDUSTRIAL AUTOPROPULSADA
Q001033	MECÁNICOS-AJUSTADORES DE MOTORES Y EQUIPOS DE INYECCIÓN (DIESEL Y GASOLINA)
Q001034	MECÁNICOS DE MANTENIMIENTO Y REPARACIÓN DE MOTORES DE AVIÓN Y HELICÓPTERO
Q001035	ENCARGADOS DE TALLER DE MAQUINARIA AGRÍCOLA, EN GENERAL
Q001036	INSTALADORES-AJUSTADORES DE MÁQUINAS Y EQUIPOS INDUSTRIALES, EN GENERAL
Q001037	INSTALADORES-AJUSTADORES-REPARADORES DE AUTOMATISMOS
Q001038	MECÁNICOS REPARADORES DE MAQUINARIA AGRÍCOLA, EN GENERAL
Q001039	MECÁNICOS REPARADORES DE MAQUINARIA DE CONSTRUCCIÓN, MOVIMIENTO DE TIERRAS Y/O MINERÍA
Q001040	MECÁNICOS REPARADORES DE MAQUINARIA DE IMPRESIÓN
Q001041	MECÁNICOS REPARADORES DE MAQUINARIA INDUSTRIAL, EN GENERAL
Q001042	MECÁNICOS-AJUSTADORES (DE MOTORES) DIESEL, EXCEPTO VEHÍCULOS
Q001043	MECÁNICOS-AJUSTADORES DE MAQUINARIA AGRÍCOLA, EN GENERAL
Q001044	MECÁNICOS-AJUSTADORES DE MAQUINARIA INDUSTRIAL, EN GENERAL
Q001045	MECÁNICOS REPARADORES DE BICICLETAS
Q001046	INSTALADORES ELECTRICISTAS DE EDIFICIOS Y VIVIENDAS
Q001047	ELECTRICISTAS DE AVIONES
Q001048	ELECTRICISTAS DE FABRICACIÓN INDUSTRIAL
Q001049	ELECTRICISTAS DE MANTENIMIENTO Y REPARACIÓN DE ELECTRODOMÉSTICOS
Q001050	ELECTRICISTAS NAVALES
Q001051	ELECTRICISTAS Y/O ELECTRÓNICOS DE AUTOMOCIÓN, EN GENERAL
Q001052	INSTALADORES DE SISTEMAS FOTOVOLTAICOS Y EÓLICOS
Q001053	JEFES DE EQUIPO DE TALLER DE EQUIPOS ELÉCTRICOS
Q001054	JEFES DE EQUIPO EN TALLER ELECTROMECÁNICO
Q001055	ELECTRÓNICOS DE MANTENIMIENTO Y REPARACIÓN DE INSTALACIONES DE REFRIGERACIÓN Y CLIMATIZACIÓN
Q001056	ELECTRÓNICOS DE MANTENIMIENTO Y REPARACIÓN DE INSTRUMENTOS MUSICALES
Q001057	ELECTRÓNICOS DE MANTENIMIENTO Y REPARACIÓN DE MÁQUINAS RECREATIVAS
Q001058	ELECTRÓNICOS DE MANTENIMIENTO Y REPARACIÓN DE RECEPTORES DE RADIO Y TELEVISIÓN
Q001059	ELECTRÓNICOS DE MANTENIMIENTO Y REPARACIÓN DE VÍDEO-CÁMARAS Y MAGNETOSCOPIOS
Q001060	ELECTRÓNICOS-AJUSTADORES DE EQUIPOS DE SONIDO
Q001061	INSTALADORES DE EQUIPOS Y SISTEMAS ELECTRÓNICOS
Q001062	ELECTRÓNICOS-AJUSTADORES DE APARATOS MÉDICOS
Q001063	ELECTRÓNICOS DE MANTENIMIENTO Y REPARACIÓN DE EQUIPOS DE RADAR
Q001064	ELECTRÓNICOS-AJUSTADORES DE ORDENADORES Y MICROPROCESADORES
Q001065	INSTALADORES DE EQUIPOS Y SISTEMAS DE COMUNICACIÓN
Q001066	INSTALADORES DE EQUIPOS Y SISTEMAS DE TELECOMUNICACIÓN
Q001067	INSTALADORES DE LÍNEAS DE TELECOMUNICACIÓN
Q001068	INSTALADORES-REPARADORES DE ANTENAS DE RADIO Y TELEVISIÓN
Q001069	CONSTRUCTORES DE RELOJES
Q001070	MECÁNICOS DE MANTENIMIENTO Y REPARACIÓN DE INSTRUMENTOS DE METEOROLOGÍA Y/O NAVEGACIÓN
Q001071	MECÁNICOS-AJUSTADORES DE APARATOS ORTOPÉDICOS
Q001072	MECÁNICOS-AJUSTADORES DE INSTRUMENTOS DE ÓPTICA
Q001073	MECÁNICOS-AJUSTADORES DE INSTRUMENTOS DE PRECISIÓN, EN GENERAL
Q001074	RELOJEROS REPARADORES
Q001075	AFINADORES DE INSTRUMENTOS MUSICALES
Q001076	CONSTRUCTORES DE OTROS INSTRUMENTOS MUSICALES (EXCEPTO PIANOS Y LUTIER)
Q001077	CONSTRUCTORES DE PIANOS
Q001078	GRABADORES DE JOYERÍA Y PLATERÍA
Q001079	JOYEROS DE BISUTERÍA
Q001080	JOYEROS, EN GENERAL
Q001081	ORFEBRES
Q001082	PLATEROS
Q001083	ALFAREROS-CERAMISTAS
Q001084	MODELISTAS-MOLDEADORES DE CERÁMICA (PORCELANA, LOZA, BARRO Y GRES)
Q001085	MONTADORES DE PRODUCTOS CERÁMICOS
Q001086	SOPLADORES DE VIDRIO
Q001087	TRABAJADORES DE LA FABRICACIÓN DE VIDRIO ARTÍSTICO, EN GENERAL
Q001088	GRABADORES DE VIDRIO
Q001089	PINTORES-DECORADORES DE FIGURAS DE ESCAYOLA Y SIMILARES
Q001090	PINTORES-DECORADORES DE VIDRIO
Q001091	PINTORES-DECORADORES-ESTAMPADORES DE CERÁMICA
Q001092	SERIGRAFISTAS DE VIDRIO
Q001093	TALLISTAS DE VIDRIO Y CRISTAL
Q001094	ARTESANOS DE ARTÍCULOS CON FIBRAS VEGETALES, EN GENERAL
Q001095	ARTESANOS DE ARTÍCULOS DE MADERA, EN GENERAL
Q001096	ARTESANOS DE JUGUETES DE MADERA Y SIMILARES
Q001097	ARTESANOS PRODUCTORES DE FALLAS Y SIMILARES
Q001098	CESTEROS
Q001099	IMAGINEROS (ARTESANÍA MADERA)
Q001100	TEJEDORES-TRENZADORES DE FIBRAS VEGETALES
Q001101	ARTESANOS DEL CUERO, EN GENERAL (EXCEPTO CALZADO)
Q001102	CONFECCIONADORES ARTESANAL DE ALPARGATAS
Q001103	ENCAJEROS DE BOLILLOS
Q001104	ENCAJEROS, A MANO
Q001105	MARROQUINEROS ARTESANALES
Q001106	PASAMANEROS, A MANO (FLECOS, CORDONES, DAMASCOS)
Q001107	TEJEDORES DE PUNTO EN TRICOTOSA DOMESTICA MANUAL Y SIMILARES
Q001108	TEJEDORES DE REDES, A MANO
Q001109	TEJEDORES EN TELAR MANUAL, EN GENERAL
Q001110	ZURCIDORES DE TEJIDOS (FABRICACIÓN TEXTIL)
Q001111	ARTESANOS CONFECCIONADOR DE FIGURAS PLÁSTICAS
Q001112	ARTESANOS DE ARTÍCULOS DE MARFIL, PIEDRA Y OTROS
Q001113	ARTESANOS DE ARTÍCULOS DE PAPEL Y CARTÓN
Q001114	CEREROS
Q001115	MONTADORES DE CASTILLOS DE PIROTECNIA
Q001116	MUÑEQUEROS ARTESANALES
Q001117	CONFECCIONADORES DE CILINDROS DE HUECOGRABADO
Q001118	ELABORADORES DE PRUEBAS (PREIMPRESIÓN)
Q001119	ELECTROTIPISTAS Y/O GALVANOPLASTAS
Q001120	ESCANISTAS (REPRODUCCIÓN ARTES GRÁFICAS)
Q001121	FOTOGRABADORES, EN GENERAL
Q001122	GRABADORES CON PANTÓGRAFO (REPRODUCCIÓN ARTES GRÁFICAS)
Q001123	GRABADORES DE CLICHÉS DE MADERA, CAUCHO Y LINÓLEO, A MANO
Q001124	GRABADORES DE IMPRENTA AL AGUAFUERTE
Q001125	GRABADORES DE PIEDRA LITOGRÁFICA
Q001126	MONTADORES-INSOLADORES-PASADORES DE PLANCHAS PARA IMPRESIÓN EN OFFSET Y FLEXOGRAFÍA
Q001127	MONTADORES-RETOCADORES DE FOTOLITOS
Q001128	TRAZADORES-MONTADORES DE FILMES Y TEXTOS (REPRODUCCIÓN ARTES GRÁFICAS)
Q001129	ARTESANOS IMPRESORES
Q001130	ESTAMPADORES DE TEXTILES
Q001131	IMPRESORES DE SERIGRAFÍA
Q001132	IMPRESORES MINERVISTAS
Q001133	OPERADORES DE MÁQUINA DE IMPRESIÓN DE PAPELES PINTADOS
Q001134	OPERADORES DE MÁQUINA DE IMPRESIÓN TAMPOGRÁFICA
Q001135	OPERADORES DE MÁQUINA DE REPROGRAFÍA (IMPRESIÓN ARTES GRÁFICAS)
Q001136	OPERADORES DE MÁQUINA IMPRESORA CALCOGRAFÍA, EN GENERAL
Q001137	OPERADORES DE MÁQUINA IMPRESORA DE FLEXOGRAFÍA, EN GENERAL
Q001138	OPERADORES DE MÁQUINA IMPRESORA DE FORMULARIOS DE PAPEL CONTINUO (IMPRESIÓN ARTES GRÁFICAS)
Q001139	OPERADORES DE MÁQUINA IMPRESORA DE HUECOGRABADO, EN GENERAL
Q001140	OPERADORES DE MÁQUINA IMPRESORA DE PEQUEÑO FORMATO (IMPRESIÓN ARTES GRÁFICAS)
Q001141	OPERADORES DE MÁQUINA IMPRESORA OFFSET, EN GENERAL
Q001142	OPERADORES DE PRENSA LITOGRÁFICA (IMPRESIÓN ARTES GRÁFICAS)
Q001143	OPERADORES DE PRENSA PLANOCILÍNDRICA (IMPRESIÓN ARTES GRÁFICAS)
Q001144	OPERADORES DE PRENSA ROTOGRABADO (IMPRESIÓN ARTES GRÁFICAS)
Q001145	OPERADORES DE MÁQUINAS PARA ENCUADERNACIÓN INDUSTRIAL, EN GENERAL
Q001146	CARNICEROS PARA LA VENTA EN COMERCIO
Q001147	CHACINEROS-CHARCUTEROS
Q001148	ELABORADORES DE PRODUCTOS CÁRNICOS
Q001149	MATARIFES DE AVES Y CONEJOS
Q001150	MATARIFES-CARNICEROS, EN GENERAL
Q001151	PREPARADORES DE JAMONES
Q001152	LIMPIADORES-PREPARADORES DE PESCADO PARA CONSERVAS
Q001153	TRABAJADORES EN LA PREPARACIÓN DE PESCADO PARA CONSERVAS
Q001154	GALLETEROS
Q001155	PANADEROS
Q001156	PASTELEROS
Q001157	TRABAJADORES DE LA ELABORACIÓN DE PRODUCTOS DE CACAO Y CHOCOLATE
Q001158	HELADEROS-ELABORADORES DE HELADOS
Q001159	QUESEROS
Q001160	TRABAJADORES DE LA ELABORACIÓN DE PRODUCTOS LÁCTEOS
Q001161	TRABAJADORES DEL TRATAMIENTO DE LA LECHE
Q001162	ALMAZAREROS
Q001163	TRABAJADORES DE LA ELABORACIÓN DE ALIMENTOS DESHIDRATADOS
Q001164	TRABAJADORES DE LA ELABORACIÓN DE CONCENTRADOS Y ZUMOS
Q001165	TRABAJADORES DE LA ELABORACIÓN DE CONSERVAS VEGETALES
Q001166	TRABAJADORES DE LA ELABORACIÓN DE FRUTOS SECOS, APERITIVOS Y SNAKS
Q001167	TRABAJADORES DE LA ELABORACIÓN DE PIENSOS COMPUESTOS
Q001168	TRABAJADORES DE LA ELABORACIÓN DE TÉ E INFUSIONES
Q001169	TRABAJADORES DE LA PREPARACIÓN, ADEREZO Y RELLENO DE ACEITUNAS
Q001170	BODEGUEROS VINÍCOLA
Q001171	CATADORES Y/O CLASIFICADORES DE VINOS
Q001172	CLASIFICADORES DE FRUTAS Y VERDURAS
Q001173	TRABAJADORES DEL TRATAMIENTO DE LA MADERA, EN GENERAL
Q001174	TRABAJADORES DEL TRATAMIENTO DEL CORCHO, EN GENERAL
Q001175	OPERADORES DE DESPIECE DE MADERA Y TABLEROS
Q001176	OPERADORES DE MÁQUINA ASERRADORA (FABRICACIÓN ARTÍCULOS DE CORCHO)
Q001177	OPERADORES DE MÁQUINA TUPÍ (FABRICACIÓN DE PRODUCTOS DE MADERA)
Q001178	OPERADORES DE MÁQUINAS DE C.N.C. PARA FABRICAR PRODUCTOS DE MADERA
Q001179	OPERADORES DE MÁQUINAS PARA FABRICAR ARTÍCULOS DE CORCHO, EN GENERAL
Q001180	OPERADORES DE MÁQUINAS PARA FABRICAR PRODUCTOS DE MADERA, EN GENERAL
Q001181	OPERADORES DE MÁQUINAS PARA FABRICAR TAPONES DE CORCHO
Q001182	OPERADORES DE TREN DE ACABADO DE MUEBLES
Q001183	PREPARADORES-AJUSTADORES DE MÁQUINAS PARA LABRAR MADERA, EN GENERAL
Q001184	TRABAJADORES EN LA FABRICACIÓN DE PERSIANAS DE MADERA
Q001185	CHAPADORES Y/O ACABADORES DE MUEBLES DE MADERA
Q001186	EBANISTAS
Q001187	MAQUETISTAS EN MADERA
Q001188	MODELISTAS DE MADERA
Q001189	PROYECTISTAS DE CARPINTERÍA Y MUEBLE
Q001190	TALLISTAS ARTESANOS DE MADERA EN MUEBLES Y SIMILARES
Q001191	TONELEROS
Q001192	TORNEROS DE MADERA (EBANISTERÍA)
Q001193	CAMISEROS
Q001194	CORSETEROS
Q001195	LIMPIADORES-RESTAURADORES DE PRENDAS DE PELETERÍA
Q001196	MODISTOS
Q001197	MODISTOS DE ARREGLOS Y COMPOSTURAS
Q001198	PELETEROS, EN GENERAL
Q001199	SASTRES
Q001200	SOMBREREROS (EXCEPTO SOMBREROS DE PAJA)
Q001201	MARCADORES-CORTADORES DE TELA Y/O PRENDAS DE VESTIR, EXCEPTO EN PIEL Y CUERO
Q001202	BORDADORES A MANO
Q001203	COSEDORES A MANO O MÁQUINA DOMESTICA, EN GENERAL
Q001204	COLCHONEROS
Q001205	CONFECCIONADORES-INSTALADORES DE CORTINAS
Q001206	TAPICEROS DE VEHÍCULOS
Q001207	COSEDORES DE CALZADO, A MANO
Q001208	MODELISTAS-PATRONISTAS-ESCALADORES DE CALZADO
Q001209	MONTADORES DE CALZADO, A MANO
Q001210	ZAPATEROS ORTOPEDISTAS
Q001211	ZAPATEROS, EN GENERAL (CALZADO A MEDIDA)
Q001212	ZAPATEROS-REPARADORES DE CALZADO
Q001213	BUZOS, EN GENERAL (EXCEPTO CONSTRUCCIÓN)
Q001214	BUZOS DE LA CONSTRUCCIÓN
Q001215	BUZOS ESPECIALISTAS EN SALVAMENTO
Q001216	BUZOS ESPECIALISTAS SOLDADORES-OXICORTADORES
Q001217	BUZOS ESPECIALISTAS (EXCEPTO SALVAMENTO Y SOLDADORES-OXICORTADORES)
Q001218	INSTRUCTORES DE BUCEO PROFESIONAL
Q001219	JEFES DE EQUIPO DE BUCEO
Q001220	ARTILLEROS DE LA CONSTRUCCIÓN
Q001221	ARTILLEROS DE MINAS
Q001222	CLASIFICADORES-SORTEADORES Y/O LAVADORES DE LANA (TEXTIL)
Q001223	EXAMINADORES-REVISORES DE GÉNEROS DE PUNTO (FABRICACIÓN TEXTIL)
Q001224	EXAMINADORES-REVISORES DE PRENDAS CONFECCIONADAS
Q001225	EXAMINADORES-REVISORES DE TEJIDOS (FABRICACIÓN TEXTIL)
Q001226	APLICADORES DE PLAGUICIDAS
Q001227	DESINFECTADORES-DESINSECTADORES DE EDIFICIOS
Q001228	TÉCNICOS EN TRATAMIENTOS CON PLAGUICIDAS Y/O HERBICIDAS
Q001229	TÉCNICOS MEDIOS DE TRATAMIENTO CON PLAGUICIDAS Y/O HERBICIDAS
Q001230	ARTESANOS DE OTROS OFICIOS NO CLASIFICADOS BAJO OTROS EPÍGRAFES
Q001231	MINEROS DE ARRANQUE DE CARBÓN Y OTROS MINERALES
Q001232	MINEROS DE ARRANQUE DE ROCAS PARA USOS ORNAMENTALES
Q001233	MINEROS DE PREPARACIÓN Y CONSERVACIÓN DE GALERÍAS
Q001234	OPERADORES DE MÁQUINA PERFORADORA (MINAS)
Q001235	PICADORES DE MINAS
Q001236	OPERADORES DE MÁQUINA CORTADORA, CORTABLOQUES Y/O PULIDORA DE ROCAS
Q001237	OPERADORES DE MÁQUINA DE LABRAR PIEDRA Y/O PIZARRA
Q001238	OPERADORES DE PLANTA DE BENEFICIO DE ROCAS ORNAMENTALES
Q001239	OPERADORES DE PLANTA DE OBTENCIÓN Y TRATAMIENTO DE SAL COMÚN
Q001240	OPERADORES DE PLANTA DE TRATAMIENTO Y CLASIFICACIÓN DE MINERALES Y ROCAS, EN GENERAL
Q001241	JEFES DE CAMPO DE PROSPECCIONES Y SONDEOS
Q001242	OPERADORES DE MÁQUINA PERFORADORA DE POZOS EN EXPLOTACIÓN
Q001243	OPERADORES DE MAQUINARIA DE PERFORACIÓN DE POZOS (CONSTRUCCIÓN)
Q001244	OPERADORES DE PLANTA DE PROSPECCIONES Y SONDEOS
Q001245	SONDISTAS DE PROSPECCIÓN MINERA
Q001246	OPERADORES DE INDUSTRIAS DEL CEMENTO
Q001247	OPERADORES DE MÁQUINAS EN PLANTA DE AGLOMERADOS ASFÁLTICOS
Q001248	OPERADORES DE MÁQUINAS EN PLANTA DE ÁRIDOS
Q001249	OPERADORES DE MÁQUINAS EN PLANTA DE HORMIGONES
Q001250	OPERADORES DE MÁQUINAS EN PLANTA DE MACHAQUEO DE MINERALES NO METÁLICOS
Q001251	OPERADORES DE MÁQUINAS PARA ELABORAR CAL, YESO Y/O ESCAYOLA
Q001252	OPERADORES DE MÁQUINAS PARA ELABORAR PREFABRICADOS DE HORMIGÓN Y/O FIBROCEMENTO
Q001253	FUNDIDORES DE SEGUNDA FUSIÓN (METALURGIA)
Q001254	FUNDIDORES EN ALTO HORNO
Q001255	OPERADORES DE ALTO HORNO, EN GENERAL
Q001256	OPERADORES DE HORNO DE RECALENTAR DE SEGUNDA FUSIÓN
Q001257	OPERADORES DE HORNOS DE TOSTACIÓN, CALCINACIÓN Y SINTERIZACIÓN
Q001258	OPERADORES DE MÁQUINA DE COLADA DE SEGUNDA FUSIÓN , EN GENERAL
Q001259	OPERADORES DE MÁQUINA ESTIRADORA DE METALES, EN GENERAL
Q001260	OPERADORES DE MÁQUINA EXTRUSORA DE METALES
Q001261	OPERADORES DE MÁQUINA TREFILADORA DE METALES
Q001262	OPERADORES DE PLANTA DE OBTENCIÓN DE ALÚMINA Y ALUMINIO
Q001263	OPERADORES DE PROCESOS DE FORJADO DE METALES
Q001264	OPERADORES DE PROCESOS DE LAMINACIÓN DE METALES
Q001265	OPERADORES DE MÁQUINA ESMALTADORA DE METALES
Q001266	OPERADORES DE MÁQUINA GALVANIZADORA DE METALES
Q001267	OPERADORES DE MÁQUINA LIMPIADORA O DECAPADORA DE METALES
Q001268	OPERADORES DE MÁQUINA RECUBRIDORA DE METALES POR INMERSIÓN EN CALIENTE
Q001269	OPERADORES DE MÁQUINA RECUBRIDORA DE METALES, EN GENERAL
Q001270	OPERADORES DE MÁQUINAS DESBARBADORAS, PULIDORAS Y BRUÑIDORAS DE METALES
Q001271	EXPEDIDORES DE EXPLOSIVOS
Q001272	OPERADORES DE BLANQUEO DE PRODUCTOS QUÍMICOS
Q001273	OPERADORES DE EQUIPOS DE DESTILACIÓN Y REACCIÓN QUÍMICA (EXCEPTO TRATAMIENTO DEL PETRÓLEO Y GAS NATURAL)
Q001274	OPERADORES DE EQUIPOS DE FILTRACIÓN Y SEPARACIÓN DE SUSTANCIAS QUÍMICAS, EN GENERAL
Q001275	OPERADORES DE FABRICACIÓN QUÍMICA
Q001276	OPERADORES DE INSTALACIONES DE TRATAMIENTOS QUÍMICOS POR CUBAS DE ELECTRÓLISIS
Q001277	OPERADORES DE INSTALACIONES PARA EL TRATAMIENTO DEL LÁTEX (CAUCHO)
Q001278	OPERADORES DE INSTALACIONES PARA EL TRATAMIENTO QUÍMICO DE MATERIALES RADIOACTIVOS
Q001279	OPERADORES DE INSTALACIONES PARA FABRICAR ABONOS QUÍMICOS
Q001280	OPERADORES DE INSTALACIONES PARA PRODUCIR CARBÓN VEGETAL Y/O COQUE
Q001281	OPERADORES DE INSTALACIONES PARA PRODUCIR FIBRAS SINTÉTICAS
Q001282	OPERADORES DE INSTALACIONES PARA PRODUCIR GAS DE HULLA
Q001283	OPERADORES DE MÁQUINAS PARA FABRICAR FÓSFOROS
Q001284	OPERADORES DE MÁQUINAS PARA FABRICAR PINTURAS Y BARNICES
Q001285	OPERADORES DE PLANTA QUÍMICA
Q001286	OPERADORES DE REACTOR ABIERTO EN TRATAMIENTOS QUÍMICOS
Q001287	PIROTÉCNICOS
Q001288	OPERADORES DE MÁQUINAS PARA FABRICAR PELÍCULAS Y PAPEL FOTOGRÁFICO, EN GENERAL
Q001289	OPERADORES DE MÁQUINA RECAUCHUTADORA DE NEUMÁTICOS
Q001290	OPERADORES DE MÁQUINAS PARA EL ACABADO DE PRODUCTOS DE CAUCHO Y GOMA
Q001291	OPERADORES DE MÁQUINAS PARA FABRICAR NEUMÁTICOS, EN GENERAL
Q001292	OPERADORES DE MÁQUINAS PARA FABRICAR PRODUCTOS DE CAUCHO, EXCEPTO NEUMÁTICOS
Q001293	VERIFICADORES DE LA FABRICACIÓN DE NEUMÁTICOS
Q001294	OPERADORES DE FABRICACIÓN DE JUGUETES DE PLÁSTICO
Q001295	OPERADORES DE MÁQUINA ACABADORA DE PRODUCTOS DE PLÁSTICO
Q001296	OPERADORES DE MÁQUINA DE IMPRESIÓN EN PLÁSTICOS
Q001297	OPERADORES DE MÁQUINA DE RECUBRIMIENTO POR MOLDEO ROTACIONAL (PLÁSTICO)
Q001298	OPERADORES DE MÁQUINA EXTRUSORA (MATERIAS PLÁSTICAS)
Q001299	OPERADORES DE MÁQUINA LAMINADORA DE PLÁSTICO
Q001300	OPERADORES DE MÁQUINA METALIZADORA DE PLÁSTICO POR ALTO VACÍO
Q001301	OPERADORES DE MÁQUINA MOLDEADORA DE PLÁSTICO, POR EXTRUSIÓN
Q001302	OPERADORES DE MÁQUINA MOLDEADORA DE PLÁSTICO, POR INYECCIÓN
Q001303	OPERADORES DE MÁQUINA REGENERADORA DE PLÁSTICO
Q001304	OPERADORES DE MÁQUINA SOLDADORA DE MATERIALES PLÁSTICOS
Q001305	OPERADORES DE MÁQUINAS PARA FABRICAR PRODUCTOS DE PLÁSTICO, EN GENERAL
Q001306	OPERADORES DE MÁQUINAS PARA FABRICAR RESINAS SINTÉTICAS
Q001307	OPERADORES DE MÁQUINAS PARA PREPARAR MOLDES DE RESINA
Q001308	OPERADORES DE MÁQUINAS PARA PREPARAR PANELES DE PLÁSTICO
Q001309	VERIFICADORES DE LA FABRICACIÓN DE PRODUCTOS CON MATERIAS PLÁSTICAS
Q001310	OPERADORES DE MÁQUINA CONTRACOLADORA-ENGOMADORA DE PAPEL Y CARTÓN
Q001311	OPERADORES DE MÁQUINA EXTRUSIONADORA DE PAPEL Y CARTÓN
Q001312	OPERADORES DE MÁQUINA SLOTTER (CONFECCIÓN DE PRODUCTOS DE CARTÓN)
Q001313	OPERADORES DE MÁQUINA TROQUELADORA DE PAPEL, CARTÓN Y MATERIALES AFINES
Q001314	OPERADORES DE MÁQUINAS PARA CONFECCIONAR ARTÍCULOS DE CARTÓN, EN GENERAL
Q001315	OPERADORES DE MÁQUINAS PARA CONFECCIONAR ARTÍCULOS DE PAPEL, EN GENERAL
Q001316	OPERADORES DE MÁQUINAS PARA CONFECCIONAR SERVILLETAS, MANTELES, TOALLITAS Y COMPRESAS
Q001317	VERIFICADORES DE PRODUCTOS ACABADOS DE PAPEL Y CARTÓN
Q001318	OPERADORES DE FABRICACIÓN DE LAMINADOS DE MADERA
Q001319	OPERADORES DE INSTALACIONES PARA EL TRATAMIENTO DE LA MADERA, EN GENERAL
Q001320	OPERADORES DE MÁQUINAS PARA EL TRATAMIENTO DEL CORCHO, EN GENERAL
Q001321	OPERADORES DE MÁQUINAS PARA FABRICAR AGLOMERADOS
Q001322	OPERADORES DE SERRERÍAS, EN GENERAL
Q001323	OPERADORES DE TREN DE MECANIZADO DE TABLEROS AGLOMERADOS
Q001324	OPERADORES DE MÁQUINA BLANQUEADORA (PASTA DE PAPEL)
Q001325	OPERADORES DE MÁQUINA CORTADORA (FABRICACIÓN DE PAPEL)
Q001326	OPERADORES DE MÁQUINA DESCORTEZADORA-TROCEADORA (PASTA DE PAPEL)
Q001327	OPERADORES DE MÁQUINA LEJIADORA O DIGESTOR (PASTA DE PAPEL)
Q001328	OPERADORES DE MÁQUINA BOBINADORA Y TRASCANADORA DE HILOS
Q001329	OPERADORES DE MÁQUINA CARDADORA DE FIBRAS
Q001330	OPERADORES DE MÁQUINA DE CORTADO Y DESFIBRADO DE MATERIAS TEJIDAS
Q001331	OPERADORES DE MÁQUINA DE HILAR CONTINUA
Q001332	OPERADORES DE MÁQUINA DE HILAR CONTINUA A ROTOR (OPEN-END)
Q001333	OPERADORES DE MÁQUINA DESMOTADORA (TEXTIL)
Q001334	OPERADORES DE MÁQUINA LAVADORA DE FIBRAS TEXTILES
Q001335	OPERADORES DE MÁQUINA RETORCEDORA DE FIBRAS TEXTILES
Q001336	OPERADORES DE MÁQUINA REUNIDORA-RETORCEDORA DE HILADOS Y FILAMENTOS QUÍMICOS
Q001337	OPERADORES DE MÁQUINAS GILLS, MANUAR, MECHERA Y PEINADORA DE FIBRAS
Q001338	OPERADORES DE MÁQUINAS PARA EL ACABADO DE HILADOS
Q001339	OPERADORES DE MÁQUINAS PARA HILAR FIBRAS TEXTILES, EN GENERAL
Q001340	OPERADORES DE MÁQUINAS PARA LA PREPARACIÓN DE FIBRAS TEXTILES, EN GENERAL
Q001341	OPERADORES DE MÁQUINAS PARA PROCESAR FIBRAS PARA HILATURA
Q001342	VERIFICADORES DE ACABADO EN LA FABRICACIÓN DE FIBRAS TEXTILES
Q001343	OPERADORES DE MÁQUINA CIRCULAR TEJEDORA DE GÉNERO DE PUNTO
Q001344	OPERADORES DE MÁQUINA PASADORA Y ANUDADORA DE HILOS DE URDIMBRE
Q001345	OPERADORES DE MÁQUINA REMALLADORA DE PRENDAS DE GÉNERO DE PUNTO
Q001346	OPERADORES DE MÁQUINA TEJEDORA "COTTON" DE GÉNERO DE PUNTO
Q001347	OPERADORES DE MÁQUINA TEJEDORA DE CALADA CON DISPOSITIVOS ESPECIALES (ALFOMBRAS, TAPICES, RIZO Y TERCIOPELO)
Q001348	OPERADORES DE MÁQUINA TEJEDORA DE CALADA CON JACQUARD
Q001349	OPERADORES DE MÁQUINA TEJEDORA DE CALADA CON Y SIN MAQUINILLA
Q001350	OPERADORES DE MÁQUINA TEJEDORA DE ENCAJES Y BLONDAS
Q001351	OPERADORES DE MÁQUINA TEJEDORA DE PASAMANERÍA (Y/O CINTERÍA)
Q001352	OPERADORES DE MÁQUINA TEJEDORA DE PUNTO EN MÁQUINAS DE RECOGIDA
Q001353	OPERADORES DE MÁQUINA TEJEDORA DE REDES Y MALLAS
Q001354	OPERADORES DE MÁQUINA WILLOW Y SIMILARES
Q001355	OPERADORES DE MÁQUINAS PARA LA FABRICACIÓN DE CORDELERÍA
Q001356	OPERADORES DE MÁQUINAS TEJEDORAS EN TELAR DE CALADA, EN GENERAL
Q001357	OPERADORES DE MÁQUINA TEJEDORA DE GÉNERO DE PUNTO POR URDIMBRE (KETLE Y RASCHEL)
Q001358	PREPARADORES-AJUSTADORES DE TELARES
Q001359	OPERADORES DE MÁQUINA DE ACOLCHADO
Q001360	OPERADORES DE MÁQUINA INDUSTRIAL DE BORDAR (UNICABEZAL Y MULTICABEZAL)
Q001361	OPERADORES DE MÁQUINA INDUSTRIAL DE BORDAR DE BARRETAS, A LA CONTINUA
Q001362	OPERADORES DE MÁQUINA INDUSTRIAL DE COSER A LA PLANA, EXCEPTO PELETERÍA, CALZADO, MARROQUINERÍA Y GUANTERÍA DE PIEL
Q001363	OPERADORES DE MÁQUINA INDUSTRIAL DE COSER OWERLOCK
Q001364	OPERADORES DE MÁQUINA INDUSTRIAL DE PLISAR (TEXTIL/CONFECCIÓN)
Q001365	OPERADORES DE MÁQUINA INDUSTRIAL DE RIBETEAR O ENCINTAR (TEXTIL/CONFECCIÓN)
Q001366	OPERADORES DE MÁQUINAS DE ENNOBLECIMIENTO TEXTIL (PREPARACIÓN Y BLANQUEO)
Q001367	OPERADORES DE MÁQUINAS DE ESTAMPACIÓN EN TELAS, PLANA Y ROTATIVA
Q001368	OPERADORES DE MÁQUINAS DE PREPARACIÓN DE PRODUCTOS PARA APRESTOS Y ACABADOS TEXTILES
Q001369	OPERADORES DE MÁQUINAS DE TINTURA DE HILADOS Y FIBRAS
Q001370	OPERADORES DE MÁQUINAS DE TINTURA DE TELAS
Q001371	OPERADORES DE MÁQUINAS DE VAPORIZADO, LAVADO Y SECADO DE TELAS, FIBRAS O HILADOS ESTAMPADOS
Q001372	OPERADORES DE MÁQUINAS ESTAMPADORAS DE TEXTILES
Q001373	OPERADORES DE MÁQUINAS HORMADORAS DE PRENDAS DE GÉNERO DE PUNTO
Q001374	OPERADORES DE MÁQUINAS PARA EL ACABADO DE LA SEDA
Q001375	OPERADORES DE MÁQUINAS PARA EL ACABADO DE PRODUCTOS TEXTILES
Q001376	OPERADORES DE MÁQUINAS PARA EL PERCHADO Y CEPILLADO DE TELAS
Q001377	OPERADORES DE MÁQUINAS PLANCHADORAS DE CONFECCIÓN INDUSTRIAL
Q001378	OPERADORES DE MÁQUINAS TUNDOSA DE TELAS
Q001379	VERIFICADORES DE PRODUCTOS TEXTILES
Q001380	OPERADORES DE MÁQUINAS DE CURTICIÓN DE PIELES Y CUEROS (DESENCALADO, RENDIDO, PIQUELADO, DESENGRASADO Y CURTIDO)
Q001381	OPERADORES DE MÁQUINA CORTADORA DE PIEZAS DE CALZADO
Q001382	OPERADORES DE MÁQUINA DE COSER PIEL Y CUERO (MARROQUINERÍA Y GUANTERÍA)
Q001383	OPERADORES DE MÁQUINAS DE MONTAJE, AHORMADO, CENTRADO Y FIJACIÓN DE PIEZAS DE CALZADO
Q001384	OPERADORES DE MÁQUINAS PARA LA PREPARACIÓN DE CALZADO, EN GENERAL
Q001385	VERIFICADORES DE CALIDAD DE PIEZAS (APARADO DE CALZADO)
Q001386	OPERADORES DE MÁQUINAS PARA CONFECCIONAR ADORNOS PARA TOCADO Y VESTIDO
Q001387	OPERADORES DE MÁQUINAS PARA CONFECCIONAR COLCHONES
Q001388	OPERADORES DE MÁQUINAS PARA CONFECCIONAR SOMBREROS, GORRAS Y/O GUANTES (EXCEPTO PIEL Y CUERO)
Q001389	OPERADORES DE MÁQUINAS PARA FABRICAR TELAS NO TEJIDAS, EN GENERAL
Q001390	OPERADORES DE CUADRO DE CONTROL PARA LA PRODUCCIÓN DE ARTÍCULOS DE PANADERÍA Y REPOSTERÍA INDUSTRIAL
Q001391	OPERADORES DE INSTALACIONES DE PROCESO CONTINUO (REFINO DE AZÚCAR)
Q001392	OPERADORES DE MÁQUINA ENVASADORA DE BEBIDAS
Q001393	OPERADORES DE MÁQUINA ENVASADORA DE TABACO
Q001394	OPERADORES DE MÁQUINA MEZCLADORA DE INGREDIENTES PARA FABRICAR PIENSOS COMPUESTOS
Q001395	OPERADORES DE MÁQUINAS ENVASADORAS DE PRODUCTOS DE PANADERÍA Y REPOSTERÍA INDUSTRIAL
Q001396	OPERADORES DE MÁQUINAS PARA CONGELAR CARNE O PESCADO
Q001397	OPERADORES DE MÁQUINAS PARA EL ADEREZO Y RELLENO DE ACEITUNAS
Q001398	OPERADORES DE MÁQUINAS PARA EL TRATAMIENTO Y ELABORACIÓN DE PRODUCTOS LÁCTEOS, EN GENERAL
Q001399	OPERADORES DE MÁQUINAS PARA ELABORAR AZÚCAR, EN GENERAL
Q001400	OPERADORES DE MÁQUINAS PARA ELABORAR CARAMELOS Y DULCES
Q001401	OPERADORES DE MÁQUINAS PARA ELABORAR CAVAS
Q001402	OPERADORES DE MÁQUINAS PARA ELABORAR CONCENTRADOS Y ZUMOS
Q001403	OPERADORES DE MÁQUINAS PARA ELABORAR CONSERVAS DE FRUTAS, VERDURAS Y PRODUCTOS VEGETALES, EN GENERAL
Q001404	OPERADORES DE MÁQUINAS PARA ELABORAR CONSERVAS DE PESCADO Y SIMILARES
Q001405	OPERADORES DE MÁQUINAS PARA ELABORAR CONSERVAS DE PRODUCTOS CÁRNICOS
Q001406	OPERADORES DE MÁQUINAS PARA ELABORAR HELADOS
Q001407	OPERADORES DE MÁQUINAS PARA ELABORAR PASTAS ALIMENTICIAS
Q001408	OPERADORES DE MÁQUINAS PARA ELABORAR PRODUCTOS A BASE DE CEREALES
Q001409	OPERADORES DE MÁQUINAS PARA ELABORAR PRODUCTOS CÁRNICOS, EN GENERAL
Q001410	OPERADORES DE MÁQUINAS PARA ELABORAR QUESO Y SIMILARES
Q001411	OPERADORES DE MÁQUINAS PARA ELABORAR TÉ Y OTRAS INFUSIONES
Q001412	OPERADORES DE MÁQUINAS PARA ELABORAR TURRONES Y MAZAPANES
Q001413	OPERADORES DE MÁQUINAS PARA ELABORAR VINAGRES
Q001414	OPERADORES DE MÁQUINAS PARA ELABORAR Y/O REFINAR ACEITES Y GRASAS COMESTIBLES
Q001415	OPERADORES DE MÁQUINAS PARA MOLTURAR CEREALES Y ESPECIAS, EN GENERAL
Q001416	OPERADORES DE MÁQUINAS DE LIMPIAR Y RESTAURAR PRENDAS DE PIEL Y CUERO (EXCEPTO PELETERÍA)
Q001417	OPERADORES DE MÁQUINAS DE LIMPIEZA EN SECO DE PRENDAS (LAVANDERÍA)
Q001418	OPERADORES DE MÁQUINAS DE TINTURA DE PRENDAS (LAVANDERÍA)
Q001419	OPERADORES DE MÁQUINAS LAVADORAS Y/O SECADORAS DE PRENDAS (LAVANDERÍA)
Q001420	OPERADORES DE MÁQUINAS PLANCHADORAS DE PRENDAS (LAVANDERÍA Y SIMILARES)
Q001421	OPERADORES DE FABRICACIÓN DE ABRASIVOS FLEXIBLES
Q001422	OPERADORES DE FABRICACIÓN DE ABRASIVOS RÍGIDOS
Q001423	OPERADORES DE FABRICACIÓN DE TEJAS Y LADRILLOS
Q001424	OPERADORES DE HORNO DE CERÁMICA, PORCELANA Y LOZA
Q001425	OPERADORES DE HORNO DE ESMALTES, BARNICES Y VIDRIADOS
Q001426	OPERADORES DE HORNO PARA FABRICAR TEJAS Y LADRILLOS
Q001427	OPERADORES DE MÁQUINA MOLEDORA DE ESMALTES EN INDUSTRIA CERÁMICA
Q001428	OPERADORES DE MÁQUINA PRENSADORA PARA ELABORAR PIEZAS DE CERÁMICA
Q001429	OPERADORES DE MÁQUINA PREPARADORA DE ARCILLA
Q001430	OPERADORES DE MÁQUINA PREPARADORA DE ESMALTES, BARNICES Y VIDRIADOS
Q001431	OPERADORES DE MÁQUINAS PARA FABRICAR FIBRA DE VIDRIO
Q001432	VERIFICADORES EN SERIE DE PIEZAS DE PORCELANA Y CERÁMICA
Q001433	ENGRASADORES DE MÁQUINAS DE BARCOS
Q001434	OPERADORES DE CALDERAS INDUSTRIALES
Q001435	OPERADORES DE MÁQUINA DE ETIQUETAR, EN GENERAL
Q001436	OPERADORES DE MÁQUINA EMBALADORA DE PRODUCTOS NO PERECEDEROS
Q001437	OPERADORES DE MÁQUINA EMBALADORA DE PRODUCTOS PERECEDEROS PREVIAMENTE ENVASADOS
Q001438	OPERADORES DE MÁQUINA EMBOTELLADORA DE BEBIDAS
Q001439	OPERADORES DE MÁQUINA EMBOTELLADORA Y/O ENVASADORA DE LECHE Y PRODUCTOS LÁCTEOS
Q001440	OPERADORES DE MÁQUINA ENSACADORA-ENVASADORA DE CEREALES Y PIENSOS COMPUESTOS
Q001441	OPERADORES DE MÁQUINAS EMBOTELLADORAS DE ZUMOS Y CONCENTRADOS DE FRUTAS, VERDURAS Y PRODUCTOS VEGETALES
Q001442	OPERADORES DE MÁQUINAS ENLATADORAS (Y/O ENVASADORAS DE PRODUCTOS DE CARNE O PESCADO)
Q001443	OPERADORES DE MÁQUINAS ENLATADORAS Y/O ENVASADORAS DE FRUTAS, VERDURAS Y PRODUCTOS VEGETALES
Q001444	OPERADORES DE MÁQUINAS ENVASADORAS DE ACEITES Y GRASAS COMESTIBLES
Q001445	OPERADORES DE MÁQUINAS ENVASADORAS DE AZÚCAR
Q001446	OPERADORES DE MÁQUINAS ENVASADORAS DE CAFÉ, TÉ, CACAO Y SIMILARES
Q001447	OPERADORES DE MÁQUINAS ENVASADORAS DE MIEL
Q001448	OPERADORES DE MÁQUINAS ENVASADORAS DE PASTAS ALIMENTICIAS
Q001449	OPERADORES DE MÁQUINAS ENVASADORAS DE PRODUCTOS CONGELADOS DE CARNE O PESCADO
Q001450	OPERADORES DE EQUIPOS COMPRESORES DE GAS
Q001451	OPERADORES DE PLANTA DE AIRE ACONDICIONADO
Q001452	OPERADORES DE PLANTA DE REFRIGERACIÓN
Q001453	OPERADORES DE PLANTA DE VENTILACIÓN Y CALEFACCIÓN
Q001454	MONTADORES-AJUSTADORES DE ELEMENTOS MECÁNICOS DE MOTORES AERONÁUTICOS
Q001455	MONTADORES-AJUSTADORES DE ELEMENTOS MECÁNICOS, EN CADENA DE MONTAJE (EXCEPTO AUTOMOCIÓN)
Q001456	MONTADORES-AJUSTADORES DE GRUPOS MECÁNICOS Y MOTORES EN AUTOMOCIÓN
Q001457	MONTADORES-AJUSTADORES DE MAQUINARIA AGRÍCOLA, EN GENERAL
Q001458	MONTADORES DE APARATOS ELÉCTRICOS EN CADENA DE MONTAJE
Q001459	MONTADORES DE APARATOS ELECTRÓNICOS, EN GENERAL
Q001460	MONTADORES DE BOBINAS EN MOTORES
Q001461	MONTADORES DE CUADROS ELÉCTRICOS
Q001462	MONTADORES DE CUADROS ELECTRONEUMÁTICOS
Q001463	MONTADORES DE ELEMENTOS ELÉCTRICOS Y/O ELECTRÓNICOS DE VEHÍCULOS, EN GENERAL
Q001464	MONTADORES DE MAQUINARIA ELÉCTRICA, EN GENERAL
Q001465	MONTADORES ELECTROMECÁNICOS, EN GENERAL
Q001466	MONTADORES ELECTRÓNICOS DE EQUIPOS INFORMÁTICOS
Q001467	VERIFICADORES DE AJUSTES EN EL MONTAJE DE ELEMENTOS ELÉCTRICOS Y/O EN SERIE
Q001468	ENSAMBLADORES DE PRODUCTOS METÁLICOS, DE CAUCHO O PLÁSTICO EN CADENA DE MONTAJE
Q001469	ENSAMBLADORES DE PRODUCTOS METÁLICOS, EN GENERAL
Q001470	MONTADORES DE ADORNOS CON Y PARA PRODUCTOS TEXTILES
Q001471	MONTADORES DE ENVASES Y EMBALAJES DE MADERA Y SIMILARES
Q001472	MONTADORES DE MUEBLES DE COCINA
Q001473	MONTADORES DE MUEBLES DE MADERA O SIMILARES
Q001474	MONTADORES DE PRODUCTOS DE MADERA Y/O EBANISTERÍA, EN GENERAL
Q001475	MONTADORES DE PRODUCTOS DE CARTÓN/PAPEL
Q001476	MONTADORES EN LÍNEAS DE ENSAMBLAJE DE AUTOMOCIÓN
Q001477	MAQUINISTAS DE TREN
Q001478	CONDUCTORES-OPERADORES DE MAQUINARIA AGRÍCOLA CON MOTOR, EN GENERAL
Q001479	MANIPULADORES DE COSECHADORAS, EN GENERAL
Q001480	TRACTORISTAS-MANIPULADORES AGRÍCOLAS
Q001481	CONDUCTORES-OPERADORES DE BULLDOZER (MOVIMIENTO DE TIERRAS)
Q001482	CONDUCTORES-OPERADORES DE CAMIÓN VOLQUETE
Q001483	CONDUCTORES-OPERADORES DE EXCAVADORA (MOVIMIENTO DE TIERRAS)
Q001484	CONDUCTORES-OPERADORES DE EXTENDEDORA DE ASFALTO
Q001485	CONDUCTORES-OPERADORES DE HORMIGONERA MÓVIL
Q001486	CONDUCTORES-OPERADORES DE MÁQUINA HINCADORA DE PILOTES (MOVIMIENTO DE TIERRAS)
Q001487	CONDUCTORES-OPERADORES DE MAQUINARIA DE COMPACTACIÓN, EN GENERAL
Q001488	CONDUCTORES-OPERADORES DE MAQUINARIA DE DRAGADOS
Q001489	CONDUCTORES-OPERADORES DE MAQUINARIA DE EXPLANACIÓN
Q001490	CONDUCTORES-OPERADORES DE MAQUINARIA DE TRANSPORTE DE TIERRAS, EN GENERAL
Q001491	CONDUCTORES-OPERADORES DE MAQUINARIA DE VÍAS
Q001492	CONDUCTORES-OPERADORES DE MARTILLO NEUMÁTICO (MARTINETE)
Q001493	CONDUCTORES-OPERADORES DE MOTONIVELADORA (MOVIMIENTO DE TIERRAS)
Q001494	CONDUCTORES-OPERADORES DE PALA CARGADORA (MOVIMIENTO DE TIERRAS)
Q001495	CONDUCTORES-OPERADORES DE RETROEXCAVADORA (MOVIMIENTO DE TIERRAS)
Q001496	CAPATACES DE OPERACIONES PORTUARIAS
Q001497	CONDUCTORES-OPERADORES DE APARATOS ELEVADORES, EN GENERAL
Q001498	CONDUCTORES-OPERADORES DE GRÚA PUENTE
Q001499	CONDUCTORES-OPERADORES DE GRÚA TORRE
Q001500	CONDUCTORES-OPERADORES DE GRÚA EN CAMIÓN
Q001501	CONDUCTORES-OPERADORES DE GRÚA FIJA, EN GENERAL
Q001502	CONDUCTORES-OPERADORES DE GRÚA MÓVIL
Q001503	CONDUCTORES-OPERADORES DE MÁQUINAS Y ATRACCIONES DE FERIA
Q001504	CONTROLADORES DE MERCANCÍAS EN OPERACIONES PORTUARIAS
Q001505	ESTIBADORES
Q001506	GRUISTAS DE HORNO DE ACERO
Q001507	MINEROS DE TRANSPORTE Y EXTRACCIÓN (MINAS)
Q001508	CONDUCTORES-OPERADORES DE CARRETILLA ELEVADORA, EN GENERAL
Q001509	BOMBEROS DE BUQUES ESPECIALIZADOS
Q001510	CONTRAMAESTRES DE CUBIERTA (EXCEPTO PESCA)
Q001511	MARINEROS DE CUBIERTA (EXCEPTO PESCA)
Q001512	CONDUCTORES DE COCHE FÚNEBRE
Q001513	CONDUCTORES DE FURGONETA, HASTA 3,5 T.
Q001514	CONDUCTORES PROFESIONALES DE AUTOMÓVIL
Q001515	TAXISTAS
Q001516	CONDUCTORES DE AUTOBÚS INTERNACIONAL
Q001517	CONDUCTORES DE AUTOBÚS INTERURBANO
Q001518	CONDUCTORES DE AUTOBÚS URBANO
Q001519	CONDUCTORES DE AUTOBÚS, EN GENERAL
Q001520	CONDUCTORES DE TRANVÍA
Q001521	TRANSPORTISTAS
Q001522	CONDUCTORES DE CAMIÓN CON REMOLQUE Y/O DE TRACTOCAMIÓN
Q001523	CONDUCTORES DE CAMIÓN DE MERCANCÍAS PELIGROSAS
Q001524	CONDUCTORES DE CAMIÓN T.I.R. (TRANSPORTE INTERNACIONAL)
Q001525	CONDUCTORES DE CAMIÓN, EN GENERAL
Q001526	CONDUCTORES-REPARTIDORES EN MOTOCICLETA, CICLOMOTOR Y/O MOTOCARRO, EXCEPTO MENSAJERÍA
Q001527	EMPLEADOS DE HOGAR
Q001528	EMPLEADOS DE HOGAR (INTERNOS)
Q001529	CAMAREROS DE PISO (HOSTELERÍA)
Q001530	LIMPIADORES EN INSTITUCIONES SANITARIAS
Q001531	LAVANDEROS, LIMPIADORES Y PLANCHADORES DE ROPA A MANO
Q001532	LAVACOCHES, A MANO
Q001533	LIMPIADORES DE VENTANAS
Q001534	PINCHES DE COCINA
Q001535	PREPARADORES DE PIZZA
Q001536	VENDEDORES CALLEJEROS
Q001537	PEGADORES DE CARTELES
Q001538	REPARTIDORES DE PROPAGANDA Y SIMILARES
Q001539	ASCENSORISTAS
Q001540	MOZOS DE EQUIPAJE
Q001541	BOTONES
Q001542	REPARTIDORES A DOMICILIO A PIE O EN VEHÍCULO NO MOTORIZADO
Q001543	LECTORES DE CONTADORES, EN GENERAL
Q001544	RECOLECTORES DE DINERO DE MÁQUINAS EXPENDEDORAS
Q001545	MOZOS DE RECOGIDA DE BASURAS-BASUREROS
Q001546	BARRENDEROS
Q001547	OPERARIOS EN MANTENIMIENTO DE ALCANTARILLADO
Q001548	ACOMODADORES
Q001549	APARCACOCHES
Q001550	EMPLEADOS DE GUARDARROPA EN LOCALES PÚBLICOS
Q001551	PEONES AGRÍCOLAS, EN GENERAL
Q001552	PEONES DE HORTICULTURA, JARDINERÍA
Q001553	MOZOS DE CUADRA
Q001554	PEONES GANADEROS, EN GENERAL
Q001555	PEONES AGROPECUARIOS
Q001556	PEONES DE ACTIVIDADES EXTRACTIVAS DE PESCA
Q001557	PEONES DE LA CAZA
Q001558	PEONES FORESTALES
Q001559	PEONES DE EXCAVACIONES ARQUEOLÓGICAS Y SIMILARES
Q001560	PEONES DE OBRAS PUBLICAS, EN GENERAL
Q001561	SEPULTUREROS-ENTERRADORES
Q001562	PEONES DE LA CONSTRUCCIÓN DE EDIFICIOS
Q001563	EMBALADORES-EMPAQUETADORES-ETIQUETADORES, A MANO
Q001564	PEONES DE LA FABRICACIÓN DE MATERIAL DE TRANSPORTE
Q001565	PEONES DE LA FABRICACIÓN DE PRODUCTOS MINERALES NO METÁLICOS
Q001566	PEONES DE LA INDUSTRIA DE LA MADERA Y DEL CORCHO
Q001567	PEONES DE LA INDUSTRIA DE LA PIEL Y EL CUERO
Q001568	PEONES DE LA INDUSTRIA DE PRODUCCIÓN Y DISTRIBUCIÓN DE ENERGÍA ELÉCTRICA, GAS Y AGUA
Q001569	PEONES DE LA INDUSTRIA GRÁFICA
Q001570	PEONES DE LA INDUSTRIA MANUFACTURERA, EN GENERAL
Q001571	PEONES DE LA INDUSTRIA METALÚRGICA Y FABRICACIÓN DE PRODUCTOS METÁLICOS
Q001572	PEONES DE LA INDUSTRIA PAPELERA
Q001573	PEONES DE LA INDUSTRIA QUÍMICA
Q001574	AMARRADORES DE BARCOS
Q001575	MOZOS DE CARGA Y DESCARGA, TRANSPORTE FERROVIARIO, AÉREO Y/O POR CARRETERA
Q001576	MOZOS DE CARGA Y DESCARGA, TRANSPORTE MARÍTIMO
Q001577	MOZOS DE MUDANZAS
Q001578	PEONES DEL TRANSPORTE, EN GENERAL
Q001579	CONDUCTORES DE VEHÍCULOS DE TRACCIÓN ANIMAL PARA EL TRANSPORTE DE PERSONAS Y SIMILARES
Q001580	REPONEDORES DE HIPERMERCADO
