Q000001	Klottersanerare
Q000002	SFI-lärare
Q000003	Vävlagare
Q000004	2:e Fartygsingenjör/2:e Maskinist
Q000005	Modersmålspedagog
Q000006	Arkivutredare
Q000007	EU-handläggare
Q000008	Brygghusarbetare
Q000009	Juvelerare
Q000010	Klinikveterinär
Q000011	Glasetsare
Q000012	Arbetsledare, ventilation
Q000013	Hyreskonsulent
Q000014	Verkmakare
Q000015	Fotograf
Q000016	Scrum master
Q000017	Linjereparatör, elkraft
Q000018	Krematoriemästare/Krematorieföreståndare
Q000019	Väskmakare
Q000020	Mätningsingenjör/MBK-ingenjör
Q000021	Kontrollmätare, virke
Q000022	SOS-operatör
Q000023	Elverksmontör
Q000024	Regiassistent
Q000025	Riksbibliotekarie
Q000026	Turbinmontör
Q000027	Auktionskommissarie
Q000028	HR-strateg
Q000029	Trafikplanerare, offentlig förvaltning
Q000030	Verkstadsmekaniker/Verkstadstekniker
Q000031	HR-konsult/PA-konsult
Q000032	Fiskeriintendent
Q000033	Fastighetsmäklare
Q000034	Stationsvärd
Q000035	Hovrättsråd
Q000036	Bostadsförvaltare
Q000037	Projektledare, el
Q000038	Lagerkontorist
Q000039	Miljö- och klimatstrateg
Q000040	Sjukhuskemist
Q000041	Hållbarhetsutvecklare
Q000042	Försäkringsrådgivare/Försäkringssäljare
Q000043	Character artist
Q000044	Eventpersonal
Q000045	Pumpreparatör
Q000046	Sandwichman
Q000047	Hårdlödare
Q000048	Sångpedagog
Q000049	Relationsmarknadsförare
Q000050	Resehandläggare
Q000051	HR business partner
Q000052	Kostymmästare
Q000053	Värmare, valsverk
Q000054	Försäkringshandläggare, försäkringskassa
Q000055	Studiotekniker
Q000056	Marknadskonsult
Q000057	Musikhandledare
Q000058	Finansanalytiker
Q000059	Civilingenjör, produktion, elektronik
Q000060	Platschef, försäkringskassa/Områdeschef, försäkringskassa
Q000061	Strukturkemist
Q000062	Artistagent/Artistbokare/Artistförmedlare
Q000063	Social media manager/Social media specialist
Q000064	Bokförläggare
Q000065	Serviceingenjör, maskin
Q000066	Spa-terapeut
Q000067	Glas- och porslinsmålare
Q000068	Sjöfartskontrollant/Hamnskyddskontrollant
Q000069	Begravningsentreprenör
Q000070	Besiktningstekniker, bilprovning
Q000071	Metallurg
Q000072	Charterresesäljare
Q000073	Avsynare, elteknik
Q000074	Flexotryckare
Q000075	Grävmaskinförare, skogsbruk
Q000076	Textilvårdare
Q000077	Arborrare
Q000078	Fogarbetare, hus och anläggning
Q000079	Gjutgodsrensare
Q000080	Personbilsförare, persontransporter
Q000081	Statistikkontorist
Q000082	Miljöinspektör
Q000083	Laboratoriediskare
Q000084	Belysningsmästare
Q000085	Teknikinformatör
Q000086	Tunneltågförare
Q000087	Eltekniker, järnväg/Kontaktledningsmontör
Q000088	Fotografagent
Q000089	Maskinställare
Q000090	Maskinsnickare, trävaruindustri/Operatör, trävaruindustri
Q000091	Matros, inre fart
Q000092	Industristädare
Q000093	Trafikledare, vägtrafik
Q000094	Skulptör
Q000095	Förvaltningsekonom
Q000096	Besiktningsingenjör, försäkring
Q000097	Forensiker, kemist
Q000098	Jurist, allmän domstol
Q000099	Fabrikselektriker
Q000100	Spaltmästare, garveri
Q000101	Sjöbevakningsassistent
Q000102	Repslagare
Q000103	Skolkurator
Q000104	Produktutvecklare
Q000105	Hårdvarukonstruktör
Q000106	Customer success manager
Q000107	Maskinskötare, mejeri
Q000108	Maskinoperatör, rökning
Q000109	Naprapat
Q000110	Barnmorska, ungdomsmottagning
Q000111	UI-designer
Q000112	Utvecklingschef
Q000113	Malmletare
Q000114	Forskare, trafiksäkerhet
Q000115	Tulltjänsteman
Q000116	Instrumentelektriker/Instrumenttekniker
Q000117	Kostymtekniker/Påklädare
Q000118	Djurskötare, djurpark
Q000119	Bankdirektör
Q000120	Bergsprängare
Q000121	Biträdande jurist
Q000122	Polissekreterare
Q000123	Turistbyråchef
Q000124	Museilektor
Q000125	Hjullastarförare, godshantering
Q000126	Linbaneskötare
Q000127	Bildproducent
Q000128	Verksamhetskonsult
Q000129	Infografiker/Nyhetsgrafiker
Q000130	Marknadskoordinator
Q000131	Kvalitetsingenjör, textil, trä, glas, förpackningar
Q000132	Limnolog
Q000133	Forskare, historia
Q000134	Arrendator, växtodling
Q000135	Hydrobiolog
Q000136	Mopedbud
Q000137	Blockgjutare
Q000138	Försäkringshandläggare
Q000139	Medlemsvärvare, intresseorganisation/Telefonkommunikatör
Q000140	Hotellreceptionist
Q000141	Landsbygdsutvecklare
Q000142	Fakir
Q000143	Arkivråd
Q000144	Processkemist
Q000145	Värmare, glas
Q000146	Gipsgjutare
Q000147	Grovarbetare, bygg och anläggning
Q000148	Ljudmixeroperatör
Q000149	Organisationsutvecklare
Q000150	Mättekniker, metallprodukter
Q000151	Länsjurist
Q000152	Forskare, cell- och molekylärbiologi
Q000153	Boutredningsman
Q000154	Designer
Q000155	Trädgårdsmästare, odling
Q000156	Marinbiolog
Q000157	Konstruktör, tillverkningsindustri
Q000158	Ljusdesigner
Q000159	Områdesförvaltare, fastighet
Q000160	Kvalitetsingenjör, elektronik/Kvalitetstekniker, elektronik
Q000161	Sjukhusdiakon
Q000162	Forskare, filosofi
Q000163	Scripta
Q000164	Ventilationsplåtslagare
Q000165	Larmoperatör
Q000166	Skadereglerare
Q000167	Rättstolk
Q000168	Trafiksamordnare
Q000169	Låssmed/Låstekniker
Q000170	Forskare, filmvetenskap
Q000171	Organisationschef
Q000172	Efterbearbetningsredaktör
Q000173	Excerpist
Q000174	Hovmästare
Q000175	Livsmedelstekniker
Q000176	Förman, snickeri
Q000177	Projekteringsingenjör, el-tele och elektronik
Q000178	Lingvist
Q000179	Lastare
Q000180	Produktutvecklingschef
Q000181	Processtekniker, tillverkningsindustri
Q000182	Golvläggare, utan yrkesbevis
Q000183	Hyttmästare/Produktionsledare, glasbruk
Q000184	Folkhälsosekreterare
Q000185	Imitatör
Q000186	Mjölkbedömare
Q000187	Naturvårdare
Q000188	Miljösamordnare/Miljökoordinator
Q000189	Lotsoperatör
Q000190	Silversmed
Q000191	Krossoperatör
Q000192	Varvssnickare
Q000193	Lekterapeut
Q000194	Produktionsingenjör, gruv, metallurgi
Q000195	Båtvärdinna/Båtvärd
Q000196	Forskare, humaniora
Q000197	Projektledare, bioteknik
Q000198	Anestesisjuksköterska
Q000199	Processtekniker, gjuteri
Q000200	Fasadputsare
Q000201	Vårdbiträde
Q000202	Planeringsingenjör, elektronik
Q000203	Mekatronikingenjör
Q000204	Geodatasamordnare
Q000205	Betongarbetare
Q000206	Forskare, odontologi
Q000207	Filmtekniker
Q000208	Lärling, plattsättare
Q000209	Kakelugnsmakare
Q000210	Slipmaterialarbetare
Q000211	Hörselvårdskonsulent
Q000212	Bakteriolog
Q000213	Industrirobotoperatör
Q000214	Patentingenjör/Patentkonsult
Q000215	Utlandstelefonist
Q000216	Fartygsplåtslagare
Q000217	Produktionsdesigner/Production designer
Q000218	Plastreparatör
Q000219	Forskare, virologi
Q000220	Fjärrtågklarerare
Q000221	Aktieanalytiker
Q000222	Garvare/Skinnberedare
Q000223	Imam
Q000224	Statistiker
Q000225	Polismästare
Q000226	Manusförfattare
Q000227	Studioman
Q000228	Elektrofilterskötare
Q000229	Områdeschef, barnomsorg
Q000230	Kontrollingenjör, elektronik
Q000231	Transportadministratör
Q000232	Alkohol- och drogterapeut
Q000233	Affärsområdeschef
Q000234	Processutvecklare, kemi
Q000235	Lärling, beläggningsarbete
Q000236	Informationsarkitekt
Q000237	Geodet
Q000238	El- och avioniktekniker/IERA- tekniker
Q000239	Säkerhetsmontör
Q000240	Avdelningschef, statlig
Q000241	Tappare, bryggeri
Q000242	Växeltelefonist
Q000243	Kommunikationsstrateg
Q000244	Forskningsingenjör, metallurgi
Q000245	Taltjänsttolk
Q000246	Ingenjörsgeolog
Q000247	Laborant, biologi
Q000248	Naturterapeut
Q000249	Fanerare
Q000250	Lärling, beläggningsmaskinförare
Q000251	Konstkonsult
Q000252	Miljökemist
Q000253	Husdjursrådgivare/Husdjurskonsulent
Q000254	Budgetsekreterare
Q000255	Bergsingenjör
Q000256	Kursutvecklare
Q000257	Kyl- och värmepumpstekniker
Q000258	Schablontillverkare, screentryck
Q000259	Planslipare, glas
Q000260	Accounting controller
Q000261	Vinodlare
Q000262	Marinmeteorolog
Q000263	Kontrollingenjör
Q000264	Skorstensfejarmästare
Q000265	Yogainstruktör/Yogalärare
Q000266	Partikelfysiker
Q000267	Enhetschef inom social omsorg/Föreståndare inom social omsorg
Q000268	Geograf
Q000269	Danspedagog
Q000270	Skatterådgivare
Q000271	Utvecklingsingenjör, gruv
Q000272	Organisk kemist
Q000273	Beräkningsingenjör, el-tele
Q000274	Programsekreterare
Q000275	Depåtekniker, prospektering
Q000276	Generaldirektör
Q000277	LSS-handläggare
Q000278	Blanksticksgravör
Q000279	Geofysiker
Q000280	Projektledare, maskin
Q000281	Tvättchef
Q000282	Instruktionsstädare
Q000283	Antikvarie
Q000284	Lantmätare/Förrättningslantmätare
Q000285	Skogstransportförare
Q000286	Lärling, ställningsbyggare
Q000287	Betongvaruarbetare
Q000288	Landskapsingenjör
Q000289	Konstinramare/Rammakare
Q000290	Kyrkvaktmästare
Q000291	Fullstack-utvecklare
Q000292	Köksmästare
Q000293	Tunnplåtslagare
Q000294	Trafikförman
Q000295	Skogsplanläggare
Q000296	Köp- och försäljningsmäklare, fartyg
Q000297	Mudderverkskötare
Q000298	Civilingenjör, produktion, maskin
Q000299	Handpaketerare
Q000300	Lärling, grävlastare
Q000301	Videojournalist/Videoreporter
Q000302	Kabinettsekreterare
Q000303	Pressare, träfiber, spånskivor
Q000304	Kafébiträde/Konditoribiträde
Q000305	Klinikchef, tandvård/Verksamhetschef, tandvård
Q000306	Driftchef, vattenverk
Q000307	Maskinskötare, tegelbruk
Q000308	Affischör/Affischuppsättare
Q000309	Modellbyggare
Q000310	Intendenturpersonal, försvaret
Q000311	Fritidsombud, försäkringar
Q000312	Kameraassistent
Q000313	Präst, grekisk-ortodox kyrka
Q000314	Kalkhusarbetare, garveri
Q000315	Datorlingvist/Datalingvist
Q000316	Råhudsarbetare
Q000317	Importspeditör
Q000318	Ombudsman
Q000319	Elkraftingenjör
Q000320	Skogsekonom
Q000321	Maskinsnickare, snickeri/Operatör, snickeri/Operatör, inredning
Q000322	Musikagent
Q000323	Demontör, återvinning
Q000324	Molntekniker/Cloudutvecklare
Q000325	Lärling, bandschaktarförare
Q000326	Uppackare/Furnerare
Q000327	Mjuklödare
Q000328	Copywriter
Q000329	Retuschör
Q000330	Logistiker
Q000331	Färdledare/Turledare
Q000332	Forskningsingenjör, maskin
Q000333	Befraktningsmäklare
Q000334	Backend-utvecklare
Q000335	Arkeolog
Q000336	Skogsarbetare, plantering
Q000337	Invandrarkonsulent
Q000338	Yogamassör
Q000339	Provsmakare
Q000340	Bildmixer
Q000341	Mjukvarutestare
Q000342	Hammarsmed
Q000343	Bandschaktarförare
Q000344	Herrfrisör
Q000345	Civilingenjör, tillverkningsindustri
Q000346	Ämneslärare, gymnasieskolan
Q000347	Skadedjurstekniker
Q000348	Inspelningsledare
Q000349	Sufflör
Q000350	Plastmaskinoperatör
Q000351	Utbildningschef
Q000352	Byggstädare
Q000353	Redovisningsekonom
Q000354	Orderplanerare
Q000355	Emaljerare, keramik
Q000356	Överstyrman
Q000357	Djursjukskötare
Q000358	Projektledare, kemiteknik
Q000359	Forskningsrådgivare
Q000360	Föreståndare, äldreboende
Q000361	Formpressare, skiktträ
Q000362	Laborant, fysik
Q000363	Mobilkranförare
Q000364	Lastmaskinförare
Q000365	Skogsinspektor
Q000366	Färdtjänstbussförare
Q000367	Parkförvaltare
Q000368	Clown
Q000369	Shiatsuterapeut
Q000370	Account manager
Q000371	Lärling, undertaksmontör
Q000372	Solcellsinstallatör
Q000373	Utvecklingsingenjör, tillverkningsindustri
Q000374	Exploateringsingenjör
Q000375	Kopparslagare
Q000376	Business controller
Q000377	Formsättare
Q000378	VVS-ingenjör
Q000379	CNC-operatör, trä
Q000380	Forskare, beräkningsbiologi
Q000381	Kemtvättare
Q000382	Kabelmontör, elkraft
Q000383	Pjäsmekaniker
Q000384	Elektromekaniker
Q000385	Truckreparatör
Q000386	Gravör, ädelmetall
Q000387	Stadsträdgårdsmästare
Q000388	Näringsforskare
Q000389	Servicedesigner/Tjänstedesigner
Q000390	Syntolk
Q000391	Revisionschef
Q000392	Skeppsmätare
Q000393	Domstolsjurist
Q000394	Civilingenjör, trafik
Q000395	Trycksaksfaktor
Q000396	Gradare
Q000397	Diakon
Q000398	Korsordsmakare/Korsordskonstruktör
Q000399	Elverkschef
Q000400	Flygklarerare
Q000401	Läkare
Q000402	Spårsvetsare
Q000403	Affärsanalytiker/Business analyst
Q000404	Fastighetsförmedlare
Q000405	Stansare, tunnplåt
Q000406	Lärling, grävmaskinförare
Q000407	Fastighetstekniker/Drifttekniker, fastighet
Q000408	Sprängingenjör
Q000409	Kabinchef/Purser
Q000410	Generalkonsul
Q000411	Dataingenjör
Q000412	Bilinspektör
Q000413	Valideringsingenjör
Q000414	Notariattjänsteman, bank
Q000415	Ändringsskräddare
Q000416	Vindkraftstekniker
Q000417	Kvalitetschef
Q000418	Civilskadereglerare
Q000419	Fartygsstädare
Q000420	Pizzabagare
Q000421	Statist
Q000422	Signalman
Q000423	Formare, keramik
Q000424	Processoperatör, bryggeri
Q000425	Driftchef, energi
Q000426	Valutaförsäljare
Q000427	Tandtekniker
Q000428	Processoperatör, betong
Q000429	Besiktningsassistent
Q000430	Systemdesigner
Q000431	Kopieringsmaskinskötare
Q000432	Prognosmeteorolog
Q000433	Rörriktare
Q000434	Badvaktmästare
Q000435	Teleskoptruckförare, anläggning
Q000436	IT-säkerhetstekniker
Q000437	Butiksansvarig
Q000438	Regionchef, försäkring
Q000439	Digital Imaging Technician/DIT/Loggare
Q000440	Kallsågare, metall
Q000441	Geokemist
Q000442	Arbetsledare, anläggning
Q000443	Ombordansvarig, tåg
Q000444	Habiliteringspedagog
Q000445	Maskinoperatör, fotografiska produkter
Q000446	Utbildningsledare, trafikskola
Q000447	Brandskyddsmålare
Q000448	Fraktexpeditör, flyg
Q000449	Speditionschef
Q000450	Maskinoperatör, hårdband
Q000451	Maskinbokbindare/Bokbinderiarbetare
Q000452	Elmontör
Q000453	Stensvarvare
Q000454	Projektledare: kultur, media, film
Q000455	IT-samordnare
Q000456	Dekan/Dekanus
Q000457	Braskaminmontör
Q000458	Ekonomiföreståndare/Kursgårdsföreståndare/Storhushållsföreståndare
Q000459	Montör, papp- och textilprodukter
Q000460	Skyltgravör
Q000461	Kriminolog
Q000462	Förvaltningsassistent
Q000463	Plastbåtbyggare
Q000464	Miljöekonom
Q000465	Cementbrännare
Q000466	Teknisk skribent
Q000467	Valutahandlare
Q000468	Fältskadereglerare
Q000469	Forskningssjuksköterska
Q000470	Bovärd/Fastighetsvärd/Husvärd
Q000471	Solenergiprojektör/Solcellsprojektör
Q000472	Koncerncontroller
Q000473	Svarvare
Q000474	Passagerarkoordinator
Q000475	Hälsovårdsinspektör
Q000476	Kennelföreståndare
Q000477	Elektrotekniker
Q000478	Produktionsingenjör, gjuteri
Q000479	Miljöstatistiker
Q000480	Vägvakt
Q000481	Godsmottagare
Q000482	Flismaskinförare, skogsbruk
Q000483	Byggnadskonsult
Q000484	Synkonsulent
Q000485	Stålgravör
Q000486	Familjevårdsinspektör
Q000487	Åklagaraspirant
Q000488	Avbytare, jordbruk
Q000489	Glaserare, keramik
Q000490	Präglare, metall
Q000491	Strålningsfysiker
Q000492	Biträdande butikschef/Säljande butikschef
Q000493	Kapellvaktmästare
Q000494	Ekonomiassistent
Q000495	Inläggare, valsverk
Q000496	Fiskerikonsulent
Q000497	Colorist
Q000498	Mätarjusterare
Q000499	Fjärrbilsförare
Q000500	Skolsekreterare
Q000501	Tapettryckare
Q000502	Serviceingenjör, elkraft
Q000503	Kronofogde
Q000504	Super cargo
Q000505	Ismaskinförare
Q000506	Sprinklermontör
Q000507	Tågklarerare
Q000508	Distriktsbarnmorska
Q000509	Arkivkanslist
Q000510	Fritidskonsulent
Q000511	Massaberedare, keramik/Massaberedare, tegel
Q000512	Maskinoperatör, kött
Q000513	Skolassistent
Q000514	Revisorsassistent
Q000515	Mesabrännare
Q000516	F&B Manager/Food and beverage manager
Q000517	Läkepedagog
Q000518	Entomolog
Q000519	Metodanalytiker, IT
Q000520	Studiovärdinna
Q000521	Departementsråd
Q000522	Logoped
Q000523	Liftmaskinist
Q000524	Lästmodellör
Q000525	Säljkonsulent
Q000526	Liftdumper- och lastväxlarförare
Q000527	Asfaltmaskinist, asfaltframställning
Q000528	Sprängämnesarbetare
Q000529	Meteorologisk observatör
Q000530	Dietist
Q000531	Porslinsdekoratör
Q000532	Engine programmer
Q000533	Programledare
Q000534	Lärling, väg- och anläggningsarbetare
Q000535	Skidpatrullör/Pistör
Q000536	Fastighetsskötare/Fastighetsarbetare
Q000537	Listarbetare
Q000538	Lärling, murare
Q000539	Hudsorterare
Q000540	Förbundsjurist
Q000541	Automationstekniker, tillverkningsindustri
Q000542	Avgjutare
Q000543	Bandsågare, metall
Q000544	Ansvarig reklamutgivare/ARU
Q000545	Ergonom/Företagsgymnast
Q000546	Bandlastarförare
Q000547	Turbinreparatör
Q000548	Antagningssekreterare, utbildning
Q000549	Produktionssekreterare
Q000550	Båtförsäljare
Q000551	Plastarbetare
Q000552	Verksjurist
Q000553	Stugvärd
Q000554	Barnsjuksköterska
Q000555	Fastighetsinspektör
Q000556	Civilingenjör, systemutveckling
Q000557	Värderingsman
Q000558	Hårdvarutestare
Q000559	Linnesömmerska
Q000560	Terminalarbetare
Q000561	Dammskötare, fiskodling
Q000562	Krukmakare
Q000563	Transportsamordnare
Q000564	Livsmedelsarbetare, mejeri
Q000565	Applikationsutvecklare
Q000566	Drifttekniker, data
Q000567	Huvudtillsyningsman, järnväg
Q000568	Transportledare
Q000569	Redovisningskonsult
Q000570	Dragspelsreparatör
Q000571	Glassberedare
Q000572	Apoteksassistent
Q000573	Trafikvakt
Q000574	Biträdande rektor
Q000575	Astronom
Q000576	Enhetschef inom socialtjänst
Q000577	Forskare, trädgårdsvetenskap
Q000578	Borrare, metall
Q000579	Grillbiträde/Gatuköksbiträde
Q000580	Svetsoperatör/Automatsvetsare
Q000581	Skolkonsulent
Q000582	Annonsproducent
Q000583	Pälsskinnberedare
Q000584	Länsarkitekt
Q000585	Ritare, maskin
Q000586	Recensent
Q000587	Härdare, plast
Q000588	Batteriarbetare/Ackumulatorarbetare
Q000589	Lärling, byggnadsplåtslagare
Q000590	Eurytmist
Q000591	Plastsvetsare
Q000592	Radiofysiker
Q000593	Publikchef
Q000594	Beredare, elkraft
Q000595	Barnmorska
Q000596	Parkförman
Q000597	Steriltekniker/Undersköterska, sterilcentral
Q000598	Modellgjutare, keramik
Q000599	Personalansvarig
Q000600	OB-tekniker
Q000601	Dockspelare
Q000602	Förrättningsassistent
Q000603	Organist
Q000604	Plastvaruarbetare
Q000605	Mikromekaniker
Q000606	Demonstratör
Q000607	Gruppchef, teknik
Q000608	Museiintendent
Q000609	Stadsbyggnadschef/Stadsbyggnadsdirektör
Q000610	Universitetsrektor
Q000611	Bandsågare, träfiberskivor
Q000612	Plåtriktare
Q000613	Standardiseringsingenjör
Q000614	Finmekaniker
Q000615	Värmeverkschef
Q000616	Cityledare
Q000617	Etolog
Q000618	Ärftlighetsforskare
Q000619	Leveransbevakare
Q000620	Bohags- och flyttbilsförare
Q000621	Skyddsvakt
Q000622	Bilglasmontör
Q000623	Mältare
Q000624	Vårdkoordinator/Vårdplatskoordinator
Q000625	Uppslagare, gjuteri
Q000626	Fastighetsingenjör
Q000627	Civilingenjör, teknisk fysik
Q000628	Klimatanpassningssamordnare
Q000629	Arbetsledare, skogsbruk
Q000630	Företagssjuksköterska/Företagssköterska
Q000631	Formare, gipsplattor
Q000632	Lösullsinstallatör
Q000633	Designassistent
Q000634	Art Director/AD
Q000635	Aktiemäklare
Q000636	Planare, glas
Q000637	Serviceingenjör, kemiteknik
Q000638	Arkivarie
Q000639	Cargo surveyor
Q000640	Kvalitetsingenjör, maskin/Kvalitetstekniker, maskin
Q000641	Utvecklingsingenjör, metallurgi
Q000642	Redigerare
Q000643	Elkonstruktör
Q000644	Grävmaskinförare
Q000645	Hotellchef
Q000646	Distriktschef, bilprovning
Q000647	Gårdsmästare, växtodling/Rättare, växtodling
Q000648	Creative director/CD
Q000649	Reservdelsspecialist/Bildelsspecialist
Q000650	Folierare
Q000651	Fastighetsförvaltare
Q000652	Studievägledare
Q000653	Chef för valuta och fixed income
Q000654	Barkmaskinskötare, skogsbruk
Q000655	Riksarkivarie
Q000656	Yrkesjägare
Q000657	Möbelsnickare
Q000658	Biobränslechef
Q000659	Konstsmed
Q000660	Civilingenjör, järnväg
Q000661	Lärling, motorschaktvagnförare
Q000662	Sjukvårdsbiträde/Servicevärd inom vården
Q000663	Marknadsanalytiker
Q000664	Tjärkokare
Q000665	Kontorsreceptionist
Q000666	Processoperatör, cementtillverkning
Q000667	OB-assistent
Q000668	Epoxigjutare
Q000669	Specialistofficer
Q000670	Bolagsjurist
Q000671	Florist
Q000672	Ventilationstekniker
Q000673	Servicetekniker, kontorsmaskiner
Q000674	Parkarbetare/Utemiljöarbetare/Miljövärd
Q000675	Hälsocoach
Q000676	Cykelmekaniker
Q000677	Avdelningschef, butik
Q000678	VTS-operatör
Q000679	Servicetekniker, data
Q000680	Belysningstekniker
Q000681	Jurist, förvaltningsdomstol
Q000682	Gitarrtekniker
Q000683	Vildmarksguide
Q000684	Trädgårdsingenjör/Trädgårdstekniker
Q000685	Riskbedömare
Q000686	Teamledare
Q000687	Travkusk
Q000688	Maskinskärare
Q000689	Instruktionsförare
Q000690	Verktygsställare
Q000691	Avsynare, betongvaror
Q000692	Smed
Q000693	Betongelementmontör
Q000694	Satellitoperatör
Q000695	Oorganisk kemist
Q000696	Advokatfiskal
Q000697	Flygledare
Q000698	Musiktekniker
Q000699	Dövkonsulent
Q000700	Arbetsrättsjurist
Q000701	Fiskodlingsarbetare
Q000702	Pumpmontör
Q000703	Ugnsmurare
Q000704	Projektledare, VS
Q000705	Geolog
Q000706	Dekorationsmålare, bygg
Q000707	Kvalitetsrevisor
Q000708	Producent: kultur, media, film, dataspel
Q000709	Eventsäljare/Eventförsäljare
Q000710	Stand-up-komiker
Q000711	Inspelningstekniker
Q000712	Miljöskyddschef
Q000713	Områdeschef, äldre- och handikappomsorg
Q000714	Tävlingsryttare
Q000715	Kundtjänsteman, försäkring
Q000716	Modellmakare
Q000717	Grillkock, snabbmat
Q000718	Blästrare, glas
Q000719	Kabelmaskinoperatör
Q000720	Familjebehandlare/Familjepedagog
Q000721	Verkstadssnickare
Q000722	Djurvårdare
Q000723	Civilingenjör, elkraft
Q000724	Civilingenjör, farkostteknik
Q000725	Besiktningsingenjör, el-tele
Q000726	Arbetsförmedlingschef
Q000727	Förbundsdirektör
Q000728	Regummerare
Q000729	Forskningslaborant, fysik
Q000730	Planeringsingenjör, elkraft
Q000731	Distriktschef, skogsbruk
Q000732	Piercare
Q000733	Lantmäteriingenjör
Q000734	Vandrarhemsföreståndare
Q000735	Driftingenjör, VA
Q000736	Frontend-utvecklare
Q000737	Redaktör
Q000738	Skorstenstätare
Q000739	Hantverkspedagog
Q000740	Lagerplanerare
Q000741	Truckförare
Q000742	Driftledare, IT
Q000743	Ränteanalytiker
Q000744	Demograf
Q000745	Lärling, väghyvelförare
Q000746	Säkerhetsingenjör
Q000747	Fälttekniker, geologi
Q000748	Kemiingenjör
Q000749	Bygglovshandläggare
Q000750	Drifttekniker, värmeverk
Q000751	Departementssekreterare
Q000752	Drifttekniker ledningsnät VA
Q000753	Kundmäklare
Q000754	Rekvisitör
Q000755	Skattejurist
Q000756	Ocularist
Q000757	Hundförare
Q000758	Embryolog
Q000759	Matematisk statistiker
Q000760	Avplockare, keramikbränning
Q000761	Fartygsreparatör
Q000762	Supply chain manager/SCM manager
Q000763	Kravanalytiker
Q000764	Spårvagnsförare
Q000765	Inköpstekniker
Q000766	Reseproducent
Q000767	Spikmaskinskötare
Q000768	Energiingenjör
Q000769	Pressare, spånskivor
Q000770	Skidliftvärd
Q000771	Kommissarie, Polisen
Q000772	Tivoliarbetare
Q000773	Controller
Q000774	Landstingssekreterare
Q000775	Taxitelefonist
Q000776	Cisternvårdare
Q000777	Bildarkivarie
Q000778	Kontorsvaktmästare
Q000779	Bibliotekarie
Q000780	Tech and Tools programmer
Q000781	Travbaneföreståndare
Q000782	Location scout/Platsletare, film
Q000783	Teateragent
Q000784	PKC-operatör
Q000785	Ridinstruktör/Ridlärare
Q000786	Byggnadskonstruktör
Q000787	Lärling, anläggningsdykare
Q000788	Kammarrättsfiskal
Q000789	Akrobat
Q000790	Parkettarbetare
Q000791	Försäljningsassistent/Säljadministratör
Q000792	Motorcykelbud
Q000793	Fräsare, trä
Q000794	Ladugårdsföreståndare/Ladugårdsförman, djuruppfödning
Q000795	Kärnmakare
Q000796	Packmästare, tillverkning
Q000797	Rehabiliteringskoordinator/Rehabkoordinator
Q000798	Varpare
Q000799	Bänkarbetare
Q000800	Konstintendent
Q000801	Ringverksarbetare
Q000802	Testförare
Q000803	Sjuksköterska, barnavårdscentral
Q000804	Stuguthyrare
Q000805	Yrkeslärare
Q000806	Tingsnotarie/Notarie
Q000807	Dekorsnickare
Q000808	Skördarförare, skogsbruk
Q000809	Kemist
Q000810	Förvaltningschef, kommun
Q000811	Mässman, fartyg
Q000812	Veterinärinspektör
Q000813	Träarbetare, gruva
Q000814	Forskningshandledare
Q000815	Maskinreparatör
Q000816	Forskare, IT
Q000817	Gruvgeolog
Q000818	Kranbilsförare
Q000819	Patentjurist
Q000820	Affärsarkitekt
Q000821	Servicehusföreståndare
Q000822	Hygiensjuksköterska
Q000823	Trädgårdsrådgivare/Trädgårdskonsulent
Q000824	Kallskänka
Q000825	Drift- och underhållsingenjör, anläggning
Q000826	Mediaplanerare
Q000827	Distributionsförare
Q000828	Stenslipare
Q000829	Möbellackerare
Q000830	Instrumentmontör
Q000831	Tråddragare
Q000832	Kylmontör/Kyltekniker
Q000833	Planeringsingenjör, maskin
Q000834	Säkerhetsadministratör, IT
Q000835	Homeopat
Q000836	Cateringarbetare
Q000837	Utbildningshandläggare
Q000838	Skogsarbetare, röjning
Q000839	Processingenjör, el-tele
Q000840	Konstgjutare
Q000841	Lärare i förskoleklass
Q000842	Budgetassistent
Q000843	Serviceingenjör, elektronik
Q000844	Tonsättare
Q000845	Vävare
Q000846	Pianotekniker
Q000847	Förhandlingschef
Q000848	Trädgårdsmästare, anläggning
Q000849	Arbetsledare, tillverkning kemiska produkter
Q000850	Driftingenjör, elkraft
Q000851	Dentaltekniker/Dentalutrustningstekniker
Q000852	Forskare, rättsvetenskap
Q000853	Bilförsäljare
Q000854	Forskningslaborant, kemi
Q000855	Markberedningsförare, skogsbruk
Q000856	Solvare
Q000857	TV-fotograf
Q000858	Produktionsledare, distribution
Q000859	Bokbussförare
Q000860	Drifttekniker, förbränningsstation
Q000861	Cykelbud
Q000862	Nagelterapeut/Nagelteknolog
Q000863	Ventilationssanerare
Q000864	Dramaturg
Q000865	Arkoffsettryckare
Q000866	Elnätsspecialist
Q000867	Lärling, tornkranförare
Q000868	Forskare, skogsbruk
Q000869	Laddare, gruva
Q000870	Rampförman, flygplats
Q000871	Familjerättsjurist
Q000872	Emballerare
Q000873	IT-jurist
Q000874	Utredningssekreterare
Q000875	Slaktare
Q000876	Skötare
Q000877	Redigerare, rörlig bild
Q000878	Prorektor
Q000879	Serviceelektriker, installation
Q000880	Väg- och vattenbyggnadsingenjör
Q000881	Bantekniker
Q000882	Teckenspråkslärare
Q000883	Pälsdjursskötare
Q000884	Korgmöbelmakare
Q000885	Frivårdschef
Q000886	Driftmaskinist, värmeverk
Q000887	Kretskortsmontör
Q000888	Gemmolog
Q000889	Körledare
Q000890	Personligt ombud
Q000891	Fälttjänsteman, försäkringar
Q000892	Helpdesktekniker/Supporttekniker
Q000893	Stuveriförman
Q000894	Däckmontör/Däck- och hjulmekaniker
Q000895	Distriktskonsulent
Q000896	Ytbehandlare manuell, trä/Sprutlackerare, manuell, trä
Q000897	Inköpare
Q000898	Civilingenjör, energi
Q000899	Studie- och yrkesvägledare
Q000900	Falsare
Q000901	Träsvarvare
Q000902	Cabin stewardess/Hyttvärdinna
Q000903	Bildredaktör
Q000904	Analytisk kemist
Q000905	Rosenterapeut
Q000906	Genetiker
Q000907	Kocksteward
Q000908	Vagnsstädare
Q000909	Kasinopersonal
Q000910	Landshövding
Q000911	Ekonomibiträde, storhushåll
Q000912	Konservator
Q000913	Kontorist
Q000914	Anonym konsument/Mystery shopper
Q000915	Kock, fartyg
Q000916	Vapentekniker
Q000917	Pappersskärare, bokbinderi
Q000918	Konverteringsarbetare, papper
Q000919	Växtodlingsrådgivare/Växtodlingskonsulent
Q000920	Stadsarkivarie
Q000921	Handformare
Q000922	Handvävare
Q000923	Träningsinstruktör
Q000924	Rörbockare
Q000925	HSEQ Manager/KMA-samordnare
Q000926	Beläggningsarbetare, utan yrkesbevis
Q000927	Smärtsjuksköterska
Q000928	Pianobyggare
Q000929	Helikopterförare/Helikopterpilot
Q000930	Trumtekniker
Q000931	Kassaföreståndare, arbetslöshetskassa
Q000932	Produktionsplanerare: kultur, media, film
Q000933	Kommunsekreterare
Q000934	Motormontör
Q000935	Trappstädare
Q000936	Kostymassistent
Q000937	Kabeltekniker
Q000938	Tårtmakare
Q000939	Chief Data Officer/CDO
Q000940	Förvaltningschef, landsting
Q000941	Lärling, lastmaskinförare
Q000942	Smidesoperatör
Q000943	Teknikpedagog
Q000944	Zonterapeut
Q000945	Avsynare, musikinstrument
Q000946	Inläsare
Q000947	Lärling, betongarbetare
Q000948	Planeringstekniker, textil, glas, trä, förpackningar
Q000949	Personalutbildare
Q000950	Moderator
Q000951	Slaktmästare
Q000952	Redovisningschef
Q000953	Planeringstekniker, kemiteknik
Q000954	Porslinsputsare
Q000955	Delgivningsman
Q000956	Glastryckare
Q000957	Djuptryckare
Q000958	Forskare, samhällsvetenskap
Q000959	Brandtekniker
Q000960	Glasblåsare
Q000961	Inkassohandläggare
Q000962	Tandvårdsbiträde
Q000963	Teaterchef
Q000964	Slipverktygsarbetare
Q000965	Driftchef, skogsbruk
Q000966	Mediehanterare
Q000967	Automationstekniker, el
Q000968	Formmaskinskötare, plast
Q000969	Arbetskonsulent
Q000970	Stansare, skor
Q000971	Ugnsuppsättare, keramik
Q000972	Systemadministratör
Q000973	Köksarkitekt
Q000974	Stödassistent
Q000975	Forensiker, fysiker
Q000976	Förlagschef, tidning
Q000977	Marinmekaniker/Marintekniker
Q000978	Lantbrukare, växtodling
Q000979	Turistbyråtjänsteman
Q000980	Idrottskonsulent
Q000981	Flödesoperatör
Q000982	Damfrisör
Q000983	Direktris/Garment technician/Mönsterkonstruktör
Q000984	Smådjursskötare
Q000985	Brandskadereglerare
Q000986	Glasmaskinskötare
Q000987	Glasögonslipare
Q000988	Datasäkerhetsansvarig
Q000989	Betonghåltagare, utan yrkesbevis
Q000990	Glastekniker/Glasmästare
Q000991	Orgelpipmakare
Q000992	Klänningssömmerska
Q000993	Väg- och anläggningsarbetare
Q000994	Utvecklingsingenjör, maskin
Q000995	Automationselektriker
Q000996	Maskinmekaniker, industri/Maskinmekaniker, varvsindustri
Q000997	Tatuerare
Q000998	Personaladministratör
Q000999	Ambassadör
Q001000	Annonsassistent/Annonssekreterare
Q001001	Avdelningschef, kommun
Q001002	Torgförsäljare/Marknadsförsäljare
Q001003	Golvläggare
Q001004	Bussguide
Q001005	Trafikkoordinator
Q001006	Skorstensfejartekniker
Q001007	Informationsassistent
Q001008	Idrottsdomare
Q001009	Trafikvärd/Taxivärd
Q001010	Make-up artist/MUA
Q001011	Tak- och tätskiktsmontör, utan yrkesbevis
Q001012	Kopplingstekniker
Q001013	Handläggare, arbetslöshetskassa/Utredare, arbetslöshetskassa
Q001014	Marknadsplanerare
Q001015	Maskinformare, gjuteri
Q001016	Bibliotekschef
Q001017	Scannertekniker/Scanneroperatör
Q001018	Brandbefäl/Räddningsledare/Insatsledare
Q001019	Penningmarknadsmäklare
Q001020	Chefsjurist
Q001021	Byggnadssmed
Q001022	Biblioteksassistent
Q001023	Förvaltningsdirektör, statlig
Q001024	Attributör
Q001025	Musikbibliotekarie
Q001026	Informationsmäklare
Q001027	Meteorolog
Q001028	Sjuktransportör
Q001029	Funktionschef, offentlig förvaltning
Q001030	Regionchef, skogsbruk
Q001031	Konstruktör, textil, trä, glas, förpackningar
Q001032	Gruvbyggare
Q001033	1:e Fartygsingenjör/1:e Maskinist
Q001034	Butiksdemonstratör
Q001035	Fastighetsjurist
Q001036	Stödpedagog
Q001037	Halmvaruarbetare
Q001038	VVS-isolerare
Q001039	Maskinmontör
Q001040	Försäkringstjänsteman
Q001041	Försäkringsutredare
Q001042	Platschef, bygg
Q001043	Produktionsledare, tillverkningsindustri
Q001044	Forskare, mikroelektronik
Q001045	Mängberedare
Q001046	Gipstekniker
Q001047	Metalltryckare
Q001048	Fartygsbefäl
Q001049	Presschef
Q001050	Forskare, bioteknik
Q001051	Pannplåtslagare
Q001052	Animator/Animatör
Q001053	Ladugårdsförman, blandad drift
Q001054	Kriminalvårdare
Q001055	Enhetschef, offentlig förvaltning
Q001056	Plasthärdare
Q001057	Nämndsekreterare
Q001058	Maskinbyggare
Q001059	Fönsterputsare
Q001060	Biobränsleansvarig
Q001061	Oddssättare
Q001062	Materialplanerare
Q001063	Familjehemssekreterare
Q001064	Grundlärare, 4-6
Q001065	Kontaktsjuksköterska
Q001066	Forskare, miljö
Q001067	Produktionschef, anläggning
Q001068	Stålbyggare
Q001069	Affärsresesäljare
Q001070	Modersmålslärare i gymnasieskolan
Q001071	Vagnreparatör, järnväg
Q001072	Livsmedelsarbetare, charkuteri
Q001073	Konstpedagog
Q001074	Budget- och skuldrådgivare
Q001075	Säkerhetsrådgivare
Q001076	Teknisk produktionsledare
Q001077	Liftskötare/Lifttekniker
Q001078	Lärling, VVS-montör
Q001079	Undersköterska, vård- och specialavdelning och mottagning
Q001080	Församlingspräst med specialuppgifter
Q001081	Sektionschef, offentlig förvaltning
Q001082	Processoperatör, mejeri
Q001083	Webbdesigner
Q001084	Föreståndare, stugby
Q001085	Limberedare, träfiberindustri
Q001086	Driftchef, lantbruk
Q001087	Gravör, metall
Q001088	Ordningsvakt
Q001089	Siloarbetare
Q001090	Instruktör inom specialidrott/Tränare inom specialidrott
Q001091	Filmklippare
Q001092	Virkesområdeschef
Q001093	Hallföreståndare
Q001094	Golfbaneföreståndare
Q001095	Ortopedskotekniker
Q001096	Doktorand
Q001097	Kostymdesigner/Kostymtecknare
Q001098	Förbundschef
Q001099	Akutsjuksköterska/Sjuksköterska, akutmottagning
Q001100	Hotellstädare
Q001101	Mikrobiolog
Q001102	Idrottsagent/Sportagent
Q001103	Gruppföreståndare, bank
Q001104	Limmare, fiberskivtillverkning
Q001105	Barchef
Q001106	Besiktningsingenjör, bilprovning
Q001107	Litterär agent
Q001108	Lärling, hissmontör
Q001109	Virolog
Q001110	Garagevakt
Q001111	Budbilsförare
Q001112	E-commerce manager
Q001113	Försäkringsförmedlarassistent
Q001114	Plastgjutare
Q001115	Präst, annat trossamfund
Q001116	Porslinsslipare
Q001117	Balettmästare
Q001118	Turnétekniker
Q001119	Civilingenjör, kvalitet, elektronik
Q001120	Rördragare
Q001121	Kallslagare
Q001122	Drifttekniker, kraftvärmeverk
Q001123	Lärling, glastekniker
Q001124	Djurskötare, mjölk
Q001125	Arrestantvakt/Arrestvakt
Q001126	Turnéläggare
Q001127	Djurskötare, får
Q001128	Laminerare, tryckeri
Q001129	Säljledare
Q001130	Tak- och tätskiktsmontör
Q001131	Interaktionsdesigner
Q001132	Barista/Kaffebartender
Q001133	Ställverksmontör
Q001134	Produktionstekniker, petroleumutvinning
Q001135	Processingenjör, metallurgi
Q001136	Utbildningsadministratör/Studieadministratör
Q001137	Lexikograf
Q001138	Församlingsdiakon
Q001139	Pälsdjursuppfödare
Q001140	Rekryterare/Rekryteringskonsult
Q001141	Utryckningsväktare
Q001142	Husvagnsförsäljare
Q001143	Flygplanslastare
Q001144	Rehabiliteringsassistent
Q001145	Laminatpressare
Q001146	Degelmakare
Q001147	Teaterpedagog
Q001148	Blomsterodlare
Q001149	Mästare, glasbruk
Q001150	Arbetsledare, trädgård/Trädgårdsanläggningsförman
Q001151	Sportchef
Q001152	Tegelbruksarbetare
Q001153	Armerare, betongvaruindustri
Q001154	Gruppledare inom socialtjänst
Q001155	Läkeeurytmist
Q001156	Bussmekaniker
Q001157	Anfångare
Q001158	Svetsingenjör
Q001159	Environment artist
Q001160	Kontrollingenjör, gruv, metallurgi
Q001161	Enterprise Architect
Q001162	Taxiguide
Q001163	Plattsättare
Q001164	Landsarkivarie
Q001165	Byggnadsingenjör
Q001166	Tunnelsprängare
Q001167	Utvecklingsingenjör, el-tele
Q001168	Rådman
Q001169	Kartingenjör
Q001170	Akupunktör
Q001171	Gnistare
Q001172	Lättmatros
Q001173	Dekorationsmålare, skyltning
Q001174	Ritare, textil, trä, glas, förpackningar
Q001175	Husmontör
Q001176	Stensågare
Q001177	Kammarrättslagman
Q001178	Campingvärd
Q001179	Processoperatör, metallproduktion
Q001180	Destruktionsmaskinist
Q001181	Linsslipare
Q001182	Charkuteriarbetare, butik
Q001183	Ljusformare
Q001184	Preparator/Taxidermist
Q001185	Civilingenjör, konstruktion, elektronik
Q001186	Civilingenjör, konstruktion, maskin
Q001187	Attraktionsförare
Q001188	Hamnchef
Q001189	Tapetserare, hantverk
Q001190	VA-chef
Q001191	ST-läkare
Q001192	Kalibreringsingenjör, tillverkningsindustri
Q001193	Kulturchef
Q001194	Chef inom kyrkogårdsförvaltningen
Q001195	Försäkringsspecialist
Q001196	Toxikolog
Q001197	Automatställare
Q001198	Civilingenjör, maskin
Q001199	Redaktionschef
Q001200	Skogsförvaltare
Q001201	Brodör/Brodös
Q001202	Musikalartist
Q001203	Reparationssnickare
Q001204	Servitör, fartyg/Servitris, fartyg
Q001205	Maskinbefäl, fartyg
Q001206	Dragspelsbyggare
Q001207	Showartist
Q001208	Landsantikvarie
Q001209	Läkemedelsinspektör
Q001210	Handformare, gjuteri
Q001211	Husdjurstekniker
Q001212	Paleontolog
Q001213	Prissättare
Q001214	Mediatextare
Q001215	Fondchef, statlig
Q001216	Organisationssekreterare, intresseorganisation
Q001217	Fotoetsare
Q001218	Processingenjör, gruv
Q001219	Sug- och spolbilsförare
Q001220	Forskare, pedagogik
Q001221	Biografvärd/Biografvaktmästare
Q001222	Produktionschef, bygg
Q001223	Inköpsledare
Q001224	Betongarbetare, utan yrkesbevis
Q001225	Specialistpsykolog
Q001226	Ledsagare
Q001227	Vårdutvecklare
Q001228	Hydraulmontör
Q001229	Infrastrukturspecialist, It
Q001230	Habiliteringsassistent
Q001231	Repetitör
Q001232	Kammarrättsassessor
Q001233	Miljöhandläggare
Q001234	Processoperatör, värmebehandling
Q001235	Biokemist
Q001236	Sjukvårdstolk
Q001237	Importchef
Q001238	Nättillverkare
Q001239	Fartygsinspektör
Q001240	Falsare, bokbinderi
Q001241	Koordinator: kultur, media, film, dataspel
Q001242	Träullsarbetare
Q001243	Landskapsarkitekt
Q001244	Metallkonstruktionsmontör
Q001245	Osteopat
Q001246	Fiskeribiolog
Q001247	Riksgäldsdirektör
Q001248	Projektledare, logistik
Q001249	Signalingenjör
Q001250	Fysiolog
Q001251	Elevassistent
Q001252	Automatpressare, metall
Q001253	Finansiell controller
Q001254	Arbetsledare, elkraft
Q001255	Orgelbyggare
Q001256	PR-konsult
Q001257	Forskare, genetik
Q001258	Virkmaskinskötare
Q001259	Skoputsare
Q001260	Ekonomibiträde, fartyg
Q001261	Limmare, snickeri
Q001262	Bärplockare
Q001263	Berggrundsgeolog
Q001264	Underhållschef
Q001265	Centrifugoperatör, glas
Q001266	Civilingenjör, produktion, gruv, metallurgi
Q001267	Lindansare
Q001268	Skyddsingenjör
Q001269	Originalare/Final Art
Q001270	Upphovsrättsjurist
Q001271	Kontorsbiträde
Q001272	Solskyddsmontör
Q001273	Lastningsförman/Load master
Q001274	Projektledare, telekom
Q001275	Attaché
Q001276	Textilingenjör
Q001277	Bilskadereglerare
Q001278	Centrumutvecklare/Handelsutvecklare
Q001279	Transportplanerare
Q001280	Ventilationsmontör
Q001281	Koreolog
Q001282	Museipedagog/Museilärare
Q001283	Informationskonsult
Q001284	Hovrättspresident
Q001285	Ungdomskonsulent, fritid
Q001286	Föreningsinstruktör
Q001287	HR-controller
Q001288	Stengravör
Q001289	Distributionschef, logistik och transporter
Q001290	Tandhygienist
Q001291	Stylist
Q001292	Speltestare/QA
Q001293	Företagspsykolog
Q001294	Processingenjör, maskin
Q001295	Församlingsföreståndare, frikyrka
Q001296	Driftledare, lantbruk
Q001297	Affärskonsult, IT
Q001298	Key account manager
Q001299	Testutvecklare
Q001300	Frontofficepersonal
Q001301	Bokföringskontorist
Q001302	Maskinoperatör, gipsplattor
Q001303	Konferensplanerare
Q001304	Klubbvärdinna
Q001305	Tandläkare
Q001306	Förpackningstekniker
Q001307	Anläggningsdykare
Q001308	Handläggare, intresseorganisation/Utredare, intresseorganisation
Q001309	Kundvagnsuppsamlare
Q001310	Laminerare, plast
Q001311	TV-tekniker/Hemelektroniktekniker
Q001312	Fartygsintendent
Q001313	Förrådsarbetare, bygg
Q001314	Jaktvårdare/Viltvårdare
Q001315	Flygplansplåtslagare
Q001316	Emaljör
Q001317	Game programmer
Q001318	Programvärd/Programvärdinna
Q001319	Blästrare
Q001320	Gradör
Q001321	Webbanalytiker
Q001322	Måltidsbiträde
Q001323	Forskare, teologi
Q001324	Omsorgschef
Q001325	Privatbokbindare
Q001326	Hovslagare
Q001327	Dietkock/Dietkokerska
Q001328	Mediakonsulent
Q001329	Förskolekonsulent
Q001330	Kostekonom
Q001331	Administrativ utvecklare
Q001332	Leveransman
Q001333	Trumtillverkare
Q001334	Kinesiolog
Q001335	Chefsbarnmorska
Q001336	Specialisttandläkare
Q001337	Assessor
Q001338	Forskningsassistent, biologi
Q001339	Kvalitetsingenjör, metallurgi/Kvalitetstekniker, metallurgi
Q001340	Musiker
Q001341	Forskare, statskunskap
Q001342	Webbansvarig/Webbstrateg
Q001343	Varumärkare/Prismärkare
Q001344	Förvaltningsjurist
Q001345	Croupier
Q001346	Kontakttolk/Dialogtolk
Q001347	Forskare, farmakologi
Q001348	VA-ingenjör
Q001349	Nätverksoperatör
Q001350	Försvarsmeteorolog
Q001351	Begravningsrådgivare
Q001352	Golvslipare, trä
Q001353	Sjuksköterska, psykiatrisk vård
Q001354	Virkeschef
Q001355	Produktionsekonom
Q001356	VD-sekreterare
Q001357	Apotekschef
Q001358	Röntgentekniker
Q001359	Miljöjurist
Q001360	Begravningsassistent
Q001361	Materialstyrare
Q001362	Intensivvårdssjuksköterska
Q001363	Bensinstationsföreståndare/Stationschef
Q001364	Automationstekniker, maskin
Q001365	Kvalitetsmätare, metallprodukter
Q001366	Lokförare/Förare av tåg
Q001367	Rehabhandläggare
Q001368	Laborant, kemi
Q001369	Musikförläggare
Q001370	Auktionsbiträde
Q001371	Akademisekreterare
Q001372	Stationsmontör, elkraft/Stationstekniker, elkraft
Q001373	Elektriker, film/Elektriker, TV
Q001374	Marinarkeolog
Q001375	Chefspilot
Q001376	Aromaterapeut
Q001377	Maskinoperatör, juice, frukt, grönsaker och vegetabilisk olja
Q001378	Växtskötare
Q001379	Ytkemist
Q001380	Pianostämmare
Q001381	Finanskonsult
Q001382	Exportspeditör
Q001383	Inspector dealer
Q001384	Automationsingenjör, gruvteknik och metallurgi
Q001385	Charkuteriarbetare, slakteri
Q001386	Kanslichef
Q001387	Verkstadselektriker
Q001388	Resemontör, maskin
Q001389	Arbetsledare, kontorspersonal/Gruppledare, kontorspersonal
Q001390	Hemterapeut
Q001391	Handsksömmare
Q001392	Klinikapotekare
Q001393	Ekologisk hudvårdsterapeut
Q001394	Valsverksingenjör
Q001395	Teknisk chef, fartyg/Maskinchef, fartyg
Q001396	Forskningsassistent, humaniora
Q001397	Internatföreståndare/Skolmåltidsföreståndare
Q001398	Nätverksadministratör
Q001399	Oljesanerare
Q001400	Leveranskoordinator, IT
Q001401	Friskvårdsledare
Q001402	Viltforskare
Q001403	Provningsingenjör, maskin
Q001404	Fartygselektriker
Q001405	Signaltekniker
Q001406	Lärare i grundskolan, årskurs 1-6
Q001407	Handstickare
Q001408	Pressmed
Q001409	Körsnär/Pälsmodellör
Q001410	Persiennmontör
Q001411	Gårdsmästare, blandad drift/Rättare, blandad drift
Q001412	Arbetsledare, murning
Q001413	IT-säkerhetschef/IT security manager
Q001414	Operachef
Q001415	Kock, storhushåll
Q001416	Talpedagog
Q001417	Illusionist
Q001418	Servicetekniker, maskin
Q001419	Speditionstjänsteman
Q001420	Grafisk formgivare
Q001421	Integrationshandläggare
Q001422	Färgblandare, tryckeri
Q001423	Avfallsspecialist
Q001424	Avdelningschef, gruva
Q001425	Kyrkokamrer
Q001426	Fanerskärare
Q001427	Forskare, omvårdnad
Q001428	Vattenkrafttekniker
Q001429	Polisaspirant
Q001430	Greenkeeper
Q001431	Damskräddare
Q001432	Pontonkranförare
Q001433	Inköpsassistent/Inköpskontorist/Inköpssekreterare
Q001434	Forskare, kriminalvård
Q001435	Kostymör
Q001436	Marknadsförare
Q001437	Verktygssmed
Q001438	Hortonom
Q001439	Metodstatistiker
Q001440	Fiskodlare
Q001441	Golvbeläggningsarbetare, industrigolv
Q001442	Atomfysiker
Q001443	Bostadsförmedlare
Q001444	Reklamtextare
Q001445	Spannramsförare
Q001446	Kyl- och värmepumpsmontör
Q001447	Bilvårdare/Garagearbetare
Q001448	Tapetserare, industriell tillverkning
Q001449	Personskadereglerare
Q001450	Flight Data Operator/FDO/Flygledarassistent
Q001451	Räddningschef
Q001452	Akupressör
Q001453	Fordonsingenjör
Q001454	Montör, el- och teleutrustning
Q001455	Personlig tränare/PT
Q001456	Nattchef, redaktion
Q001457	Fartygsoperatör
Q001458	Telefonförsäljare
Q001459	Maskinskötare, glasstillverkning
Q001460	Stationär väktare/Receptionsväktare
Q001461	Projektledare, medicinteknik
Q001462	Värmepumpsmontör
Q001463	Stiftsdiakon
Q001464	Ballongflygare
Q001465	Fiskmästare
Q001466	Grafisk operatör, digital produktion
Q001467	GIS-utvecklare
Q001468	Kantor
Q001469	Forskare, språk
Q001470	Mätningschef, virkesmätning
Q001471	Verksamhetsarkitekt
Q001472	Plastimpregnerare
Q001473	Trähusarbetare/Spikare
Q001474	Verksamhetsanalytiker
Q001475	Reservdelschef
Q001476	Flyginstruktör/Flyglärare
Q001477	Smidesmekaniker
Q001478	Kostkonsulent/Kostutvecklare/Måltidsutvecklare
Q001479	Brandchef
Q001480	Excenterpressare/Pressoperatör, metallarbete
Q001481	Barnsjuksköterska, akutmottagning
Q001482	Servicehandläggare
Q001483	Ortopedingenjör
Q001484	Sporthallsvaktmästare
Q001485	Manager
Q001486	Podiater/Podiatriker
Q001487	Överbibliotekarie
Q001488	Technical Operation Manager/TOM
Q001489	Flyginspektör
Q001490	Turistvärd/Turistvärdinna
Q001491	Fordonslackerare
Q001492	Provningsingenjör, el-tele
Q001493	Produktionsingenjör, kemi
Q001494	Visual Effects Artist/VFX Artist
Q001495	Robotmontör
Q001496	Produktionstekniker, maskin/Produktionstekniker, verkstad
Q001497	Civilingenjör, organisationsutveckling
Q001498	Informationsspecialist
Q001499	Skogslärare/Skogsbrukslärare/Skogsbruksinstruktör
Q001500	Arkitekt
Q001501	Planeringsingenjör, el-tele
Q001502	Bredbandsinstallatör
Q001503	Restaurangchef
Q001504	Arbetsförmedlare
Q001505	Kriminalvårdsdirektör
Q001506	Drönaroperatör/Drönarpilot
Q001507	Hälsoplanerare
Q001508	Reklamassistent/Reklamsekreterare
Q001509	Laseroperatör/Laserskärare
Q001510	Infrastrukturarkitekt
Q001511	Ugnsskötare, glas, keramik
Q001512	Hydrolog
Q001513	Barnmorska, vårdavdelning/Barnmorska, BB-avdelning
Q001514	Ledningsmontör, tele
Q001515	Onlinemarknadsförare
Q001516	Husmor
Q001517	Maskinoperatör, läkemedel
Q001518	Stensättare
Q001519	TV-chef
Q001520	Attributmakare
Q001521	Dekoratör, keramik, glas
Q001522	Båtskadeinspektör
Q001523	Rabbin
Q001524	Befälhavare, Kustbevakningen
Q001525	Avsynare, el-tele
Q001526	Arrendator, blandad drift
Q001527	Flygmäklare
Q001528	Speltestare
Q001529	Slipare, metall
Q001530	Fiskal
Q001531	Undersköterska, hemtjänst, äldreboende och habilitering
Q001532	Säljledare, resebyrå
Q001533	Hundtrimmare
Q001534	Konsumentvägledare
Q001535	Blåsinstrumentmakare
Q001536	Processansvarig, ITIL
Q001537	Glasgravör
Q001538	Arkivchef
Q001539	Special Effects Artist/SFX Artist
Q001540	Packare
Q001541	Arrangör, musik
Q001542	Planeringsingenjör, textil, trä, glas, förpackningar
Q001543	Operationssjuksköterska
Q001544	Kreditman
Q001545	Civilingenjör, kemi
Q001546	Biografmaskinist
Q001547	Kokillgjutare
Q001548	Originaltecknare
Q001549	Plywoodarbetare
Q001550	Brottmålsadvokat
Q001551	Blåsare, stålverk
Q001552	Slöjdare
Q001553	Lantbrevbärare
Q001554	Utvecklingsingenjör, elkraft
Q001555	Anaplastolog
Q001556	Spannmålstorkare
Q001557	Djurskötare, gris
Q001558	Universitets- och högskoleadjunkt
Q001559	Akustikingenjör
Q001560	Personalutvecklare
Q001561	Radioexpeditör
Q001562	Hamnkapten
Q001563	Försäkringsutredare, försäkringskassa
Q001564	Produktionsassistent
Q001565	Lantbruksdirektör
Q001566	Pressekreterare
Q001567	Planeringschef
Q001568	Kurator
Q001569	Data Warehouse specialist
Q001570	Applikationsingenjör
Q001571	Byggledare
Q001572	Briefing Officer, luftfart
Q001573	Stickare, textilindustri
Q001574	Underhållsanalytiker, elkraft
Q001575	Chief Operations/CO, flygledning
Q001576	Naturvårdsingenjör
Q001577	Utvecklingsingenjör, kemi
Q001578	Konferenschef
Q001579	Maskinoperatör, mekanisk verkstad
Q001580	Dekorationsmålare, glas
Q001581	Installationsingenjör
Q001582	Miljörevisor
Q001583	Gjutberedare
Q001584	Produktionsledare: kultur, media, film
Q001585	Konsertmästare
Q001586	Hundgårdsförman
Q001587	Kemitekniker
Q001588	Serietecknare
Q001589	Enhetschef, hälso- och sjukvård
Q001590	Instrumentmekaniker
Q001591	Biolog
Q001592	Möbelmontör/Inredningsmontör
Q001593	Taxiförare/Taxichaufför
Q001594	Textilkonstnär
Q001595	Kostchef
Q001596	Baderska, sjukhem
Q001597	Fyllnings- och förpackningsoperatör
Q001598	Taktilterapeut
Q001599	Underhållsplanerare
Q001600	Placeringsrådgivare
Q001601	Sjukhuspräst
Q001602	Hundpsykolog
Q001603	Försöksdjurskötare/Försöksdjurstekniker
Q001604	Butikskonsulent
Q001605	Museiassistent
Q001606	Inspicient
Q001607	Baptistpastor
Q001608	Naturvårdshandläggare
Q001609	Fritidsledare
Q001610	Lantbrukare, blandad drift
Q001611	Traktormekaniker
Q001612	Brunnsborrare
Q001613	Systemtestare/Funktionstestare
Q001614	Förbundsordförande
Q001615	Affärsutvecklare
Q001616	Fastighetsassistent
Q001617	Organisationskonsult
Q001618	Hörselvårdstekniker
Q001619	Plasmafysiker
Q001620	Virkesköpare/Virkesinköpare
Q001621	Orkesterchef
Q001622	Trafiklots
Q001623	Kanslijurist
Q001624	Gjutmästare
Q001625	Elektronikkonstruktör
Q001626	Civilingenjör, kvalitet, kemiteknik
Q001627	Processoperatör, papper
Q001628	Civilingenjör, forskning inom bygg och anläggning
Q001629	Bokförare
Q001630	Länsbibliotekarie
Q001631	Borrledare, petroleumutvinning
Q001632	Maskinoperatör, kemitekniska produkter
Q001633	Civilingenjör, lantmäteri
Q001634	Socionom
Q001635	Coldsettryckare
Q001636	Mönsterkonstruktionsassistent
Q001637	Teatertekniker/Scentekniker
Q001638	Färgtryckspåläggare, porslin
Q001639	Brevbärare
Q001640	Överdirektör
Q001641	Motorelev, fartyg
Q001642	Maskinreparatör, stationära
Q001643	Teckenspråkstolk/Dövblindtolk
Q001644	Offertberedare
Q001645	Eltekniker
Q001646	Lantmäterichef
Q001647	Informatör/Kommunikatör
Q001648	Församlingspedagog
Q001649	Civil brottsutredare
Q001650	Matematiker
Q001651	Planhyvlare, trä
Q001652	Renhållningsmaskinförare
Q001653	Forskare, agronomi
Q001654	Ekotoxikolog
Q001655	Flygplanselektriker
Q001656	Antropolog
Q001657	Notariatchef, bank
Q001658	Styckmästare
Q001659	Motorbyggare
Q001660	Abonnemangsförsäljare
Q001661	Orderassistent
Q001662	Arbetsledare, lager
Q001663	Språkkonsult
Q001664	Geologassistent
Q001665	SSA-sekreterare
Q001666	Verkstadschef
Q001667	Internrevisionschef
Q001668	Webbredaktör
Q001669	Produktionsingenjör, elektronik
Q001670	Laboratorieingenjör, metallurgi
Q001671	Friskvårdskonsult/Hälsovägledare
Q001672	Trafikplanerare, transportföretag
Q001673	Bildterapeut
Q001674	Filmpassare
Q001675	Förrådschef
Q001676	Civilingenjör, bygg
Q001677	Läderfärgare
Q001678	Driftmontör, elkraft
Q001679	Lärling, tak- och tätskiktsmontör
Q001680	Expeditör, spedition
Q001681	Hyvlare, trä
Q001682	Programpresentatör
Q001683	Framtidsforskare
Q001684	Processoperatör, smältverk
Q001685	Laboratorieveterinär
Q001686	Gjuterioperatör
Q001687	Arbetsledare, kundservice/Gruppledare, kundservice
Q001688	Färdmekaniker, helikopter
Q001689	Trädgårdsförman
Q001690	Avdelningschef, bank
Q001691	Hemförsäljare
Q001692	Lantbrukare, djuruppfödning
Q001693	Gjutare
Q001694	Kundmottagare, bilverkstad/Verkmästare, bilverkstad
Q001695	Talassolog
Q001696	Försäkringsombud
Q001697	Vitvarumontör
Q001698	Orkesterledare
Q001699	Testledare/QA lead
Q001700	Byggnadsinspektör
Q001701	Charkuterist
Q001702	Vältförare
Q001703	Kvalitetsingenjör, el-tele
Q001704	Servicetekniker, elkraft
Q001705	Möbelrenoverare/Möbelrestauratör
Q001706	Renhållningsförare
Q001707	Expressarbetare/Flyttkarl/Stadsbud
Q001708	Lärling, golvläggare
Q001709	Produktionschef, tillverkning
Q001710	Verkstadsingenjör
Q001711	Markförhandlare
Q001712	Grävlastarförare, anläggning
Q001713	Inspektör, Polisen
Q001714	Träförgyllare
Q001715	Färdigmatlagare
Q001716	Friluftssamordnare
Q001717	Pålmaskinförare
Q001718	Seismolog
Q001719	Karttekniker
Q001720	Tågvarnare
Q001721	Hälsoekonom
Q001722	Torvarbetare
Q001723	Idéhistoriker
Q001724	Nätplanerare
Q001725	Ordermottagare
Q001726	Gasskärare
Q001727	Hjälpmedelstekniker
Q001728	Stenborrare, stenbrott
Q001729	Arbetsledare, rivning
Q001730	Stadssekreterare
Q001731	Rostskyddsmålare
Q001732	Transportingenjör
Q001733	Fartygskonstruktör
Q001734	Trafikingenjör
Q001735	Beredskapsdirektör
Q001736	Chief Information Officer/CIO/IT-chef
Q001737	Ateljésömmerska
Q001738	Kompositör
Q001739	Sjukhusfysiker
Q001740	Kundserviceingenjör, tillverkningsindustri
Q001741	Ställningsbyggare
Q001742	Skolvaktmästare
Q001743	Korrekturläsare
Q001744	Konststensgjutare
Q001745	Ledande montör, el
Q001746	Inspelningsassistent
Q001747	Arbetsledare, städ/Husfru/Städledare
Q001748	Nät- och kraftsystemsanalytiker, elkraft
Q001749	Borrare, trä
Q001750	Värderingsassistent
Q001751	Stuteriarbetare
Q001752	Driftchef, trädgård
Q001753	Karosserisnickare
Q001754	Privatdetektiv
Q001755	Träslöjdare
Q001756	Solcellsmontör
Q001757	Underhållsmekaniker
Q001758	Projektledare, ventilation
Q001759	Förvalsare
Q001760	Tandsköterska
Q001761	Reglerare, valsverk
Q001762	Tunnbindare
Q001763	Kontursågare, snickeri
Q001764	Mimskådespelare
Q001765	Systemsäljare
Q001766	Incheckare
Q001767	Inredningssnickare/Specialsnickare
Q001768	Veterinärassistent
Q001769	Hållbarhetschef
Q001770	Fortbildningskonsulent
Q001771	Asfaltarbetare, asfaltframställning
Q001772	Biljettkontrollör
Q001773	Kultursekreterare
Q001774	Städchef
Q001775	Läromedelsassistent
Q001776	Uroterapeut
Q001777	Ambulanssjuksköterska
Q001778	Familjerättssekreterare
Q001779	Modellsnickare
Q001780	Zoolog
Q001781	Jaktvårdskonsulent/Jaktvårdsrådgivare
Q001782	Hunduppfödare
Q001783	Ungdomsassistent
Q001784	Barmästare
Q001785	Parkchef
Q001786	Kommunchef/Kommundirektör/Stadsdirektör
Q001787	Professor
Q001788	Planarkitekt
Q001789	Butiksinspektör
Q001790	Städare/Lokalvårdare
Q001791	Stämningsman
Q001792	Fytoterapeut/Örtterapeut
Q001793	Förbundssekreterare
Q001794	Anhörigkonsulent
Q001795	Dockteaterpedagog
Q001796	Smältare/Smältverksoperatör
Q001797	Speciallärare
Q001798	Forskare, kulturgeografi
Q001799	Pressbiträde
Q001800	Industrisanerare
Q001801	Länsråd
Q001802	Stenmaskinskötare
Q001803	Bilsadelmakare/Biltapetserare
Q001804	Maskinrådgivare/Maskinkonsulent
Q001805	Växtskyddsspecialist
Q001806	Näringslivschef
Q001807	Lärling, installationselektriker
Q001808	Isoleringsmontör
Q001809	HR-generalist/HR-partner
Q001810	Glasverksarbetare
Q001811	Kalanderskötare, plast
Q001812	Biträdande universitetslektor/Biträdande högskolelektor
Q001813	Hiss- och rulltrappstekniker
Q001814	Vaxgjutare
Q001815	Montör, träprodukter
Q001816	Hovrättslagman
Q001817	Databasdesigner
Q001818	Utbildningsassistent
Q001819	Färgare
Q001820	Kantslipare, glas
Q001821	Konferencier
Q001822	3D artist/3D-grafiker
Q001823	Digitaltryckare
Q001824	Elektroniksanerare
Q001825	Patinerare
Q001826	Valsare
Q001827	Industrisömmerska
Q001828	Fotomodell
Q001829	Ayurvedamassör/Ayurvedaterapeut
Q001830	Civilingenjör, medicinsk teknik
Q001831	Laboratoriechef
Q001832	Meteorologassistent/Observatör, flygvapnet
Q001833	Dataanalytiker
Q001834	Personlig assistent
Q001835	Sågverksoperatör
Q001836	Frukostvärd/Frukostvärdinna
Q001837	Snöskottare
Q001838	Lagerchef
Q001839	Utsättarbiträde
Q001840	Trader
Q001841	Trafikskolechef
Q001842	Hushållsmaskinreparatör/Vitvarureparatör
Q001843	Nationalekonom
Q001844	Agronom
Q001845	Planeringstekniker, metallurgi
Q001846	Budgetplanerare
Q001847	Riksdagsledamot
Q001848	Butikssäljare, fackhandel
Q001849	Fotterapeut/Fotvårdsspecialist
Q001850	Försäkringskonsulent
Q001851	Hemvårdare
Q001852	Ambassadråd
Q001853	Platschef, film/Platschef, TV
Q001854	Smärgelduksarbetare
Q001855	Utbildningsledare
Q001856	Maskinoperatör, mjukband
Q001857	Dansare
Q001858	Supporttryckare
Q001859	Snörmakare
Q001860	Mönsterritare, tyger
Q001861	Slipare, snickeri
Q001862	Specialpedagog
Q001863	Gatuchef
Q001864	Civilingenjör, kemiteknik
Q001865	Ljuddesigner
Q001866	Lärare i kulturskolan
Q001867	Anslutningsingenjör, elkraft
Q001868	Korgmakare
Q001869	Processoperatör, stålindustri
Q001870	Speditionsassistent
Q001871	Idrottsplatsvaktmästare/Idrottsplatsarbetare
Q001872	Inkasserare
Q001873	Platschef, anläggning
Q001874	Stadsutvecklare/Samhällsstrateg
Q001875	Kreditberedare
Q001876	Paketbilsförare
Q001877	Arrendator, djuruppfödning
Q001878	Fysiologassistent, laborant
Q001879	Pastor, frikyrkoförsamling
Q001880	Skyddsrumsinspektör
Q001881	Samtalsterapeut
Q001882	Konsulent på stifts-/nationell nivå
Q001883	Länsveterinär
Q001884	Intendenturpersonal, sjöfart
Q001885	Skrivtolk/Vuxendövtolk
Q001886	Byråchef
Q001887	Avloppstekniker
Q001888	Markingenjör
Q001889	Verksamhetsutvecklare
Q001890	Boutredare
Q001891	Kontrollanläggningsingenjör, elkraft
Q001892	Säkerhetsansvarig, IT
Q001893	Arbetspsykolog/Organisationspsykolog
Q001894	Robotsvetsare
Q001895	Dataoperatör
Q001896	Kulare, glas
Q001897	Etnolog
Q001898	Socialantropolog
Q001899	Maskör
Q001900	Systemutvecklare/Programmerare
Q001901	Bensinstationsbiträde/Servicebiträde
Q001902	Budgetchef
Q001903	Kontorsstädare
Q001904	Officer
Q001905	Inköpsingenjör
Q001906	Lånechef
Q001907	Cirkusartist
Q001908	Mättekniker, fysik
Q001909	Epizootolog
Q001910	Konferenstekniker
Q001911	Forskare, läkemedel
Q001912	Anbudsansvarig/Bid Manager
Q001913	Landstingsjurist
Q001914	Beredskapssamordnare/Krisberedskapssamordnare
Q001915	Förlagsredaktör
Q001916	Riksantikvarie
Q001917	Företagssäljare
Q001918	Skördearbetare
Q001919	Civilingenjör, väg
Q001920	Handlingskoordinator
Q001921	Chefssjuksköterska
Q001922	Plattsättare, utan yrkesbevis
Q001923	Sjukhusstädare
Q001924	Avsynare, elkrafttekniska produkter
Q001925	Eventansvarig/Eventkoordinator
Q001926	Cisternreparatör
Q001927	Kontorskassör
Q001928	Mätaravläsare
Q001929	Modist
Q001930	Lantbrukskassör
Q001931	Orderadministratör
Q001932	Rundtursguide
Q001933	Planerare, flygbolag
Q001934	Bilrekonditionerare
Q001935	Glaspressare
Q001936	Arbetsledare, tillverkning, elkrafttekniska produkter
Q001937	Gardinmakare
Q001938	Kreditbevakare
Q001939	Skinnsömmerska
Q001940	Benmakare
Q001941	Murare
Q001942	Trädgårdsarbetare/Plantskolearbetare, trädgård
Q001943	Tandvårdsassistent
Q001944	Kontorschef, offentlig förvaltning
Q001945	Säkerhetschef
Q001946	Kranmontör
Q001947	Planeringsarkitekt/Fysisk planerare
Q001948	Annonsgrafiker
Q001949	Layouttecknare
Q001950	Kärnkraftsanerare
Q001951	Molekylärbiolog
Q001952	Pressgjutare
Q001953	Djurtransportförare
Q001954	Bilplåtslagare/Bilskade- och karosserireparatör
Q001955	Porslinsgjutare
Q001956	Skolinspektör
Q001957	Byggnadsplåtslagare
Q001958	Herrskräddare
Q001959	Distriktsveterinär
Q001960	Kraftstationsmaskinist
Q001961	Extruderskötare, metall
Q001962	Bärgningsdykare
Q001963	Kemikalieinspektör
Q001964	Lärling, industrielektriker
Q001965	SQE Supplier Quality Engineer
Q001966	Obduktionstekniker/Obduktionsassistent
Q001967	Barberare
Q001968	Trafiklärare
Q001969	Audionom
Q001970	Skolvärd/Skolvärdinna
Q001971	Träbildhuggare
Q001972	Elnätsanalytiker
Q001973	Glasbruksarbetare
Q001974	Dataskyddsombud
Q001975	Kvalitetssamordnare/Kvalitetskoordinator
Q001976	Skogsmaskinförare
Q001977	Regionchef, butik
Q001978	Intonatör
Q001979	Trådspolare, metall
Q001980	Pedagogassistent
Q001981	Pälssömmerska
Q001982	Jurist, specialdomstol
Q001983	Filmarkivarie
Q001984	Medicinskt ansvarig sjuksköterska/MAS
Q001985	Maskinoperatör, konfektyrindustri
Q001986	Arbetsterapeut
Q001987	Maskinoperatör, foder
Q001988	Lantmästare
Q001989	Optikerassistent
Q001990	Flygingenjör
Q001991	Synpedagog
Q001992	Hydrogeolog
Q001993	Lärling, mobilkranförare
Q001994	Civilskadeinspektör
Q001995	Företagsjurist
Q001996	Polerare, trä
Q001997	Nätverksansvarig
Q001998	Oceanograf
Q001999	Buddhistpräst
Q002000	Fakturakontrollant
Q002001	Väghyvelförare
Q002002	Takmålare, plåt
Q002003	Systemarkitekt
Q002004	Chefsrådman
Q002005	Mönsterslipare, glas
Q002006	Webbtekniker
Q002007	Trafikchef
Q002008	Genealog
Q002009	Ekonomichef
Q002010	Äldrepedagog
Q002011	Plantör
Q002012	Teknisk chef, kommun
Q002013	Produktionsingenjör, maskin
Q002014	Kallskänka, fartyg
Q002015	Stadsjurist/Kommunjurist/Stadsadvokat
Q002016	Maskinoperatör, konservering
Q002017	Stansgravör
Q002018	Folkbokföringshandläggare
Q002019	Varumärkesjurist
Q002020	Kontrollanläggningstekniker
Q002021	Ämneslärare, 7-9
Q002022	Lärling, isoleringsplåtslagare
Q002023	Tullhandläggare/Tulladministratör
Q002024	Casting Director/Castare/Rollsättare
Q002025	Skänkskötare
Q002026	Forskningsassistent, agronomi
Q002027	Endestyrman
Q002028	Packmästare, flytt
Q002029	Tillskärare, konfektion
Q002030	Immaterialrättsjurist
Q002031	Operatör, scenmaskineri
Q002032	Bebyggelseantikvarie
Q002033	Kontrollingenjör, kemiteknik
Q002034	Videotekniker/VB-tekniker
Q002035	Musikinstrumentmakare
Q002036	Lärling, ventilationsplåtslagare
Q002037	Informatikerassistent
Q002038	Laboratorietekniker, fysik
Q002039	Strängpressare, metall
Q002040	Enhetschef, hemtjänst/Områdeschef, hemtjänst
Q002041	AD-assistent
Q002042	Souschef
Q002043	Båtbesiktningsman
Q002044	Arbetsledare, säkerhetsarbete/Gruppledare, säkerhetsarbete
Q002045	Fritidsledare, församling/Ungdomsledare, församling
Q002046	Advokatsekreterare
Q002047	Juristassistent/Paralegal
Q002048	Driftingenjör, el-tele
Q002049	Supportsvarvare
Q002050	Murare, utan yrkesbevis
Q002051	Glasarbetare
Q002052	Kvinnojoursarbetare
Q002053	Skolchef/Skoldirektör/Skolledare
Q002054	Skogsvårdschef
Q002055	Ambassadsekreterare
Q002056	Kassapersonal
Q002057	Ljudassistent
Q002058	Lektör
Q002059	Lots, fartyg
Q002060	Fältassistent
Q002061	Civilingenjör, process, kemiteknik
Q002062	Civilingenjör, el-tele
Q002063	Virkesimpregnerare
Q002064	Äggplockare
Q002065	Projektledare, social inriktning
Q002066	Valsverksoperatör
Q002067	Processingenjör, kemiteknik
Q002068	Dramatiker
Q002069	Virkessorterare
Q002070	Komminister
Q002071	Lärling, bergarbetare, bygg och anläggning
Q002072	Immunolog
Q002073	Placeringsassistent
Q002074	Bildpedagog
Q002075	Grönsaksodling, förman
Q002076	Chef, Corporate Finance
Q002077	Säkerhetsvakt
Q002078	Ångpanneeldare
Q002079	Metodistpastor
Q002080	Level designer/Leveldesigner
Q002081	Ekonomidirektör/Finanschef
Q002082	Fransstylist/Frans- och brynstylist
Q002083	Fasadmontör
Q002084	Socialchef/Socialdirektör
Q002085	Stängselmontör
Q002086	Statssekreterare
Q002087	Underhållsarbetare, bygg och anläggning
Q002088	Radioloksoperatör
Q002089	Dataregistrerare/Registrerare
Q002090	Idrottsplatschef
Q002091	Innesäljare
Q002092	Marknadskommunikatör
Q002093	Second assistant director/SAD
Q002094	Hemstädare/Hemhjälp
Q002095	Dockmakare
Q002096	Revisor
Q002097	Diversearbetare
Q002098	Brännare, glas, keramik
Q002099	Träfiberskivarbetare
Q002100	Turistinformatör
Q002101	Projekteringsingenjör, maskin
Q002102	Lokalguide
Q002103	Professionell idrottsutövare
Q002104	Sångare
Q002105	Heatsettryckare
Q002106	Konstnärsmodell
Q002107	Flygmekaniker
Q002108	Slipverktygsoperatör
Q002109	Aktiechef
Q002110	Ambulanssjukvårdare
Q002111	Pumpman, oljeborrning
Q002112	Turistintendent
Q002113	Arbetsledare, husbyggnad
Q002114	Organisationsjurist
Q002115	Vinprovare
Q002116	Båtbyggare
Q002117	Skrovbyggare, trä
Q002118	Laboratorieingenjör, kemi
Q002119	Dövblindkonsulent
Q002120	Trafikassistent
Q002121	3D-printingspecialist
Q002122	Redaktionssekreterare
Q002123	Folkhögskolelärare
Q002124	Informationschef/Kommunikationschef
Q002125	Länsantikvarie/1:e antikvarie
Q002126	Pistmaskinförare
Q002127	Automatsvarvare
Q002128	Postdoktor/Postdoc
Q002129	Handikappkonsulent
Q002130	Traktorförare, industri
Q002131	B-fotograf/Focus puller
Q002132	Klensmed
Q002133	Djurskötare, djuruppfödning
Q002134	Officer, Frälsningsarmén
Q002135	Biodlare/Biskötare
Q002136	Asfaltverksskötare
Q002137	Modersmålslärare, förskola
Q002138	Borgerlig officiant
Q002139	Justitieråd
Q002140	Forskare, mikrobiologi
Q002141	Dykinstruktör
Q002142	Tillgänglighetskonsult
Q002143	Ljudingenjör
Q002144	Publikvärd
Q002145	Civilingenjör, byggnadskonstruktion
Q002146	Styr- och reglertekniker
Q002147	Samhällsekonom
Q002148	Produktionschef, logistik/Produktionschef, transporter
Q002149	Kvalificerad skattehandläggare
Q002150	Manikyrist/Manikurist
Q002151	Plysare
Q002152	Bilbärgare
Q002153	AV-tekniker
Q002154	Verkstadskontorist
Q002155	Ungdomsledare
Q002156	Mediasäljare
Q002157	Avdelningschef, smältverk
Q002158	Avsynare, glas- och keramikprodukter
Q002159	Elingenjör
Q002160	Arkivassistent
Q002161	Gatuförsäljare
Q002162	Blandningsuppvägare, sprängämnen
Q002163	Neuropsykolog
Q002164	Ventilationsisolerare
Q002165	Formatsågare, fiberskivor
Q002166	Bildingenjör/BING, film/BING, TV
Q002167	Terminolog
Q002168	Maskinoperatör, tryckeri
Q002169	Traversförare
Q002170	IT-strateg
Q002171	Serviceingenjör, metallurgi
Q002172	Miljöchef
Q002173	Reklamchef
Q002174	Sandberedare, gjuteri
Q002175	First assistant director/FAD
Q002176	Brännmästare
Q002177	Vägingenjör
Q002178	Länsjägmästare
Q002179	Ljussättare
Q002180	Asfaltkokare, asfaltframställning
Q002181	Biomedicinare
Q002182	Boupptecknare
Q002183	Jockey
Q002184	Socialkonsulent, Arbetsförmedlingen
Q002185	Brandinspektör
Q002186	Nutritionist/Näringsfysiolog
Q002187	Reklamkonsulent
Q002188	Forskningschef
Q002189	Prefekt
Q002190	Stuckatör
Q002191	Reklamationshandläggare
Q002192	Prydnadsväxtodlare
Q002193	Väderobservatör
Q002194	Riskingenjör, försäkring
Q002195	Projekteringsingenjör, bygg och anläggning
Q002196	Metallduksvävare
Q002197	Kvalitetsbedömare, livsmedel
Q002198	Ljusstöpare
Q002199	Symaskinsreparatör
Q002200	Dekorationsmålare, porslin
Q002201	Föreningskonsulent
Q002202	VVS-tekniker
Q002203	Småmaskinsmekaniker
Q002204	Folkhälsostrateg
Q002205	Forskare, bakteriologi
Q002206	Driftingenjör, värmeverk
Q002207	Materialprovare
Q002208	AT-läkare
Q002209	Tingsfiskal
Q002210	Fruktodlare
Q002211	Uppblåsare
Q002212	Minister
Q002213	Virkesmätare
Q002214	Konferensvärd/Konferensvärdinna
Q002215	Hemslöjdskonsulent
Q002216	Missionär
Q002217	Distriktssköterska
Q002218	Mobilutvecklare/Apputvecklare
Q002219	Plantskolechef
Q002220	Civilingenjör, väg- och vattenbyggnad
Q002221	Skolbibliotekarie
Q002222	Arbetsledare, golv
Q002223	Systemförvaltare
Q002224	Försäkringsförmedlare/Försäkringsmäklare
Q002225	Medicinteknisk ingenjör
Q002226	Pastorsadjunkt
Q002227	Musselodlare
Q002228	GIS-samordnare
Q002229	Keramikpressare
Q002230	Hamnarbetare/Stuveriarbetare
Q002231	Polisintendent
Q002232	Dansterapeut
Q002233	Löneadministratör/Lönekonsult
Q002234	Ortopedtekniker
Q002235	Pressare, kläder
Q002236	Postterminalarbetare
Q002237	Forskare, zoologi
Q002238	Lärling, pålmaskinförare
Q002239	Motionskonsulent
Q002240	Gelbgjutare
Q002241	Kriminalvårdsinspektör
Q002242	Trollkarl
Q002243	Barnpsykolog
Q002244	Entreprenadingenjör
Q002245	Författare
Q002246	Radiolokförare
Q002247	Forensiker, biomedicinsk analytiker
Q002248	Gassvetsare
Q002249	Sömmerska, möbeltillverkning
Q002250	Barnmorska, förlossning
Q002251	Mykolog
Q002252	Gränskontrollant/Passkontrollant
Q002253	Köttklassificerare
Q002254	Verkställande direktör/VD
Q002255	Ögonsjuksköterska/Oftalmologassistent
Q002256	Institutionsmäklare
Q002257	Mätningstekniker, bygg
Q002258	Stenmontör, utan yrkesbevis
Q002259	Handelsagent, partihandel
Q002260	Bussvärd
Q002261	Lastbilsmekaniker
Q002262	Telferförare
Q002263	Musikterapeut
Q002264	Forskningsadministratör
Q002265	Båtman, Sjöfartsverket
Q002266	Maskinoperatör, ytbehandling, trä
Q002267	Rörinfodrare
Q002268	Automationstekniker, elektronik
Q002269	Tandteknikerbiträde
Q002270	Verktygsuppsättare
Q002271	Lärling, teleskoptruckförare
Q002272	Gruvmätare
Q002273	Samhällsvägledare
Q002274	Köksbiträde
Q002275	Forskare, jordbruk
Q002276	Devops utvecklare
Q002277	Formgivare
Q002278	Arbetsledare, tryckeri
Q002279	Lantbruksekonom
Q002280	Solarievärd/Solarievärdinna
Q002281	HR-assistent
Q002282	Golfinstruktör/Golftränare
Q002283	Maskinoperatör, bageri
Q002284	Forskningskommunikatör
Q002285	Mättekniker, geologi
Q002286	LD-operatör
Q002287	Produktchef, marknadsföring
Q002288	Motorschaktvagnförare
Q002289	Chefskock
Q002290	Geotekniker
Q002291	Fältsäljare/Utesäljare
Q002292	Campingplatsföreståndare
Q002293	Kulturgeograf
Q002294	Koreograf
Q002295	Annonsmottagare
Q002296	Elkvalitetsanalytiker, elkraft
Q002297	Teleingenjör
Q002298	Reklamdesigner
Q002299	Utbildningskoordinator
Q002300	Uppköpare
Q002301	Distributionsassistent
Q002302	Djurskötare, fjäderfä
Q002303	Butikssäljare, dagligvaror/Medarbetare, dagligvaror
Q002304	Fritidsinstruktör
Q002305	Butikskontrollant
Q002306	Produktionsingenjör, textil, trä, glas, förpackningar
Q002307	Lantbruksrådgivare/Lantbrukskonsulent
Q002308	Diskare
Q002309	Projektör, telekom
Q002310	Sektionschef, gruva
Q002311	Stenbrottsarbetare
Q002312	Maskinoperatör, garnberedning
Q002313	Inspektionsdykare
Q002314	Bagerichef
Q002315	Undertaksmontör
Q002316	Hjälpmedelskonsulent
Q002317	Skorstensfejare/Sotare
Q002318	Projektledare, bygg och anläggning
Q002319	Sadelmakare
Q002320	Trafikinformatör
Q002321	Församlingsföreståndare, Frälsningsarmén
Q002322	Dykare
Q002323	Motorcykelmekaniker
Q002324	Projektledare, industri
Q002325	Officiell veterinär
Q002326	Siffergranskare
Q002327	Laboratorietekniker, kemi
Q002328	Föredragande/Beredningsjurist
Q002329	Pedikyrist/Pedikurist
Q002330	Forskare, sociologi
Q002331	Fastighetssekreterare
Q002332	Stationschef, flyg
Q002333	Tenngjutare
Q002334	Hunddressör
Q002335	Technical artist
Q002336	Psykoterapeut
Q002337	Listmakare
Q002338	Slussvakt
Q002339	Processoperatör, metallindustri
Q002340	Bankjurist
Q002341	Concept artist
Q002342	Folkhälsoplanerare
Q002343	Bibliotekskonsulent
Q002344	Miljövårdsdirektör
Q002345	Krematorievaktmästare
Q002346	Besiktningsman, försäkring/Skadeinspektör, försäkring
Q002347	Instrumentingenjör, fysik
Q002348	Dokumentalist
Q002349	Forskare, växt- och djurbiologi
Q002350	Lokaliserare
Q002351	Verktygskonstruktör
Q002352	Masugnsarbetare
Q002353	Sektionschef, sjukhus
Q002354	Skeppsmäklare
Q002355	Driftingenjör, maskin
Q002356	Riggare, verktygsmaskiner
Q002357	Betongstationskötare
Q002358	Vinberedare
Q002359	Ladugårdsskötare, blandad drift
Q002360	Fältgeotekniker
Q002361	Forskningsledare
Q002362	Hundskötare/Hundvårdare
Q002363	Trafiknykterhetskontrollant
Q002364	Avsmakare
Q002365	Bussförare/Busschaufför
Q002366	Läkemedelskonsulent
Q002367	Layoutare
Q002368	Hälsopedagog
Q002369	Språkteknolog
Q002370	Akvariefiskuppfödare
Q002371	Röstpedagog
Q002372	Scenografassistent
Q002373	Civilingenjör, kvalitet, metallurgi
Q002374	Organisationschef, kommun
Q002375	Stränginstrumentmakare
Q002376	Chefsdesigner
Q002377	Porslinsmålare
Q002378	Utlandsförare
Q002379	Kvartärgeolog
Q002380	Rekvisitörsassistent
Q002381	Handvirkare
Q002382	Distriktsinstruktör/Distriktstränare
Q002383	Bildemontör
Q002384	Måleri, servicearbetare
Q002385	Servicechef, bilverkstad
Q002386	Visuell grafisk kommunikatör
Q002387	Fredsforskare
Q002388	Kommunikationstekniker
Q002389	Forskningsassistent, samhällsvetenskap
Q002390	Fukttekniker
Q002391	Biostatistiker
Q002392	Logopedassistent
Q002393	Assistent i församlingsarbete
Q002394	Klippassistent
Q002395	Kolonnarbetare
Q002396	Projektledare, offentlig verksamhet
Q002397	Perukmakare
Q002398	Civilingenjör, anläggning
Q002399	IT-utredare
Q002400	Fibertekniker/Optotekniker
Q002401	Robotoperatör
Q002402	Ateljerista
Q002403	Stationsmontör
Q002404	Dealer
Q002405	ST-tandläkare
Q002406	Isoleringsplåtslagare
Q002407	Montör, metallprodukter
Q002408	Segelmakare
Q002409	Produktionsingenjör, bygg
Q002410	Skadeingenjör, försäkring
Q002411	Garantihandläggare
Q002412	Skogsvärderare
Q002413	Servitör/Servitris
Q002414	Studierektor
Q002415	Utredningschef
Q002416	Privatekonom
Q002417	Barnskötare
Q002418	Kyrkoherde
Q002419	Rikspolischef
Q002420	Mjukvaruutvecklare
Q002421	Områdeschef, skogsbruk
Q002422	Lärling, VVS-isolerare
Q002423	Skogsarbetare, motormanuell avverkning
Q002424	Förskollärare
Q002425	Färdtjänstförare
Q002426	Turistassistent
Q002427	Spärrexpeditör/Spärrvakt
Q002428	Läskedrycksberedare
Q002429	Skräddare
Q002430	Bangårdsoperatör
Q002431	Civilingenjör, hamn
Q002432	Marknadschef
Q002433	Parkeringsvakt/Trafikövervakare
Q002434	Modersmålslärare i grundskolan
Q002435	Konstruktör, el-tele
Q002436	Maskinställare, textil
Q002437	Brovakt
Q002438	Affärsjurist
Q002439	Automationsingenjör, maskin
Q002440	Finansekonom
Q002441	Receptarie, farmaceut
Q002442	Arkivföreståndare
Q002443	Utbildningsintendent
Q002444	Spannmålsarbetare
Q002445	Polisassistent
Q002446	Barnsköterska
Q002447	Chief Digital Officer/CDO
Q002448	Upphandlare
Q002449	Banarbetare, utan behörighetsbevis
Q002450	Kaféföreståndare
Q002451	Databasutvecklare
Q002452	Containerkranförare/Portalkranförare
Q002453	Projektledare, reklam
Q002454	HR-specialist/HR-advisor
Q002455	Betonghåltagare
Q002456	Vagnmakare
Q002457	Museichef/Museidirektör
Q002458	Speditionsförman
Q002459	Aktuarie/Försäkringsaktuarie/Försäkringsmatematiker
Q002460	Offertchef
Q002461	Direktionssekreterare
Q002462	Arbetsledare, måleri
Q002463	Lavintekniker
Q002464	Telefonintervjuare
Q002465	Undertaksmontör, utan yrkesbevis
Q002466	Barnmorska, öppen vård/Barnmorska, mödravård
Q002467	Skogsbruksrådgivare
Q002468	Takrengörare/Fasadrengörare
Q002469	Mättekniker, kemi
Q002470	Aktivitetsguide
Q002471	Mikroskopist
Q002472	Kyrkogårdsförman
Q002473	Grovplåtslagare
Q002474	Frivårdshandläggare
Q002475	Glashärdare
Q002476	Grovplåtnitare
Q002477	Länsjaktvårdskonsulent
Q002478	Kapellmästare
Q002479	Chefredaktör
Q002480	Lättbetongarbetare
Q002481	Laboratoriebiträde
Q002482	Materialprovare, fysik
Q002483	Återvinningsarbetare på ÅVC
Q002484	Griftegårdsarbetare/Kyrkogårdsarbetare
Q002485	Produktionsteknisk samordnare
Q002486	Banområdeschef
Q002487	Informationssekreterare
Q002488	Snöläggare
Q002489	Limousineförare
Q002490	Bryggeriarbetare
Q002491	Jonglör
Q002492	Drifttekniker reningsverk VA
Q002493	Forskare, ekonomi
Q002494	Installationstekniker
Q002495	Skolsköterska
Q002496	Centrumledare
Q002497	Lärling, stenmontör
Q002498	Stomiterapeut
Q002499	Beställningsfaktor
Q002500	Jordbruksrådgivare/Jordbrukskonsulent
Q002501	Gaspåfyllare
Q002502	Mediepedagog
Q002503	Sociolog
Q002504	2D artist/2D-grafiker
Q002505	Auktionist
Q002506	Begravningsbyråföreståndare
Q002507	Golfbanearbetare
Q002508	Kommunikationselektriker
Q002509	Verktygsmakare
Q002510	Driftelektriker
Q002511	Discjockey
Q002512	Kontorschef, utbildningsföretag
Q002513	SIUS-konsulent
Q002514	Hörselvårdsingenjör/Hörselingenjör
Q002515	Skotarförare, skogsbruk
Q002516	Barnsjuksköterska, mottagning/Barnsjuksköterska, vårdcentral
Q002517	Regissör
Q002518	Arbetsmiljöingenjör
Q002519	Individualterapeut
Q002520	Makroanalytiker
Q002521	Maskinoperatör, sockerindustri
Q002522	Biltestkoordinator
Q002523	Avdelningschef, landsting
Q002524	Maskingravör, metall
Q002525	Pendeltågsförare/Motorvagnsförare
Q002526	Uthyrningschef
Q002527	Advokat
Q002528	Fastighetsekonom
Q002529	Distributionschef, energi
Q002530	Baxare
Q002531	Ben- och fotanfångare
Q002532	Brandskadesanerare
Q002533	Grönsaksodlare
Q002534	Speditör
Q002535	IT-tekniker/Datatekniker
Q002536	PTP-psykolog
Q002537	Guide
Q002538	Strängsprutare
Q002539	Inkodare
Q002540	Mannekäng
Q002541	Watch Supervisor, flygledning
Q002542	Produktutvecklare, konfektion
Q002543	Kärnfysiker
Q002544	Fruktodlingsrådgivare/Fruktodlingskonsulent
Q002545	Tallyman
Q002546	Curator
Q002547	PR-man
Q002548	Länsjaktvårdare
Q002549	Kvalitetsingenjör, kemiteknik/Kvalitetstekniker, kemiteknik
Q002550	Orgelstämmare
Q002551	Orderfördelare
Q002552	Frisör
Q002553	Fritidschef
Q002554	Inköpsplanerare
Q002555	Maskinförare, träfiberskivor
Q002556	Förhandlingssekreterare
Q002557	Handläggare, flygledning
Q002558	Befälhavare, fartyg
Q002559	Tidningsbud/Tidningsdistributör
Q002560	Reseledare
Q002561	Sprayare
Q002562	Processoperatör, asfalt
Q002563	Avisningsmaskinförare
Q002564	Bärodlare
Q002565	Inspektör, IVO (Inspektionen för vård och omsorg)
Q002566	Landstingsdirektör
Q002567	Domare
Q002568	Socioterapeut
Q002569	Sjukhusdirektör
Q002570	Offertingenjör
Q002571	Sjukhusvaktmästare
Q002572	Formgjutare, keramik
Q002573	Kontrollingenjör, maskin
Q002574	Kronoassistent
Q002575	Peruk- och tupéfrisör
Q002576	Maskinelektriker
Q002577	Parkettläggare
Q002578	Dekorslipare, glas
Q002579	Turnéledare
Q002580	Vicerektor
Q002581	Materialkemist
Q002582	GIS-ingenjör
Q002583	Kartograf
Q002584	Ateljéchef
Q002585	Samhällsplanerare
Q002586	Lackerare, porslin
Q002587	Mejeriarbetare
Q002588	Sjuksköterska, geriatrik/Sjuksköterska, äldreomsorg och äldrevård
Q002589	Varietéartist
Q002590	Elektrikerassistent, film/Elektrikerassistent, TV
Q002591	Kantpressare
Q002592	Länsskattechef
Q002593	Director of photography/DoP/Filmfotograf
Q002594	Stiftsadjunkt
Q002595	Lantbruksförman, blandad drift
Q002596	Animationsoperatör
Q002597	Ortoptist
Q002598	Provningsingenjör, elkraft
Q002599	Researcher, rekrytering
Q002600	Dopplackerare
Q002601	Dagbarnvårdare
Q002602	Kontrolltekniker, kemiteknik
Q002603	Prototyptillverkare, metall
Q002604	Internationell säljare/Exportsäljare
Q002605	Forskare, etnologi
Q002606	Receptionist, telefonist
Q002607	Gameplay programmer
Q002608	Pressoperatör, tryckmedier
Q002609	Borrtekniker
Q002610	Projekteringsingenjör, gruv och metallurgi
Q002611	Ventilationsingenjör
Q002612	Riskingenjör, risk management
Q002613	Försäljningschef
Q002614	Forskare, immunologi
Q002615	Rampagent
Q002616	Jaktkonsulent/Viltkonsulent
Q002617	Lackerare
Q002618	Lärling, bandlastarförare
Q002619	Rättssociolog
Q002620	Mätartekniker VA
Q002621	Emaljerare, lackering
Q002622	Linjemontör, elkraft
Q002623	Kustbevakningstjänsteman
Q002624	Cirkelledare/Studiecirkelledare
Q002625	Penselmakare
Q002626	Forskningsassistent, medicin
Q002627	Bingofunktionär/Bingovärd/Bingovärdinna
Q002628	Antagningschef, utbildning
Q002629	Jungman
Q002630	Metallsågare
Q002631	Civilingenjör, forskning och utveckling, kemi
Q002632	Drejare
Q002633	Driftledare, skogsbruk
Q002634	Konferenstolk
Q002635	Civilingenjör, VVS
Q002636	Kammarrättsråd
Q002637	Ciselör
Q002638	Tolk
Q002639	Dirigent
Q002640	Museitekniker
Q002641	Stallchef/Stallförman
Q002642	Skolpsykolog
Q002643	Stenmontör
Q002644	Perfusionist
Q002645	Maskinkärnmakare
Q002646	Däcksbyggare
Q002647	Offsettryckare
Q002648	Vindkraftsprojektör
Q002649	Smältare, glas
Q002650	Webmaster
Q002651	Databasanalytiker
Q002652	Stränggjutare, stålverk
Q002653	Flygspeditör
Q002654	Servicetekniker, elektronik
Q002655	Maskinsäljare, entreprenad
Q002656	Ungdomsinstruktör/Ungdomstränare
Q002657	Destinationsutvecklare
Q002658	Auktionsutropare
Q002659	Ljusbordsoperatör
Q002660	Barntimmeledare
Q002661	Soliditetsupplysare
Q002662	Annonskonsulent
Q002663	Besöksbokare/Kundbokare
Q002664	Uppläggare
Q002665	Präst, romersk-katolsk kyrka
Q002666	Tappmaskinskötare
Q002667	Företagsguide
Q002668	Bandvävare
Q002669	Kontrolloperatör, metallprodukter
Q002670	Kontorschef, bank
Q002671	Gjutare, keramik
Q002672	Helikoptertekniker
Q002673	Samplingspersonal
Q002674	Mimare
Q002675	Hydraulreparatör
Q002676	Kontraktsadjunkt
Q002677	Tillskärare, möbeltillverkning
Q002678	Räddningsledare, statlig räddningstjänst
Q002679	Grundlärare, fritidshem
Q002680	Djurskyddsinspektör
Q002681	Butikskock
Q002682	Redaktionsassistent
Q002683	Nationalparkschef
Q002684	Glasslipare
Q002685	Borrförman, berg
Q002686	Systemansvarig
Q002687	IT-forensiker
Q002688	Logistikchef
Q002689	Informatiker
Q002690	Lunchkock
Q002691	Trafikinspektör
Q002692	Yrkeshygieniker
Q002693	Fastighetschef/Fastighetsdirektör
Q002694	Asbestsanerare
Q002695	Byggnadskalkylator/Anbudsingenjör
Q002696	Frivårdsinspektör
Q002697	Kakelformare
Q002698	Cytodiagnostiker
Q002699	Turistsekreterare
Q002700	Kioskbiträde
Q002701	Utbildningskonsulent, skola
Q002702	Fiskerikontrollant
Q002703	Teleskoptruckförare
Q002704	Glasmålare
Q002705	Klinisk farmakolog
Q002706	Krigsarkivarie
Q002707	Skattehandläggare
Q002708	Expeditionschef, departement
Q002709	Miljöarbetare/Renhållningsarbetare
Q002710	Mopedmekaniker
Q002711	Kundtjänstchef
Q002712	Trapetskonstnär
Q002713	Hemsjukvårdare
Q002714	Tapetvalsgravör
Q002715	Lärling, betonghåltagare
Q002716	Industrilackerare
Q002717	Hemtextilsömmerska
Q002718	Evangelist/Resepastor
Q002719	Pantlånare
Q002720	Viltmästare
Q002721	Ekonomikonsult
Q002722	Barnsjuksköterska, vårdavdelning
Q002723	Platschef, bilprovning
Q002724	PR-chef
Q002725	Maskinmästare
Q002726	Floormanager
Q002727	Psykolog
Q002728	Systemoperatör, tryckeri
Q002729	Utredningsassistent
Q002730	Bygg- och anläggningsförare
Q002731	Klockare
Q002732	Agil coach/Agile coach
Q002733	Stentekniker/Stenhuggare
Q002734	Lärling, sprinklermontör
Q002735	Plåtbearbetare
Q002736	Kategorichef/Kategoriansvarig
Q002737	Konsthantverkare
Q002738	Forensiker, biologi
Q002739	Slipskiveformare
Q002740	Planeringsingenjör, kemiteknik
Q002741	Sminkör
Q002742	Gitarrbyggare
Q002743	Skumplastarbetare
Q002744	Betongblandare
Q002745	Färgkonsulent
Q002746	Konstnär
Q002747	Bioinformatiker
Q002748	Specialistarbetsterapeut
Q002749	Kammarrättspresident
Q002750	Båtinredare
Q002751	Layoutchef
Q002752	Experimentingenjör, el-tele
Q002753	Stuntman
Q002754	Besiktningsingenjör
Q002755	Eldare
Q002756	Laboratorieassistent
Q002757	Turistchef
Q002758	Registrator
Q002759	Generalsekreterare
Q002760	2:e Styrman
Q002761	Departementschef
Q002762	Hälsoinformatör
Q002763	Fastighetsstädare
Q002764	Miljöcontroller
Q002765	Dörrvakt
Q002766	Ortodontiassistent
Q002767	Hotellvaktmästare/Piccolo
Q002768	Inredningsarkitekt
Q002769	Lantbruksinspektor
Q002770	Åklagare
Q002771	Mimpedagog
Q002772	Arbetsledare, terminal
Q002773	Kontrollingenjör, textil, trä, glas, förpackningar
Q002774	Barnterapeut
Q002775	Onkologisjuksköterska
Q002776	Äldreomsorgschef
Q002777	HR-chef
Q002778	Trikåstickare
Q002779	Maskinkonstruktör
Q002780	Trailerreparatör
Q002781	Beläggningsarbetare
Q002782	Screentryckare
Q002783	Databasadministratör
Q002784	Snickerimaskinskötare
Q002785	Skinnfärgare
Q002786	Depåman/Depåtekniker
Q002787	Sändningstekniker
Q002788	Depåförare, spårburen trafik
Q002789	Glassmältare
Q002790	Garvarmästare
Q002791	Larminstallatör/Larmtekniker
Q002792	Tarmförädlingsarbetare
Q002793	Automatskötare
Q002794	Stenograf
Q002795	Maskinoperatör, tobaksindustri
Q002796	Restaurangbiträde
Q002797	Mattvättare
Q002798	Modellör, keramik
Q002799	Naturgeograf
Q002800	Beläggningsmaskinförare
Q002801	Företagskonsult
Q002802	Nätverkskonstruktör
Q002803	Fiolbyggare
Q002804	Elektronikreparatör
Q002805	Undervisningsråd
Q002806	Arbetsterapibiträde
Q002807	Forskningschef, museum
Q002808	Ammoniakkokare
Q002809	Förbundstränare
Q002810	Game designer/Speldesigner
Q002811	Resebyråassistent
Q002812	Länsbostadsdirektör
Q002813	Lastbilssäljare
Q002814	Glaspolerare
Q002815	Foajépersonal
Q002816	Försäkringsjurist
Q002817	Featurechef
Q002818	Fotografassistent
Q002819	Tornkranförare
Q002820	Omprövningshandläggare, arbetslöshetskassa
Q002821	Helikoptermekaniker
Q002822	Annonschef
Q002823	Reklamdistributör/Reklamutdelare
Q002824	Projektledare, IT
Q002825	Kartritare
Q002826	Fysiker
Q002827	Kronoinspektör
Q002828	Hattmakare
Q002829	Tvistemålsadvokat
Q002830	Sekreterare
Q002831	Skidinstruktör/Skidlärare
Q002832	Förlagschef, bokförlag
Q002833	Dekormålare
Q002834	Eventtekniker
Q002835	Expeditionsvakt
Q002836	Grundlärare, förskoleklass och 1-3
Q002837	Plantskolearbetare, skog
Q002838	Näringsterapeut
Q002839	Punktsvetsare
Q002840	Botaniker
Q002841	Trycksvarvare
Q002842	Kilare, stenbrott
Q002843	Hovrättsassessor
Q002844	Fritidsassistent
Q002845	Marknadsundersökare
Q002846	Projektledare, gruva
Q002847	Teknisk redaktör
Q002848	Karusellsvarvare
Q002849	Psykologiskt ledningsansvarig psykolog/PLA
Q002850	Konsertarrangör
Q002851	Träsnidare
Q002852	Obduktionsbiträde
Q002853	Lokreparatör
Q002854	Ställningsbyggare, utan yrkesbevis
Q002855	Leveranschef
Q002856	Fordonsingenjör, Trafikverket
Q002857	Driftchef, fastighet
Q002858	Uppräkningspersonal, bevakningsföretag
Q002859	Köttmästare
Q002860	Läromedelsintendent
Q002861	Kärnborrare
Q002862	Audiometris
Q002863	Data scientist
Q002864	Brandingenjör
Q002865	Tarifferare
Q002866	Rulloffsettryckare
Q002867	Slipverktygstillverkare
Q002868	Produktionsplanerare, tillverkningsindustri
Q002869	Valutamäklare
Q002870	Djurhälsoveterinär
Q002871	Hudterapeut
Q002872	Laboratorieingenjör, fysik
Q002873	Kassaledare, butik
Q002874	Notskrivare
Q002875	Mediachef
Q002876	Energideklarerare/Energiexpert
Q002877	Linjeagent/Rederiagent
Q002878	Skylttillverkare
Q002879	Ugnsoperatör
Q002880	Kylmaskinist, kyl- och frysanläggning
Q002881	Specialtransportförare
Q002882	Lagman
