Q000001	Slager
Q000002	Trappenmaker
Q000003	Technisch redacteur
Q000004	Kledingretoucheur
Q000005	Technicus ontwerper industriële automatisering
Q000006	Masseur
Q000007	Piercer-tatoeëerder
Q000008	Schoonheidsspecialist
Q000009	Veiligheidscoördinator
Q000010	Florist-bloemist
Q000011	Stukadoor
Q000012	Torenkraanbediener
Q000013	Boswachter
Q000014	Bestuurder van betonnerings- en asfalteringsmachines
Q000015	Bediener baggermachines
Q000016	Elektrotechnisch installateur
Q000017	Technicus industriële elektriciteit
Q000018	Installateur van datacommunicatienetwerken
Q000019	Medisch afgevaardigde
Q000020	Sales engineer
Q000021	Kapper
Q000022	Brandertechnicus
Q000023	Vroedkundige
Q000024	Ontwikkelaar verzekeringsproducten
Q000025	Plaatser van boven- en ondergrondse kabels en leidingen
Q000026	Animator recreatiecentrum
Q000027	Medisch laboratorium technoloog
Q000028	Landbouwkundig adviseur
Q000029	Technicus productieproces en methodes
Q000030	Hulpverlener-ambulancier
Q000031	Verantwoordelijke kwaliteitscontrole
Q000032	Inspecteur land- en tuinbouw
Q000033	Technoloog medische beeldvorming
Q000034	Landbouwkundig onderzoeker
Q000035	Dierenarts
Q000036	Front-office medewerker in de financiële sector
Q000037	Adviseur kredieten
Q000038	Accountmanager in de financiële sector
Q000039	Hoofdverpleegkundige
Q000040	Kapper-salonbeheerder
Q000041	Ontwikkelaar financiële producten
Q000042	Adviseur financieel vermogen
Q000043	Leidinggevende industriële productie
Q000044	Systeembeheerder
Q000045	Commercieel medewerker in de financiële sector
Q000046	Back-office medewerker in de financiële sector
Q000047	Architect bouw
Q000048	Financieel analist
Q000049	Netwerkbeheerder
Q000050	Verpleegkundige
Q000051	Ambachtelijk metaalbewerker
Q000052	Procesoperator chemische en farmaceutische industrie
Q000053	Operator productielijn kleding, confectie en meubelstoffering
Q000054	Uurwerkmaker
Q000055	Taxidermist
Q000056	Operator spinnerij
Q000057	Medewerker in de fruitteelt
Q000058	Plaatser binnenschrijnwerk
Q000059	Glaswerker
Q000060	Slotenmaker
Q000061	Vloerder-tegelzetter
Q000062	Plaatser van houten vloerbedekking
Q000063	Tuinbouwmedewerker
Q000064	Verpakker
Q000065	Schrijver
Q000066	Dakdekker schuine daken
Q000067	Dakdekker platte daken
Q000068	Dakdekker industriële daken
Q000069	Communicatiedeskundige
Q000070	Bordenbouwer
Q000071	Relatie- en gezinsbemiddelaar
Q000072	Verantwoordelijke budgetbeheer
Q000073	Gevelreiniger
Q000074	Demonstrateur
Q000075	Psycholoog
Q000076	Natuursteenbewerker
Q000077	Visual merchandiser
Q000078	Winkelmedewerker
Q000079	Industrieel isolatiewerker
Q000080	Verzorgende
Q000081	Operator non-woven
Q000082	Arts
Q000083	Journalist-redacteur
Q000084	Operator leerlooierij witlooierij
Q000085	Huishoudhulp-poetshulp
Q000086	Operator digitaal bedrukken van textiel
Q000087	Medewerker openbare financiën
Q000088	Vertaler
Q000089	Fiscaal controleur
Q000090	Tolk
Q000091	Medewerker openbare schatkist
Q000092	Fotograaf
Q000093	Landschapsarchitect
Q000094	Tandarts
Q000095	Operator filmlabo
Q000096	Yield-revenue manager
Q000097	Operator fotolabo
Q000098	Leidinggevende defensie
Q000099	Bouwkundig tekenaar
Q000100	Klinisch bioloog
Q000101	Apotheker
Q000102	Leidinggevende openbare veiligheid
Q000103	Mondhygiënist
Q000104	Administratief en financieel verantwoordelijke
Q000105	Grafisch ontwerper
Q000106	Medewerker textielverzorging
Q000107	Financieel manager
Q000108	Ruitenwasser
Q000109	Maatschappelijk werker
Q000110	Verantwoordelijke kinderopvang
Q000111	Medisch-technisch assistent
Q000112	Farmaceutisch-technisch assistent
Q000113	Bekister-betonneerder
Q000114	Wegenwerker
Q000115	Metselaar
Q000116	Dekvloerlegger
Q000117	Verantwoordelijke verkoopadministratie
Q000118	Trend- en marktanalist
Q000119	Directeur van een grote organisatie
Q000120	Productiemedewerker prefab beton
Q000121	Onderwaterwerker
Q000122	Asbestverwijderaar
Q000123	Onderhoudstechnicus pleziervaart
Q000124	Business analist
Q000125	Vliegtuigtechnicus
Q000126	Technicus studiebureau bouw
Q000127	Technicus van tuin-, park- en bosmachines
Q000128	Fietshersteller
Q000129	Regisseur podiumkunsten
Q000130	Monteur-demonteur carrosserie
Q000131	Verantwoordelijke klantendienst
Q000132	Spuiter carrosserie
Q000133	Agent van artiesten, modellen en atleten
Q000134	Verantwoordelijke verkooppromotie
Q000135	Boomkweker
Q000136	Grimeur-kapper
Q000137	Hoedenmaker
Q000138	Costumier
Q000139	Heftruckchauffeur
Q000140	Landmeter
Q000141	Magazijnmedewerker
Q000142	Kamerjongen-Kamermeisje
Q000143	Verhuizer
Q000144	Kraanbestuurder
Q000145	Calculator bouw
Q000146	Polyvalent podiumtechnicus
Q000147	Logistiek verantwoordelijke
Q000148	Productieverantwoordelijke podium/audiovisueel
Q000149	Tekenaar-ontwerper animatiefilms en speciale effecten
Q000150	Diëtist
Q000151	Sociaal-cultureel begeleider
Q000152	Cultuurmanager
Q000153	Leidinggevende milieuzorg en sanering
Q000154	Ergotherapeut
Q000155	Opticien
Q000156	Logopedist
Q000157	Magazijnbeheerder
Q000158	Medewerker hygiëne en ongediertebestrijding
Q000159	Schipper visserij
Q000160	Verantwoordelijke industrieel onderhoud
Q000161	Verantwoordelijke beheer en onderhoud van voertuigen
Q000162	Leidinggevend bemanningslid luchtvaart
Q000163	Onderhoudsmedewerker affichering en straatmeubilair
Q000164	Leidinggevende privébewaking
Q000165	Behandelaar luchtvracht
Q000166	Orthoptist-optometrist
Q000167	Bewakingsagent
Q000168	Verantwoordelijke uitbating luchthaven
Q000169	Podoloog
Q000170	Uitvaartondernemer
Q000171	Dentaaltechnicus
Q000172	Lijkenbalsemer
Q000173	DJ
Q000174	Presentator
Q000175	Danser
Q000176	Choreograaf
Q000177	Onderhoudsmedewerker wegennet
Q000178	Zanger
Q000179	Matroos binnenscheepvaart
Q000180	Muzikant
Q000181	Componist
Q000182	Onderhoudsmedewerker gebouwen
Q000183	Vastgoedbemiddelaar overdracht
Q000184	Acteur
Q000185	Figurant
Q000186	Model
Q000187	Installateur liften
Q000188	Professioneel sportbeoefenaar
Q000189	Filiaalhouder verzekeringen
Q000190	Medewerker uitvaartdiensten
Q000191	Arbeider begraafplaatsen
Q000192	Technicus industriële automatisering
Q000193	Industrieel onderhoudstechnicus
Q000194	Leerkracht kleuteronderwijs
Q000195	Leerkracht secundair onderwijs
Q000196	Verantwoordelijke binnenscheepvaartbedrijf
Q000197	Verantwoordelijke ontginningen
Q000198	Arbeidsbemiddelaar-jobcoach
Q000199	Operator productie bouwmaterialen
Q000200	Leerkracht buitengewoon secundair onderwijs
Q000201	Technicus PC- en kantoormateriaal
Q000202	Operator glasproductie
Q000203	Actuaris
Q000204	Technicus elektrische en elektronische toestellen - witgoed
Q000205	Technicus doe-het-zelfmateriaal
Q000206	Kok
Q000207	Keukenmedewerker
Q000208	Hulpkok
Q000209	Medewerker fastfood
Q000210	Werfbediende
Q000211	Afwasser
Q000212	Bankwerker
Q000213	Matrijzenmaker
Q000214	Leidinggevende onderwijsinstelling
Q000215	Vrachtwagenbestuurder
Q000216	Productieoperator voedingsindustrie
Q000217	Uitsnijder-uitbener
Q000218	Medewerker assemblage houtindustrie
Q000219	Hotelreceptionist
Q000220	Meestergast in de meubel- en houtindustrie
Q000221	Opleidingsadviseur
Q000222	Industrieel plaatbewerker
Q000223	Opleidingscoördinator
Q000224	Insteller-bediener CNC werktuigmachines
Q000225	Loopbaanbegeleider
Q000226	Varkensfokker
Q000227	Maître d'hôtel
Q000228	Werkplaatsschrijnwerker
Q000229	Autobuschauffeur
Q000230	Trambestuurder
Q000231	Chauffeur pleziervoertuigen
Q000232	Koerier besteller
Q000233	Maker van vlechtwerk
Q000234	Meubelmaker
Q000235	Boekbinder-restaurateur
Q000236	Rijinstructeur
Q000237	Verantwoordelijke organisatie voor goederenvervoer over de weg
Q000238	Vaarinstructeur
Q000239	Bibliotheekmedewerker
Q000240	Archiefmedewerker
Q000241	Schade-expert verzekeringen
Q000242	Boekhoudkundig assistent
Q000243	Juridisch medewerker
Q000244	Metrobestuurder
Q000245	Ambachtelijk houtbewerker
Q000246	Projectmanager engineering
Q000247	Werkvoorbereider hout
Q000248	Sociale en familiale interveniënt
Q000249	Adviseur volksgezondheid
Q000250	Technicus kleurstoffen
Q000251	Beleidsuitvoerend medewerker overheidsdienst
Q000252	Diplomatiek vertegenwoordiger
Q000253	Operator van een mechanische lift
Q000254	Voogd voor begunstigden van een juridische beschermmaatregel
Q000255	Rangeerder
Q000256	Monteur van staalbouwelementen
Q000257	Tekenaar-ontwerper elektriciteit, elektronica
Q000258	Digitaal drukker
Q000259	Pijpfitter
Q000260	Afdelingsverantwoordelijke verzekeringen
Q000261	Netwerk engineer telecom
Q000262	Enquêteur
Q000263	Corrector
Q000264	Adviseur bedrijfsorganisatie en management
Q000265	Verantwoordelijke enquêtes
Q000266	Operator prepress
Q000267	Vastgoedpromotor
Q000268	Orderbegeleider in de grafische sector
Q000269	Analist communicatie- en informatiesystemen defensie-veiligheid
Q000270	Tuinbouwer
Q000271	Support medewerker ICT
Q000272	Productmanager
Q000273	Personeelsmedewerker
Q000274	Bibliotheekdeskundige
Q000275	Visserijmatroos
Q000276	Archiefdeskundige
Q000277	Tuinaanlegger-groenbeheerder
Q000278	Accountmanager publiciteit
Q000279	Coördinator vrijwilligerswerk
Q000280	Leerkracht lager onderwijs
Q000281	Accountant - Belastingsconsulent
Q000282	Aankoper
Q000283	Dossierbeheerder Boekhouden
Q000284	Elektrotechnicus
Q000285	Installateur gebouwenautomatisering
Q000286	Print en sign medewerker
Q000287	Technicus installatietechnieken
Q000288	Landbouwer
Q000289	Productiemedewerker textielproductielijn
Q000290	Tufter
Q000291	Rioollegger
Q000292	Productieoperator hout
Q000293	E-commerce manager
Q000294	Kinderbegeleider schoolgaande kinderen
Q000295	Social media manager
Q000296	Landbouwmedewerker
Q000297	Software analist
Q000298	Data scientist
Q000299	Digital marketeer
Q000300	Customer experience manager
Q000301	Treinbegeleider
Q000302	Treinbestuurder
Q000303	Operator textielverzorging
Q000304	Antiquair
Q000305	Privédetective
Q000306	Bediener of medewerker diepfunderingsmachines
Q000307	Fitnessbegeleider
Q000308	Redder
Q000309	Kelner
Q000310	Leerkracht buitengewoon kleuteronderwijs
Q000311	Sporttrainer
Q000312	Leerkracht buitengewoon lager onderwijs
Q000313	Software ontwikkelaar
Q000314	Software tester
Q000315	Galeriehouder
Q000316	Medewerker kuuroord
Q000317	Administratief medewerker onthaal
Q000318	Polyvalent administratief medewerker
Q000319	Verdeler post en drukwerk
Q000320	Technisch-administratief medewerker
Q000321	Beheerder back- en middle office financiële markten
Q000322	Portefeuillebeheerder
Q000323	Schoen- en lederhersteller
Q000324	Schrijnwerker houtbouw
Q000325	Medewerker medisch secretariaat
Q000326	Industrieel vormgever
Q000327	Steigerbouwer
Q000328	Rigger-monteerder
