Q000001	Accessoiriste
Q000002	Accrocheur / Accrocheuse
Q000003	Accueillant familial / Accueillante familiale auprès d'adultes
Q000004	Accueillant familial / Accueillante familiale auprès d'enfants
Q000005	Accueillant familial / Accueillante familiale thérapeutique auprès d'adultes
Q000006	Accueillant familial / Accueillante familiale thérapeutique auprès d'enfants
Q000007	Acheteur / Acheteuse
Q000008	Acheteur / Acheteuse d'espaces publicitaires
Q000009	Acousticien / Acousticienne BTP
Q000010	Acteur / Actrice
Q000011	Acteur / Actrice de complément
Q000012	Actuaire
Q000013	Administrateur / Administratrice de bases de données
Q000014	Administrateur / Administratrice de site internet
Q000015	Administrateur / Administratrice de site Web
Q000016	Administrateur / Administratrice réseau informatique
Q000017	Administrateur / Administratrice sécurité informatique
Q000018	Administrateur / Administratrice système informatique
Q000019	Afficheur / Afficheuse semelle
Q000020	Agenceur / Agenceuse d'intérieur de magasin
Q000021	Agent administratif / Agente administrative
Q000022	Agent administratif / Agente administrative back-office marché
Q000023	Agent administratif / Agente administrative d'assurances
Q000024	Agent administratif / Agente administrative de banque
Q000025	Agent administratif / Agente administrative des opérations bancaires
Q000026	Agent chargé / Agente chargée de protection et de sauvegarde du patrimoine naturel
Q000027	Agent / Agente d'accueil touristique
Q000028	Agent / Agente d'administration principal / principale des impôts
Q000029	Agent / Agente d'administration principal / principale du Trésor
Q000030	Agent / Agente d'assainissement
Q000031	Agent / Agente d'assemblage mécanique
Q000032	Agent / Agente d'assiette des impôts
Q000033	Agent / Agente de back-office
Q000034	Agent / Agente de collecte de déchets
Q000035	Agent / Agente de conditionnement et de manutention
Q000036	Agent / Agente de conditionnement manuel
Q000037	Agent / Agente de constatation des douanes et droits indirects
Q000038	Agent / Agente de constatation des impôts
Q000039	Agent / Agente de constatation ou d'assiette des impôts
Q000040	Agent / Agente de contrôle des transports de voyageurs
Q000041	Agent / Agente de contrôle des transports en commun
Q000042	Agent / Agente de déchets urbains et industriels
Q000043	Agent / Agente de découpage de matériaux
Q000044	Agent / Agente de développement local
Q000045	Agent / Agente de fabrication en production/transformation du verre
Q000046	Agent / Agente de finition cuirs et peaux
Q000047	Agent / Agente de gestion comptable
Q000048	Agent / Agente de location immobilière
Q000049	Agent / Agente de magasinage
Q000050	Agent / Agente de maintenance de distributeurs automatiques
Q000051	Agent / Agente de maintenance des bâtiments
Q000052	Agent / Agente de maintenance -SAV- de distributeurs automatiques
Q000053	Agent / Agente de manoeuvre du réseau ferré
Q000054	Agent / Agente de manoeuvre et de conduite d'engins lourds de manutention
Q000055	Agent / Agente de middle-office
Q000056	Agent / Agente de montage en ameublement
Q000057	Agent / Agente de montage mécanique
Q000058	Agent / Agente de montage-assemblage mécanique
Q000059	Agent / Agente de nettoiement d'espace urbain
Q000060	Agent / Agente de piste aéroportuaire
Q000061	Agent / Agente de prévention et de sécurité
Q000062	Agent / Agente de prévention et de sécurité privée
Q000063	Agent / Agente de production de montage-assemblage mécanique
Q000064	Agent / Agente de production de traitement thermique
Q000065	Agent / Agente de production/fabrication en industrie alimentaire
Q000066	Agent / Agente de propreté hospitalière
Q000067	Agent / Agente de propreté urbaine
Q000068	Agent / Agente de propreté de nettoiement et de collecte
Q000069	Agent / Agente de protection rapprochée
Q000070	Agent / Agente de récupération et de recyclage
Q000071	Agent / Agente de réservation
Q000072	Agent / Agente de secteur de gardiennage
Q000073	Agent / Agente de sécurité
Q000074	Agent / Agente de stationnement de la voirie
Q000075	Agent / Agente de sûreté
Q000076	Agent / Agente de sûreté aéroportuaire
Q000077	Agent / Agente de traitement des déchets
Q000078	Agent / Agente de traitement thermique
Q000079	Agent / Agente de voyages
Q000080	Agent / Agente d'enquêtes
Q000081	Agent / Agente d'entretien de la voirie
Q000082	Agent / Agente d'entretien des quartiers
Q000083	Agent / Agente d'entretien d'espaces publics
Q000084	Agent / Agente d'entretien du domaine public
Q000085	Agent / Agente d'entretien et de nettoyage urbain
Q000086	Agent / Agente d'entretien/propreté de locaux
Q000087	Agent / Agente d'entretien/propreté d'immeubles
Q000088	Agent / Agente des services hospitaliers
Q000089	Agent / Agente d'exploitation en gardiennage
Q000090	Agent / Agente d'exploitation en production des métaux
Q000091	Agent / Agente d'usinage du bois
Q000092	Agent / Agente d'usinage sur machines à bois traditionnelles
Q000093	Agent / Agente immobilier
Q000094	Agent recenseur / Agente recenseuse
Q000095	Agent technique forestier / Agente technique forestière
Q000096	Agréé / Agréée en architecture
Q000097	Agriculteur / Agricultrice
Q000098	Aide à domicile
Q000099	Aide de cuisine
Q000100	Aide dentaire
Q000101	Aide médico-psychologique
Q000102	Aide ménager / ménagère à domicile
Q000103	Aide-mécanicien / Aide-mécanicienne en montage-assemblage mécanique
Q000104	Aide-monteur / Aide-monteuse en montage-assemblage mécanique
Q000105	Aide-soignant / Aide-soignante
Q000106	Aide-soignant / Aide-soignante à domicile
Q000107	Aide-soudeur / Aide-soudeuse en montage-assemblage mécanique
Q000108	Aiguilleur / Aiguilleuse du ciel
Q000109	Aiguilleur / Aiguilleure du rail
Q000110	Aléseur / Aléseuse
Q000111	Ambassadeur / Ambassadrice
Q000112	Ambassadeur / Ambassadrice du tri
Q000113	Ambulancier / Ambulancière
Q000114	Ambulancier / Ambulancière urgentiste
Q000115	Analyste budgétaire
Q000116	Analyste financier / financière
Q000117	Analyste logistique
Q000118	Analyste prêt bancaire
Q000119	Analyste réseau informatique
Q000120	Analyste sensoriel / sensorielle
Q000121	Animateur / Animatrice 3D
Q000122	Animateur / Animatrice d'atelier musical
Q000123	Animateur / Animatrice d'accueil de loisirs (centre de loisirs)
Q000124	Animateur / Animatrice des arts du cirque
Q000125	Animateur / Animatrice du patrimoine
Q000126	Animateur sportif / Animatrice sportive
Q000127	Anodiseur industriel / Anodiseuse industrielle
Q000128	Anthropologue
Q000129	Antiquaire
Q000130	Apiculteur / Apicultrice
Q000131	Applicateur stratifieur / Applicatrice stratifieuse
Q000132	Arbitre professionnel / professionnelle de discipline sportive
Q000133	Arboriculteur / Arboricultrice
Q000134	Archéologue
Q000135	Architecte
Q000136	Architecte d'intérieur
Q000137	Architecte paysagiste
Q000138	Architecte réseaux informatiques
Q000139	Archiviste
Q000140	Aromaticien / Aromaticienne
Q000141	Arrangeur musical / Arrangeuse musicale
Q000142	Art thérapeute
Q000143	Artificier / Artificière spectacles pyrotechniques
Q000144	Artiste conceptuel / conceptuelle
Q000145	Artiste de cirque
Q000146	Artiste de rue
Q000147	Artiste peintre
Q000148	Artiste peintre décorateur / décoratrice
Q000149	Artiste sonore
Q000150	Assembleur / Assembleuse d'ouvrages en bois et matériaux associés
Q000151	Assembleur / Assembleuse en produits électriques
Q000152	Assembleur / Assembleuse en produits électroniques
Q000153	Assembleur monteur / Assembleuse monteuse
Q000154	Assistant administratif / Assistante administrative
Q000155	Assistant coiffeur / Assistante coiffeuse
Q000156	Assistant costumier / Assistante costumière
Q000157	Assistant / Assistante de cabinet juridique
Q000158	Assistant / Assistante de coiffure
Q000159	Assistant / Assistante de direction
Q000160	Assistant / Assistante de justice
Q000161	Assistant / Assistante de vie
Q000162	Assistant / Assistante de vie auprès de personnes âgées
Q000163	Assistant / Assistante de vie auprès de personnes handicapées
Q000164	Assistant / Assistante dentaire
Q000165	Assistant / Assistante des ventes
Q000166	Assistant / Assistante d'ingénieur / d'ingénieure
Q000167	Assistant / Assistante en cabinet médical
Q000168	Assistant / Assistante en publicité
Q000169	Assistant familial / Assistante familiale
Q000170	Assistant / Assistante gestionnaire en immobilier
Q000171	Assistant / Assistante logistique
Q000172	Assistant / Assistante marketing
Q000173	Assistant maternel / Assistante maternelle
Q000174	Assistant metteur / Assistante metteuse en scène
Q000175	Assistant / Assistante parlementaire
Q000176	Assistant réalisateur / Assistante réalisatrice
Q000177	Assistant / Assistante ressources humaines
Q000178	Assistant / Assistante technique ingénierie
Q000179	Astronome
Q000180	Attaché commercial / Attachée commerciale bancaire entreprise
Q000181	Attaché / Attachée de direction
Q000182	Attaché technico-commercial / Attachée technico-commerciale
Q000183	Audioprothésiste
Q000184	Audiotypiste
Q000185	Auditeur comptable et financier / Auditrice comptable et financière
Q000186	Auteur écrivain / Auteure écrivaine
Q000187	Auteur / Auteure humoriste
Q000188	Auteur / Auteure littéraire
Q000189	Auxiliaire de soins aux animaux
Q000190	Auxiliaire de vie sociale auprès d'enfants
Q000191	Auxiliaire juridique
Q000192	Aviculteur / Avicultrice
Q000193	Avocat / Avocate
Q000194	Baby-sitter
Q000195	Bagagiste aéroportuaire
Q000196	Balayeur / Balayeuse
Q000197	Barman / Barmaid
Q000198	Berger / Bergère
Q000199	Bibliothécaire
Q000200	Bijoutier / Bijoutière
Q000201	Biophysicien / Biophysicienne
Q000202	Blanchisseur industriel / Blanchisseuse industrielle
Q000203	Bobineur assembleur / Bobineuse assembleuse en filature textile
Q000204	Bottier / Bottière
Q000205	Boucher / Bouchère
Q000206	Boulanger / Boulangère
Q000207	Brancardier / Brancardière
Q000208	Braseur / Braseuse
Q000209	Brodeur / Brodeuse
Q000210	Bûcheron élagueur / Bûcheronne élagueuse
Q000211	Buraliste
Q000212	Câbleur / Câbleuse de matériels électriques
Q000213	Caissier / Caissière de bureau de change
Q000214	Caissier / Caissière de casino de jeux
Q000215	Calandreur / Calandreuse en caoutchouc industriel
Q000216	Capitaine de pêche
Q000217	Capitaine marine marchande
Q000218	Cariste
Q000219	Carreleur / Carreleuse
Q000220	Carrier / Carrière
Q000221	Carrier fendeur / Carrière fendeuse de fond
Q000222	Carrossier / Carrossière
Q000223	Cartographe
Q000224	Cartographe géomaticien / géomaticienne
Q000225	Cascadeur / Cascadeuse
Q000226	Chanteur / Chanteuse
Q000227	Chargé / Chargée de clientèle bancaire
Q000228	Chargé / Chargée de clientèle de banque
Q000229	Chargé / Chargée de communication
Q000230	Chargé / Chargée de cours
Q000231	Chargé / Chargée de mission aux relations internationales
Q000232	Chargé / Chargée de mission développement territorial
Q000233	Chargé / Chargée de postproduction
Q000234	Chargé / Chargée de projet et de développement territorial
Q000235	Chargé / Chargée de relations clientèle bancaire
Q000236	Chargé / Chargée d'enseignement général du second degré
Q000237	Chargé / Chargée des relations publiques
Q000238	Chargé / Chargée d'études de marché
Q000239	Chargé / Chargée d'études économiques
Q000240	Chargé / Chargée d'études média
Q000241	Chargé / Chargée d'indemnisations en assurances
Q000242	Chargé / Chargée d'information de planning familial
Q000243	Chargé / Chargée d'information jeunesse
Q000244	Chargé / Chargée d'intervention sociale
Q000245	Chargeur déchargeur / Chargeuse déchargeuse manutentionnaire
Q000246	Charpentier / Charpentière
Q000247	Charpentier / Charpentière de marine
Q000248	Chasseur / Chasseuse
Q000249	Chasseur-bagagiste / Chasseuse-bagagiste
Q000250	Chaudronnier / Chaudronnière
Q000251	Chaudronnier soudeur / Chaudronnière soudeuse
Q000252	Chauffagiste
Q000253	Chauffeur accompagnateur / Chauffeuse accompagnatrice de personnes à mobilité réduite
Q000254	Chauffeur / Chauffeuse de machines agricoles
Q000255	Chauffeur / Chauffeuse de maître
Q000256	Chauffeur / Chauffeuse de poids lourd
Q000257	Chauffeur / Chauffeuse de taxi
Q000258	Chauffeur routier / Chauffeuse routière
Q000259	Chauffeur-livreur / Chauffeuse-livreuse
Q000260	Chef accessoiriste
Q000261	Chef avion
Q000262	Chef constructeur / constructrice en décors
Q000263	Chef cuisinier / cuisinière
Q000264	Chef d'agence bancaire
Q000265	Chef d'atelier de maintenance automobile
Q000266	Chef de bord de train
Q000267	Chef de carrière
Q000268	Chef de centre d'incendie et de secours
Q000269	Chef de centre réparation automobile
Q000270	Chef de chantier de forage
Q000271	Chef de chantier pétrole gaz
Q000272	Chef de chantier travaux publics
Q000273	Chef de chantier travaux publics et voirie
Q000274	Chef de cuisine
Q000275	Chef de culture viticole
Q000276	Chef de gisement
Q000277	Chef de marque
Q000278	Chef de partie pâtissier / pâtissière
Q000279	Chef de produit
Q000280	Chef de produit assurance épargne retraite
Q000281	Chef de produit en assurances
Q000282	Chef de produit tourisme
Q000283	Chef de produits bancaires
Q000284	Chef de quart en raffinerie
Q000285	Chef de service affrètement
Q000286	Chef de service déménagement
Q000287	Chef de service infrastructure/environnement
Q000288	Chef de service juridique
Q000289	Chef de service technique de collectivité
Q000290	Chef de station fruitière
Q000291	Chef décorateur / décoratrice spectacle
Q000292	Chef d'équipe de couvreurs
Q000293	Chef d'équipe de maintenance industrielle
Q000294	Chef d'équipe d'électriciens monteurs réseaux
Q000295	Chef d'équipe d'entretien des espaces verts
Q000296	Chef d'équipe d'exploitation agricole
Q000297	Chef d'équipe électricien
Q000298	Chef d'équipe maçon / maçonne
Q000299	Chef d'établissement
Q000300	Chef d'établissement adjoint / adjointe
Q000301	Chef d'établissement pénitentiaire
Q000302	Chef d'exploitation aquacole
Q000303	Chef d'orchestre
Q000304	Chef éclairagiste
Q000305	Chef mécanicien / mécanicienne marine
Q000306	Chef opérateur / opératrice de prise de vues
Q000307	Chercheur / Chercheuse en économie
Q000308	Chercheur / Chercheuse en linguistique
Q000309	Chercheur / Chercheuse en psychologie
Q000310	Chercheur / Chercheuse en sciences humaines et sociales
Q000311	Chercheur / Chercheuse en sciences sociales
Q000312	Chercheur / Chercheuse en thanatologie
Q000313	Chiropracteur / Chiropractrice
Q000314	Chiropraticien / Chiropraticienne
Q000315	Chocolatier / Chocolatière
Q000316	Chorégraphe
Q000317	Cimentier / Cimentière
Q000318	Cimentier enduiseur / Cimentière enduiseuse
Q000319	Cimentier ravaleur / Cimentière ravaleuse
Q000320	Cintrier / Cintrière
Q000321	Classeur / Classeuse de bois
Q000322	UI - user interface designer
Q000323	Entraîneur / Entraîneuse d'équipe sportive de football
Q000324	Entraîneur sportif / Entraîneuse sportive de football
Q000325	Climatologue
Q000326	Coach sportif
Q000327	Cocher / Cochère
Q000328	Coiffeur / Coiffeuse
Q000329	Coiffeur / Coiffeuse spectacle
Q000330	Colleur / Colleuse d'affiche
Q000331	Coloriste en peinture
Q000332	Coloriste en tannerie-mégisserie
Q000333	Coloriste en teinture textile
Q000334	Coloriste sur textiles
Q000335	Coloriste textile
Q000336	Commandant / Commandante de bord hélicoptère
Q000337	Commercial vendeur / Commerciale vendeuse d'espaces publicitaires
Q000338	Commissaire aux comptes
Q000339	Commissaire divisionnaire de police
Q000340	Commissaire-priseur / Commissaire-priseure
Q000341	Compositeur / Compositrice
Q000342	Comptable
Q000343	Concepteur / Conceptrice de costumes
Q000344	Concepteur / Conceptrice de jeux vidéo
Q000345	Concepteur / Conceptrice de produits industriels mécaniques
Q000346	Concepteur / Conceptrice en produits mécaniques
Q000347	Concepteur / Conceptrice logiciel informatique
Q000348	Concepteur / Conceptrice lumière
Q000349	Concierge d'hôtel
Q000350	Conducteur ambulancier / Conductrice ambulancière
Q000351	Conducteur / Conductrice d'appareils de fabrication en industrie pharmaceutique
Q000352	Conducteur / Conductrice d'autobus
Q000353	Conducteur / Conductrice de benne à ordures
Q000354	Conducteur / Conductrice de broyeur en industrie chimique
Q000355	Conducteur / Conductrice de bulldozer
Q000356	Conducteur / Conductrice de bus
Q000357	Conducteur / Conductrice de compacteurs
Q000358	Conducteur / Conductrice de décapeuses
Q000359	Conducteur / Conductrice de défonceuses en industrie du bois
Q000360	Conducteur / Conductrice de drague
Q000361	Conducteur / Conductrice de four en métallurgie
Q000362	Conducteur / Conductrice de grue
Q000363	Conducteur / Conductrice de grue à tour
Q000364	Conducteur / Conductrice de grue mobile
Q000365	Conducteur / Conductrice de lessiveur en industrie papetière
Q000366	Conducteur / Conductrice de ligne de traitement thermique
Q000367	Conducteur / Conductrice de ligne en production de verre
Q000368	Conducteur / Conductrice de machines à coucher en industrie papetière
Q000369	Conducteur / Conductrice de machines à onduler
Q000370	Conducteur / Conductrice de machines à papier ou carton
Q000371	Conducteur / Conductrice de machines à tricoter
Q000372	Conducteur / Conductrice de machines à tufter en industrie textile
Q000373	Conducteur / Conductrice de machines de coupe automatique en industrie des matériaux souples
Q000374	Conducteur / Conductrice de machines de fabrication de papier carton
Q000375	Conducteur / Conductrice de machines de fabrication de produits textiles
Q000376	Conducteur / Conductrice de machine de filature textile
Q000377	Conducteur / Conductrice de machines de formage du verre
Q000378	Conducteur / Conductrice de machines de teinture en industrie textile
Q000379	Conducteur / Conductrice de machines de traitement textile
Q000380	Conducteur / Conductrice de machines de transformation du papier carton
Q000381	Conducteur / Conductrice de machines à bois
Q000382	Conducteur / Conductrice de machines à imprimer offset
Q000383	Conducteur / Conductrice de machines automatiques en industrie du bois
Q000384	Conducteur / Conductrice de machines de tissage
Q000385	Conducteur / Conductrice de machine de transformation cuirs et peaux
Q000386	Conducteur / Conductrice de mélangeurs en caoutchouc
Q000387	Conducteur / Conductrice de niveleuse
Q000388	Conducteur / Conductrice de poids lourd
Q000389	Conducteur / Conductrice de portique
Q000390	Conducteur / Conductrice de sonnette
Q000391	Conducteur / Conductrice de tambour-écorceur
Q000392	Conducteur / Conductrice de taxi
Q000393	Conducteur / Conductrice de train
Q000394	Conducteur / Conductrice de traitement thermique
Q000395	Conducteur / Conductrice de tramway
Q000396	Conducteur / Conductrice de trolleybus
Q000397	Conducteur / Conductrice de tunnelier
Q000398	Conducteur / Conductrice de Véhicule Sanitaire
Q000399	Conducteur / Conductrice de Véhicule Sanitaire Léger -VSL-
Q000400	Conducteur / Conductrice d'encolleuses en industrie du bois
Q000401	Conducteur / Conductrice d'engins d'extinction d'incendie
Q000402	Conducteur / Conductrice d'engin spécial d'incendie
Q000403	Conducteur / Conductrice d'engins de chantier
Q000404	Conducteur / Conductrice d'engins d'exploitation agricole
Q000405	Conducteur / Conductrice d'engins d'exploitation forestière
Q000406	Conducteur / Conductrice d'engins forestiers
Q000407	Conducteur / Conductrice d'enrobage en industrie pharmaceutique
Q000408	Conducteur / Conductrice d'équipements de découpe
Q000409	Conducteur / Conductrice d'équipements de four en métallurgie
Q000410	Conducteur / Conductrice désencrage en industrie papetière
Q000411	Conducteur / Conductrice d'excavatrices
Q000412	Conducteur / Conductrice d'installation de pâte à papier
Q000413	Conducteur / Conductrice d'installation d'incinération
Q000414	Conducteur / Conductrice d'installation robotisée
Q000415	Conducteur / Conductrice enlèvement de déchets
Q000416	Conducteur livreur / Conductrice livreuse de béton prêt à l'emploi
Q000417	Conducteur opérateur / Conductrice opératrice de scierie
Q000418	Conducteur routier / Conductrice routière
Q000419	Conducteur / Conductrice sur machines de formage des matières plastiques et caoutchouc
Q000420	Conducteur-assembleur / Conductrice-assembleuse en caoutchouc industriel
Q000421	Conducteur-livreur / Conductrice-livreuse
Q000422	Confectionneur / Confectionneuse de pneumatiques
Q000423	Confiseur / Confiseuse
Q000424	Conseiller / Conseillère à l'emploi
Q000425	Conseiller conjugal / Conseillère conjugale
Q000426	Conseiller conjugal et familial / Conseillère conjugale et familiale
Q000427	Conseiller / Conseillère d'Insertion et de Probation -CIP-
Q000428	Conseiller / Conseillère d'orientation
Q000429	Conseiller / Conseillère en aromathérapie
Q000430	Conseiller / Conseillère en développement personnel
Q000431	Conseiller / Conseillère en économie sociale et familiale
Q000432	Conseiller / Conseillère en fusion/acquisition
Q000433	Conseiller / Conseillère en herboristerie
Q000434	Conseiller / Conseillère en insertion professionnelle
Q000435	Conseiller / Conseillère en investissements financiers
Q000436	Conseiller / Conseillère en organisation de mariages
Q000437	Conseiller / Conseillère sécurité
Q000438	Conseiller / Conseillère technique en action sociale
Q000439	Conseiller / Conseillère viticole
Q000440	Conseiller / Conseillère voyages
Q000441	Conseiller / Conseillère minceur
Q000442	Conservateur / Conservatrice du patrimoine
Q000443	Consul général / Consule générale
Q000444	Consultant / Consultante en recrutement
Q000445	Consultant / Consultante informatique
Q000446	Contremaître / Contremaîtresse en industrie du bois
Q000447	Contrôleur aérien / Contrôleuse aérienne
Q000448	Contrôleur / Contrôleuse assemblage aéronautique
Q000449	Contrôleur / Contrôleuse de la navigation aérienne
Q000450	Contrôleur / Contrôleuse de matériel en électricité
Q000451	Contrôleur / Contrôleuse de matériel en électronique
Q000452	Contrôleur / Contrôleuse des impôts
Q000453	Contrôleur / Contrôleuse des trains de voyageurs
Q000454	Contrôleur / Contrôleuse des transports en commun
Q000455	Contrôleur électricien / Contrôleuse électricienne
Q000456	Contrôleur électronicien / Contrôleuse électronicienne
Q000457	Contrôleur / Contrôleuse en électronique
Q000458	Contrôleur financier / Contrôleuse financière
Q000459	Contrôleur / Contrôleuse qualité en électricité
Q000460	Contrôleur / Contrôleuse qualité en électronique
Q000461	Contrôleur / Contrôleuse technique en électricité
Q000462	Contrôleur / Contrôleuse technique en électronique
Q000463	Convoyeur conducteur / Convoyeuse conductrice de fonds
Q000464	Convoyeur / Convoyeuse de fonds
Q000465	Coordinateur / Coordinatrice de soudage
Q000466	Coordinateur / Coordinatrice d'opérations navires
Q000467	Coordinateur / Coordinatrice pédagogique
Q000468	Coquilleur / Coquilleuse en fonderie
Q000469	Cordonnier / Cordonnière
Q000470	Correcteur / Correctrice
Q000471	Corroyeur / Corroyeuse en industrie du bois
Q000472	Costumier / Costumière
Q000473	Couleur / Couleuse en céramique
Q000474	Coupeur / Coupeuse de couleurs
Q000475	Coupeur / Coupeuse en chaussures
Q000476	Coupeur-tailleur / Coupeuse-tailleuse
Q000477	Coursier / Coursière
Q000478	Coursier / Coursière véhicules 2 roues
Q000479	Courtier / Courtière affrètement maritime
Q000480	Courtier / Courtière en assurances
Q000481	Couturier / Couturière
Q000482	Couturier tapissier / Couturière tapissière
Q000483	Couvreur / Couvreuse
Q000484	Créateur / Créatrice de costumes
Q000485	Créateur / Créatrice de mode
Q000486	Créateur / Créatrice lumière
Q000487	Croupier / Croupière
Q000488	Cuisinier / Cuisinière
Q000489	Danseur / Danseuse
Q000490	Débiteur / Débitrice de pierre
Q000491	Décolleteur / Décolleteuse
Q000492	Décorateur / Décoratrice d'intérieur
Q000493	Dee-jay
Q000494	Délégué régional / Déléguée régionale des ventes
Q000495	Déménageur / Déménageuse
Q000496	Déménageur conducteur / Déménageuse conductrice de poids lourd
Q000497	Démographe
Q000498	Démolisseur / Démolisseuse
Q000499	Démonstrateur / Démonstratrice
Q000500	Dentiste
Q000501	Désamianteur / Désamianteuse
Q000502	Designer
Q000503	Designer / Designeuse automobile
Q000504	Designer / Designeuse en bijouterie
Q000505	Designer industriel / Designeuse industrielle
Q000506	Designer / Designeuse mobilier
Q000507	Designer / Designeuse textile
Q000508	Désosseur-pareur / Désosseuse-pareuse
Q000509	Dessinateur / Dessinatrice d'art
Q000510	Dessinateur / Dessinatrice de presse
Q000511	Moniteur / Monitrice d'équitation
Q000512	Réparateur / Réparatrice en smartphone téléphonie mobile tablette
Q000513	Motion designer - films d'animation
Q000514	Détective
Q000515	Détective privé
Q000516	Développeur / Développeuse de photographies
Q000517	Développeur / Développeuse informatique
Q000518	Développeur / Développeuse web
Q000519	Diéséliste
Q000520	Diététicien / Diététicienne
Q000521	Diététicien / Diététicienne chef de produit en fabrication industrielle
Q000522	Directeur commercial / Directrice commerciale
Q000523	Directeur / Directrice comptable
Q000524	Directeur / Directrice d'aérodrome
Q000525	Directeur / Directrice d'agence bancaire
Q000526	Directeur / Directrice d'agence de gestion d'immeubles HLM
Q000527	Directeur / Directrice d'agence locale du pôle emploi
Q000528	Directeur / Directrice de bibliothèque
Q000529	Directeur / Directrice de camping
Q000530	Directeur / Directrice de casino de jeux
Q000531	Directeur / Directrice de casting
Q000532	Directeur / Directrice d'accueil de loisirs
Q000533	Directeur / Directrice de centre culturel
Q000534	Directeur / Directrice de développement immobilier
Q000535	Directeur / Directrice de fabrication
Q000536	Directeur / Directrice de gérance locative en immobilier
Q000537	Directeur / Directrice de grand magasin
Q000538	Directeur / Directrice de la communication
Q000539	Directeur / Directrice de la construction immobilière
Q000540	Directeur / Directrice de la gestion locative immobilière
Q000541	Directeur / Directrice de la photographie
Q000542	Directeur / Directrice de la rédaction
Q000543	Directeur / Directrice de laboratoire d'analyses de biologie médicale
Q000544	Directeur / Directrice de magasin de détail
Q000545	Directeur / Directrice de maison de retraite
Q000546	Directeur / Directrice de musée
Q000547	Directeur / Directrice de production de spectacles
Q000548	Directeur / Directrice de production industrielle
Q000549	Directeur / Directrice de recherche
Q000550	Directeur / Directrice de recherche-développement en industrie
Q000551	Directeur / Directrice de travaux
Q000552	Directeur / Directrice d'école du premier degré
Q000553	Directeur / Directrice d'école maternelle
Q000554	Directeur / Directrice d'école primaire
Q000555	Directeur / Directrice d'enquêtes terrain
Q000556	Directeur / Directrice d'équipement de loisirs
Q000557	Directeur / Directrice d'équipement sportif
Q000558	Directeur / Directrice des bâtiments
Q000559	Directeur / Directrice des choeurs
Q000560	Directeur / Directrice des jeux
Q000561	Directeur / Directrice des publications
Q000562	Directeur / Directrice des Ressources Humaines -DRH-
Q000563	Directeur / Directrice des services immobiliers
Q000564	Directeur / Directrice des systèmes d'information
Q000565	Directeur / Directrice des ventes
Q000566	Directeur / Directrice d'établissement d'enseignement spécialisé
Q000567	Directeur / Directrice d'établissement d'enseignement supérieur
Q000568	Directeur / Directrice d'établissement thermal
Q000569	Directeur / Directrice d'institut de beauté
Q000570	Directeur / Directrice d'office du tourisme
Q000571	Directeur / Directrice du marketing
Q000572	Directeur / Directrice du planning stratégique
Q000573	Directeur financier / Directrice financière
Q000574	Directeur général adjoint / Directrice générale adjointe de grande entreprise
Q000575	Directeur / Directrice immobilier
Q000576	Directeur régional / Directrice régionale des ventes
Q000577	Directeur / Directrice stratégique
Q000578	Disc-jockey
Q000579	Disquaire
Q000580	Distributeur / Distributrice de prospectus
Q000581	DJ
Q000582	Doublure
Q000583	Dresseur / Dresseuse de chiens
Q000584	Ébarbeur-ébavureur industriel / Ébarbeuse-ébavureuse industrielle
Q000585	Ébéniste
Q000586	Éboueur / Éboueuse
Q000587	Échafaudeur / Échafaudeuse
Q000588	Économiste de la construction
Q000589	Écoutant social / Écoutante sociale
Q000590	Écrivain / Écrivaine
Q000591	Éditeur / Éditrice
Q000592	Éducateur / Éducatrice de la protection judiciaire de la jeunesse
Q000593	Égoutier / Égoutière
Q000594	Élagueur / Élagueuse
Q000595	Électricien / Électricienne automobile
Q000596	Électricien / Électricienne d'éclairage public
Q000597	Électricien / Électricienne d'équipement
Q000598	Électricien / Électricienne d'équipement domestique
Q000599	Électricien / Électricienne d'équipements industriels
Q000600	Électricien / Électricienne du bâtiment
Q000601	Électricien monteur / Électricienne monteuse réseaux
Q000602	Électricien / Électricienne réseaux
Q000603	Éleveur / Éleveuse d'animaux à fourrure
Q000604	Éleveur / Éleveuse de bovins
Q000605	Éleveur / Éleveuse de chevaux
Q000606	Éleveur / Éleveuse de chiens
Q000607	Éleveur / Éleveuse de moutons
Q000608	Éleveur / Éleveuse de porcs
Q000609	Éleveur / Éleveuse d'ovins
Q000610	Embouteilleur / Embouteilleuse
Q000611	Emboutisseur / Emboutisseuse
Q000612	Employé / Employée au courrier
Q000613	Employé / Employée au pair
Q000614	Employé / Employée de loisirs ou d'attractions
Q000615	Employé / Employée de rayon
Q000616	Employé / Employée de réservation voyages
Q000617	Employé / Employée de restauration collective
Q000618	Employé / Employée des jeux
Q000619	Employé / Employée d'institut de beauté
Q000620	Employé polyvalent / Employée polyvalente de restaurant
Q000621	Employé polyvalent / Employée polyvalente de restauration
Q000622	Enduiseur / Enduiseuse
Q000623	Enquêteur privé / Enquêtrice privée
Q000624	Enseignant / Enseignante de la conduite et de la sécurité routière
Q000625	Enseignant / Enseignante des écoles
Q000626	Enseignant-chercheur / Enseignante-chercheuse
Q000627	Épidémiologiste
Q000628	Équipier polyvalent / Équipière polyvalente de restauration rapide
Q000629	Ergothérapeute
Q000630	Esthéticien / Esthéticienne
Q000631	Étinceleur / Étinceleuse en électroérosion
Q000632	Étireur / Étireuse en fils et fibres de verre
Q000633	Expert / Experte en règlement de sinistres en assurances
Q000634	Expert / Experte risques en assurances
Q000635	Expert-comptable / Experte-comptable
Q000636	Exploitant / Exploitante de camping
Q000637	Exploitant / Exploitante de chambres d'hôtes
Q000638	Exploitant / Exploitante de parc zoologique
Q000639	Exploitant / Exploitante de salle de spectacles
Q000640	Fabricant / Fabricante de chaussures sur mesure
Q000641	Fabricant / Fabricante de percussions
Q000642	Facteur / Factrice
Q000643	Facteur / Factrice de clavecins
Q000644	Facteur / Factrice de harpes
Q000645	Facteur / Factrice de percussions
Q000646	Facteur / Factrice de pianos
Q000647	Facteur / Factrice de secteur
Q000648	Facteur / Factrice d'instruments à vent
Q000649	Facteur / Factrice d'orgues
Q000650	Ferronnier / Ferronnière d'art
Q000651	Figurant / Figurante
Q000652	Fileur / Fileuse en fils et fibres de verre
Q000653	Fileur / Fileuse sur métiers classiques
Q000654	Filiériste en tréfilerie
Q000655	Finisseur / Finisseuse en industrie des matériaux souples
Q000656	Fiscaliste
Q000657	Forestier / Forestière
Q000658	Foreur / Foreuse chef de poste
Q000659	Foreur / Foreuse de roche
Q000660	Forgeron industriel / Forgeronne industrielle
Q000661	Formateur / Formatrice
Q000662	Formateur / Formatrice de la formation continue
Q000663	Formateur / Formatrice secourisme
Q000664	Fossoyeur / Fossoyeuse
Q000665	Fraiseur / Fraiseuse
Q000666	Galvanoplaste industriel / industrielle
Q000667	Game designer - jeux vidéo
Q000668	Gantier / Gantière
Q000669	Garde barrière
Q000670	Garde forestier / forestière
Q000671	Garde-chasse
Q000672	Gardien / Gardienne de la paix
Q000673	Gardien / Gardienne de toilettes
Q000674	Gardien / Gardienne de vestiaires
Q000675	Gardien-concierge / Gardienne-concierge
Q000676	Gemmologue
Q000677	Généalogiste
Q000678	Généticien / Généticienne
Q000679	Géochimiste
Q000680	Géologue
Q000681	Géologue minier / minière
Q000682	Géologue prospecteur / prospectrice
Q000683	Géomètre
Q000684	Géomètre du cadastre
Q000685	Géomètre-topographe
Q000686	Géophysicien / Géophysicienne
Q000687	Géotechnicien / Géotechnicienne
Q000688	Gérant / Gérante de camping
Q000689	Gérant / Gérante de restaurant
Q000690	Gérant / Gérante d'équipement de loisirs
Q000691	Gérant / Gérante d'équipement sportif
Q000692	Gérant / Gérante d'institut de beauté
Q000693	Gestionnaire de clientèle bancaire
Q000694	Gestionnaire de collections
Q000695	Gestionnaire de patrimoine financier
Q000696	Gestionnaire d'immeubles
Q000697	Greffier / Greffière
Q000698	Grignoteur / Grignoteuse
Q000699	Grillardin / Grillardine
Q000700	Grutier / Grutière
Q000701	Guichetier / Guichetière de la banque postale
Q000702	Guide-accompagnateur / Guide-accompagnatrice
Q000703	Habilleur / Habilleuse
Q000704	Historien / Historienne
Q000705	Horloger / Horlogère
Q000706	Horloger-réparateur / Horlogère-réparatrice
Q000707	Hôte / Hôtesse d'accueil tourisme
Q000708	Hôte / Hôtesse de caisse
Q000709	Humoriste
Q000710	Hydrogéologue
Q000711	Hydrographe
Q000712	Hydrologue
Q000713	Iconographe
Q000714	Illustrateur / Illustratrice
Q000715	Immunologiste
Q000716	Implanteur / Implanteuse de cartes électroniques
Q000717	Imprimeur / Imprimeuse
Q000718	Imprimeur / Imprimeuse en industrie textile
Q000719	Imprimeur / Imprimeuse offset
Q000720	Imprimeur / Imprimeuse sérigraphe
Q000721	Infirmier / Infirmière anesthésiste
Q000722	Infirmier / Infirmière de soins généraux
Q000723	Infographiste
Q000724	Infographiste effets spéciaux
Q000725	Ingénieur / Ingénieure biochimiste en industrie
Q000726	Ingénieur / Ingénieure de fabrication
Q000727	Ingénieur / Ingénieure de forage
Q000728	Ingénieur / Ingénieure de production
Q000729	Ingénieur / Ingénieure de production pétrolière
Q000730	Ingénieur / Ingénieure de recherche biomédicale
Q000731	Ingénieur / Ingénieure de sécurité en exploitation de gisements
Q000732	Ingénieur / Ingénieure de travaux
Q000733	Ingénieur / Ingénieure d'études en génie climatique
Q000734	Ingénieur électricien / Ingénieure électricienne de production
Q000735	Ingénieur électromécanicien / Ingénieure électromécanicienne de production
Q000736	Ingénieur / Ingénieure en radioprotection
Q000737	Ingénieur / Ingénieure en traitement sanitaire des eaux
Q000738	Ingénieur / Ingénieure génie civil
Q000739	Ingénieur / Ingénieure géologue
Q000740	Ingénieur / Ingénieure logistique
Q000741	Ingénieur / Ingénieure réseau informatique
Q000742	Ingénieur technico-commercial / Ingénieure technico-commerciale
Q000743	Ingénieur / Ingénieure télécommunication
Q000744	Ingénieur / Ingénieure travaux
Q000745	Inspecteur / Inspectrice de conformité en sécurité incendie
Q000746	Inspecteur / Inspectrice de l'Éducation Nationale -IEN-
Q000747	Inspecteur / Inspectrice du travail en agriculture
Q000748	Inspecteur / Inspectrice du travail et de l'emploi
Q000749	Inspecteur enquêteur / Inspectrice enquêtrice d'assurances
Q000750	Inspecteur / Inspectrice technique d'immeubles
Q000751	Installateur / Installatrice de cuisines
Q000752	Instituteur / Institutrice
Q000753	Instituteur / Institutrice d'école maternelle
Q000754	Instituteur / Institutrice d'école primaire
Q000755	Instructeur / Instructrice Personnel Navigant Commercial -PNC-
Q000756	Instructeur sportif / Instructrice sportive
Q000757	Instructeur / Instructrice technique pénitentiaire
Q000758	Interprète
Q000759	Intervenant / Intervenante d'action sociale
Q000760	Intervenant / Intervenante en kinésiologie
Q000761	Intervenant / Intervenante en médecine chinoise
Q000762	Intervenant / Intervenante en milieu immergé
Q000763	Intervenant / Intervenante sur alarme
Q000764	Jardinier / Jardinière
Q000765	Jardinier / Jardinière paysagiste
Q000766	Journaliste
Q000767	Journaliste sportif / sportive
Q000768	Juge
Q000769	Juge d'instance
Q000770	Juriste linguiste
Q000771	Kinésithérapeute
Q000772	Lapidaire pierres fines et précieuses
Q000773	Laqueur industriel / Laqueuse industrielle
Q000774	Laveur / Laveuse de vitres
Q000775	Layout man / woman
Q000776	Lexicographe
Q000777	Libraire
Q000778	Linguiste
Q000779	Lissier / Lissière
Q000780	Lithographe
Q000781	Livreur / Livreuse
Q000782	Machiniste sur presse de formage des métaux
Q000783	Maçon / Maçonne
Q000784	Magasinier / Magasinière
Q000785	Maître / Maîtresse de chai
Q000786	Maître / Maîtresse d'école
Q000787	Maître / Maîtresse d'école maternelle
Q000788	Maître / Maîtresse d'école primaire
Q000789	Maître / Maîtresse d'équipage
Q000790	Maître / Maîtresse d'hôtel
Q000791	Majordome
Q000792	Manager / Manageuse en restauration rapide
Q000793	Mandataire de justice
Q000794	Mannequin
Q000795	Manoeuvre manutentionnaire
Q000796	Manucure
Q000797	Manutentionnaire
Q000798	Maquilleur beauté / Maquilleuse beauté
Q000799	Marchand / Marchande de fruits et légumes
Q000800	Marchandiseur / Marchandiseuse
Q000801	Maréchal-ferrant / Maréchale-ferrante
Q000802	Marin de la marine marchande
Q000803	Marin de la navigation maritime
Q000804	Marin-pêcheur
Q000805	Marin-pompier
Q000806	Marionnettiste
Q000807	Masseur / Masseuse kinésithérapeute
Q000808	Matelassier / Matelassière
Q000809	Matelot de la navigation fluviale
Q000810	Matelot de la navigation maritime
Q000811	Matelot deuxième niveau en navigation fluviale
Q000812	Matelot garde moteur
Q000813	Matelot polyvalent / polyvalente navigation maritime
Q000814	Mathématicien / Mathématicienne
Q000815	Mécanicien / Mécanicienne de précision
Q000816	Mécanicien / Mécanicienne d'entretien en automobile
Q000817	Mécanicien / Mécanicienne d'équipements et d'engins motorisés en machinisme agricole
Q000818	Mécanicien / Mécanicienne des industries de l'habillement
Q000819	Mécanicien / Mécanicienne diéséliste
Q000820	Mécanicien / Mécanicienne en confection
Q000821	Mécanicien / Mécanicienne série en industrie de l'habillement
Q000822	Mécanicien / Mécanicienne sur machines industrielles
Q000823	Mécanotricien / Mécanotricienne
Q000824	Médecin spécialiste
Q000825	Médiateur / Médiatrice judiciaire
Q000826	Menuisier escaliéteur / Menuisière escaliéteuse
Q000827	Menuisier poseur / Menuisière poseuse de fermetures
Q000828	Menuisier-agenceur / Menuisière-agenceuse de cuisines ou de salles de bains
Q000829	Menuisier-ébéniste / Menuisière-ébéniste
Q000830	Marchandiseur visuel / Marchandiseuse visuel
Q000831	Métallier industriel / Métallière industrielle
Q000832	Météorologiste
Q000833	Metteur / Metteuse en scène
Q000834	Minérallurgiste
Q000835	Mineur / Mineuse
Q000836	Miroitier / Miroitière
Q000837	Miroitier-poseur / Miroitière-poseuse
Q000838	Mixeur / Mixeuse
Q000839	Modèle
Q000840	Modeleur / Modeleuse mouliste
Q000841	Modélisateur / Modélisatrice 3D
Q000842	Modéliste en industrie de l'habillement et autres fabrications à base d'étoffes
Q000843	Modéliste en industrie de l'habillement et du textile
Q000844	Moniteur / Monitrice de bateau-école
Q000845	Moniteur / Monitrice moto
Q000846	Moniteur / Monitrice poids lourds
Q000847	Monteur / Monteuse audiovisuel
Q000848	Monteur / Monteuse d'ascenseurs
Q000849	Monteur / Monteuse d'assemblage mécanique de précision
Q000850	Monteur / Monteuse de chapiteau
Q000851	Monteur / Monteuse de fabrication de matériels électriques
Q000852	Monteur / Monteuse de meubles
Q000853	Monteur / Monteuse de pièces
Q000854	Monteur / Monteuse d'opérations immobilières
Q000855	Monteur / Monteuse en chaussures
Q000856	Monteur / Monteuse en constructions métalliques
Q000857	Monteur / Monteuse en échafaudage
Q000858	Monteur / Monteuse en éléments préfabriqués
Q000859	Monteur / Monteuse en fabrication de produits électriques
Q000860	Monteur / Monteuse en industrie plastique et caoutchouc
Q000861	Monteur / Monteuse en ligne de fabrication automobile
Q000862	Monteur / Monteuse en orfèvrerie
Q000863	Monteur / Monteuse en pneumatique
Q000864	Monteur / Monteuse en structures métalliques
Q000865	Monteur régleur / Monteuse régleuse de fabrication en instruments d'optique
Q000866	Monteur / Monteuse réseaux
Q000867	Monteur / Monteuse sur chaîne d'assemblage
Q000868	Monteur techniverrier / Monteuse techniverrière
Q000869	Monteur-câbleur / Monteuse-câbleuse de matériels électriques
Q000870	Monteur-câbleur / Monteuse-câbleuse en construction de matériels électromécaniques
Q000871	Monteur-échafaudeur / Monteuse-échafaudeuse
Q000872	Monteur-électricien / Monteuse-électricienne en réseaux de distribution électrique
Q000873	Mortaiseur / Mortaiseuse
Q000874	Mouleur / Mouleuse en céramique
Q000875	Mouleur / Mouleuse de l'industrie du béton
Q000876	Musicien / Musicienne
Q000877	Musicothérapeute
Q000878	Négociant / Négociante en bois
Q000879	Négociateur / Négociatrice en devises
Q000880	Nettoyeur / Nettoyeuse de vitres
Q000881	Notaire
Q000882	Notateur / Notatrice en danse
Q000883	Noyauteur / Noyauteuse
Q000884	Océanographe
Q000885	Officier / Officière de police judiciaire
Q000886	Offsettiste
Q000887	Opérateur / Opératrice d'assemblage - montage des industries des cuirs peaux et matériaux associés (hors vêtements)
Q000888	Opérateur / Opératrice d'assemblage mécanique
Q000889	Opérateur / Opératrice d'attraction
Q000890	Opérateur / Opératrice de broyeur
Q000891	Opérateur / Opératrice de circulation du réseau ferroviaire
Q000892	Opérateur / Opératrice de conditionnement manuel
Q000893	Opérateur / Opératrice de conduite en centrale nucléaire
Q000894	Opérateur / Opératrice de contrôle de titres de transport
Q000895	Opérateur / Opératrice de coulée en métallurgie
Q000896	Opérateur / Opératrice de fabrication de circuits imprimés
Q000897	Opérateur / Opératrice de fabrication de matériels électriques et électroniques
Q000898	Opérateur / Opératrice de fabrication de panneaux de bois
Q000899	Opérateur / Opératrice de fabrication des industries chimiques
Q000900	Opérateur / Opératrice de fabrication en alimentation animale
Q000901	Opérateur / Opératrice de fabrication en industrie pharmaceutique
Q000902	Opérateur / Opératrice de fabrication en transformation de la viande
Q000903	Opérateur / Opératrice de façonnage en industrie céramique
Q000904	Opérateur / Opératrice de finition en industrie des matériaux souples
Q000905	Opérateur / Opératrice de finition sur articles en cuir et autres matériaux souples
Q000906	Opérateur / Opératrice de laboratoire cinématographique
Q000907	Opérateur / Opératrice de laminoir
Q000908	Opérateur / Opératrice de ligne de conditionnement
Q000909	Opérateur / Opératrice de ligne de traitement de surface
Q000910	Opérateur / Opératrice de manoeuvre du réseau ferré
Q000911	Opérateur / Opératrice de montage-assemblage mécanique
Q000912	Opérateur / Opératrice de montage en montage-assemblage mécanique
Q000913	Opérateur / Opératrice de peinture industrielle
Q000914	Opérateur / Opératrice de plieuse
Q000915	Opérateur / Opératrice de première transformation des métaux
Q000916	Opérateur / Opératrice de prépresse
Q000917	Opérateur / Opératrice de prise de vues
Q000918	Opérateur / Opératrice de production de panneaux à base bois
Q000919	Opérateur / Opératrice de production de papier carton
Q000920	Opérateur / Opératrice de production des métaux
Q000921	Opérateur / Opératrice de production en céramique
Q000922	Opérateur / Opératrice de production en montage-assemblage mécanique
Q000923	Opérateur / Opératrice de production/fabrication en industrie alimentaire
Q000924	Opérateur / Opératrice de redresseur
Q000925	Opérateur / Opératrice de rouleuse
Q000926	Opérateur / Opératrice de saisie
Q000927	Opérateur / Opératrice de sciage bois
Q000928	Opérateur / Opératrice de traitement thermique
Q000929	Opérateur / Opératrice de transformation en forgeage
Q000930	Opérateur / Opératrice de transformation métallurgique en laminage à chaud
Q000931	Opérateur / Opératrice de transformation métallurgique en laminage de fond
Q000932	Opérateur / Opératrice de tréfilerie
Q000933	Opérateur / Opératrice de trempe
Q000934	Opérateur / Opératrice d'emballage manuel
Q000935	Opérateur / Opératrice d'entretien et de surveillance du réseau routier
Q000936	Opérateur / Opératrice d'installation de pâte à papier
Q000937	Opérateur / Opératrice du son
Q000938	Opérateur / Opératrice en confection
Q000939	Opérateur / Opératrice en distillerie industrielle
Q000940	Opérateur / Opératrice en fabrication de produits non-tissés
Q000941	Opérateur / Opératrice en matériaux composites
Q000942	Opérateur / Opératrice en plasturgie
Q000943	Opérateur / Opératrice en stratification
Q000944	Opérateur / Opératrice extrusion en caoutchouc et matières plastiques
Q000945	Opérateur / Opératrice four de traitement thermique
Q000946	Opérateur / Opératrice injection en caoutchouc et matières plastiques
Q000947	Opérateur monteur / Opératrice monteuse en industrie plastique et caoutchouc
Q000948	Opérateur polyvalent / Opératrice polyvalente montage-assemblage mécanique
Q000949	Opérateur / Opératrice poursuite
Q000950	Opérateur / Opératrice presse pâte en industrie papetière
Q000951	Opérateur qualifié / Opératrice qualifiée de montage de véhicules
Q000952	Opérateur / Opératrice salle de contrôle en production d'énergie
Q000953	Opérateur / Opératrice soufflage en matières plastiques
Q000954	Opérateur / Opératrice sur Commande Numérique -CN-
Q000955	Opérateur / Opératrice sur encolleuses en industrie du bois
Q000956	Opérateur / Opératrice sur ligne de montage mécanique
Q000957	Opérateur / Opératrice sur machine de découpage de matériaux
Q000958	Opérateur / Opératrice sur machine de formage des matières plastiques et des caoutchoucs
Q000959	Opérateur / Opératrice sur machine de mise en forme du caoutchouc
Q000960	Opérateur / Opératrice sur machines à bois
Q000961	Opérateur / Opératrice sur presse à caoutchouc et matières plastiques
Q000962	Opérateur / Opératrice textile
Q000963	Opérateur-soudeur / Opératrice-soudeuse à la vague
Q000964	Opticien / Opticienne
Q000965	Orfèvre
Q000966	Orthophoniste
Q000967	Orthoprothésiste
Q000968	Orthoptiste
Q000969	Ostéopathe
Q000970	Ouvreur / Ouvreuse de salle de spectacles
Q000971	Ouvrier / Ouvrière aquacole
Q000972	Ouvrier boucher / Ouvrière bouchère
Q000973	Ouvrier cartonnier / Ouvrière cartonnière de finition
Q000974	Ouvrier / Ouvrière de chai
Q000975	Ouvrier / Ouvrière de cidrerie
Q000976	Ouvrier / Ouvrière de coulée en métallurgie
Q000977	Ouvrier / Ouvrière de fabrication du papier et du carton
Q000978	Ouvrier / Ouvrière de fabrication en condiments/sauces en industrie alimentaire
Q000979	Ouvrier / Ouvrière de filature artificielle et synthétique
Q000980	Ouvrier / Ouvrière de montage en assemblage mécanique
Q000981	Ouvrier / Ouvrière de montage en construction automobile
Q000982	Ouvrier / Ouvrière de montage mécanique en aéronautique
Q000983	Ouvrier / Ouvrière de plancher
Q000984	Ouvrier / Ouvrière d'entretien/propreté d'immeubles
Q000985	Ouvrier / Ouvrière des espaces verts
Q000986	Ouvrier / Ouvrière d'exploitation forestière
Q000987	Ouvrier / Ouvrière en sellerie - garnissage
Q000988	Ouvrier / Ouvrière en viticulture
Q000989	Ouvrier / Ouvrière en voiries
Q000990	Ouvrier fondeur / Ouvrière fondeuse
Q000991	Ouvrier forestier / Ouvrière forestière
Q000992	Ouvrier / Ouvrière génie civil
Q000993	Ouvrier / Ouvrière horticole
Q000994	Ouvrier poseur / Ouvrière poseuse de menuiserie
Q000995	Ouvrier poseur / Ouvrière poseuse de menuiseries extérieures
Q000996	Ouvrier / Ouvrière sidérurgiste
Q000997	Ouvrier tanneur / Ouvrière tanneuse
Q000998	Ouvrier viticole / Ouvrière viticole
Q000999	Palefrenier / Palefrenière
Q001000	Paléontologue
Q001001	Paracheveur-meuleur industriel / Paracheveuse-meuleuse industrielle
Q001002	Parolier / Parolière
Q001003	Parqueteur / Parqueteuse
Q001004	Pâtissier / Pâtissière
Q001005	Patronnier / Patronnière
Q001006	Patronnier / Patronnière CAO/DAO
Q001007	Patronnier / Patronnière en chaussures
Q001008	Patronnier-gradeur / Patronnière-gradeuse
Q001009	Patronnier-gradeur / Patronnière-gradeuse en industrie de l'habillement et autres fabrications à base d'étoffes
Q001010	Patronnier-gradeur / Patronnière-gradeuse en industrie des matériaux souples
Q001011	Pédicure pour bovin
Q001012	Pédologue
Q001013	Peintre en bâtiment
Q001014	Peintre sur céramique
Q001015	Perchiste
Q001016	Perchman / Perchwoman
Q001017	Pharmacien / Pharmacienne
Q001018	Pharmacien assistant / Pharmacienne assistante
Q001019	Pharmacien hospitalier / Pharmacienne hospitalière
Q001020	Photocompositeur / Photocompositrice
Q001021	Photographe
Q001022	Physionomiste
Q001023	Physiothérapeute
Q001024	Pilote d'avion
Q001025	Pilote de ligne aérienne
Q001026	Pilote de port
Q001027	Pilote d'hélicoptère
Q001028	Pilote d'installation de production d'énergie
Q001029	Pilote instructeur / instructrice aéronautique
Q001030	Pilote professionnel / professionnelle aéronautique
Q001031	Piqueur brodeur / Piqueuse brodeuse de dentelle sur machine
Q001032	Piqueur / Piqueuse en chaussures
Q001033	Pizzaïolo / Pizzaïola
Q001034	Plâtrier / Plâtrière
Q001035	Plombier / Plombière
Q001036	Plongeur scaphandrier / Plongeuse scaphandrière
Q001037	Podologue
Q001038	Podo-orthésiste
Q001039	Poinçonneur / Poinçonneuse
Q001040	Poissonnier / Poissonnière
Q001041	Polisseur / Polisseuse sur métaux
Q001042	Polisseur / Polisseuse sur verre
Q001043	Polyculteur éleveur / Polycultrice éleveuse
Q001044	Pompier / Pompière
Q001045	Pompier industriel / Pompière industrielle
Q001046	Pontier / Pontière
Q001047	Portier / Portière
Q001048	Portier / Portière physionomiste
Q001049	Poseur / Poseuse de cuisines
Q001050	Poseur / Poseuse de moquette
Q001051	Poseur / Poseuse de panneaux de signalisation
Q001052	Poseur / Poseuse de papiers peints
Q001053	Poseur / Poseuse de revêtements souples de sols
Q001054	Poseur / Poseuse de voies ferrées
Q001055	Poseur / Poseuse en fermetures de bâtiment
Q001056	Potier / Potière
Q001057	Poursuiteur / Poursuiteuse
Q001058	Praticien / Praticienne dentaire
Q001059	Praticien / Praticienne en ostéopathie
Q001060	Praticien / Praticienne en psychologie
Q001061	Praticien / Praticienne en shiatsu
Q001062	Préparateur / Préparatrice d'arômes alimentaires
Q001063	Préparateur / Préparatrice de commandes
Q001064	Préparateur / Préparatrice en pharmacie
Q001065	Préposé / Préposée des douanes
Q001066	Producteur / Productrice de musique
Q001067	Producteur / Productrice radio
Q001068	Professeur / Professeure à domicile
Q001069	Professeur / Professeure de danse
Q001070	Professeur / Professeure de langues vivantes
Q001071	Professeur / Professeure de matières littéraires
Q001072	Professeur / Professeure de matières scientifiques
Q001073	Professeur / Professeure de théâtre
Q001074	Professeur / Professeure d'éducation culturelle
Q001075	Professeur / Professeure d'éducation physique et sportive -EPS-
Q001076	Professeur / Professeure d'enseignement agricole
Q001077	Professeur / Professeure d'enseignement professionnel
Q001078	Professeur / Professeure des écoles
Q001079	Professeur / Professeure en langue des signes
Q001080	Professeur spécialisé / Professeure spécialisée de l'enseignement général
Q001081	Professeur / Professeure technique d'enseignement professionnel
Q001082	Profileur / Profileuse en tréfilerie
Q001083	Programmeur industriel / Programmeuse industrielle
Q001084	Projectionniste
Q001085	Prothésiste-orthésiste
Q001086	Psychologue clinicien / clinicienne
Q001087	Psychologue scolaire
Q001088	Puériculteur / Puéricultrice
Q001089	Puisatier / Puisatière
Q001090	Pupitreur / Pupitreuse spectacle
Q001091	Pyrotechnicien / Pyrotechnicienne
Q001092	Ramasseur / Ramasseuse d'ordures ménagères
Q001093	Ramoneur / Ramoneuse
Q001094	Ravaleur-plâtrier / Ravaleuse-plâtrière
Q001095	Réalisateur / Réalisatrice
Q001096	Réalisateur / Réalisatrice audiovisuel
Q001097	Réceptionniste en hôtellerie
Q001098	Recycleur / Recycleuse
Q001099	Rédacteur / Rédactrice crédits bancaires
Q001100	Rédacteur / Rédactrice de notices techniques
Q001101	Rédacteur / Rédactrice en chef
Q001102	Rédacteur / Rédactrice technique
Q001103	Régisseur / Régisseuse accessoiriste
Q001104	Régisseur / Régisseuse de plateau
Q001105	Régleur / Régleuse de machines à compression de matières plastiques/caoutchouc
Q001106	Régulateur / Régulatrice du réseau ferré
Q001107	Réparateur / Réparatrice en électroménager
Q001108	Repasseur / Repasseuse
Q001109	Repasseur / Repasseuse en blanchisserie industrielle
Q001110	Répétiteur / Répétitrice
Q001111	Répétiteur / Répétitrice de ballet
Q001112	Reporter / Reportrice
Q001113	Reporter / Reportrice photographe
Q001114	Responsable entretien infrastructure ferroviaire
Q001115	Responsable chargé / chargée de la sécurité
Q001116	Responsable commercial / commerciale
Q001117	Responsable crédit
Q001118	Responsable d'agence bancaire
Q001119	Responsable d'agence en assurances
Q001120	Responsable d'antenne HLM
Q001121	Responsable d'atelier de blanchisserie industrielle
Q001122	Responsable d'atelier de production habillement
Q001123	Responsable d'atelier en industrie du bois
Q001124	Responsable de boutique
Q001125	Responsable de bureau d'assurances
Q001126	Responsable de bureau de banque
Q001127	Responsable de caisses
Q001128	Responsable de centre d'appels
Q001129	Responsable d'accueil de loisirs
Q001130	Responsable de circonscription d'action sociale
Q001131	Responsable de circulation du réseau ferroviaire
Q001132	Responsable de comptoir en location de voitures
Q001133	Responsable de fabrication en industrie du bois
Q001134	Responsable de fonderie
Q001135	Responsable de galerie d'art
Q001136	Responsable de la logistique approvisionnement
Q001137	Responsable de la logistique distribution
Q001138	Responsable de la logistique transport
Q001139	Responsable de la promotion des ventes
Q001140	Responsable de la relation clientèle
Q001141	Responsable de l'administration des ventes
Q001142	Responsable de l'exploitation des ventes
Q001143	Responsable de l'organisation de la chaîne logistique
Q001144	Responsable de magasin d'animalerie
Q001145	Responsable de parc à bois
Q001146	Responsable de production en industrie du bois
Q001147	Responsable de produits bancaires
Q001148	Responsable de projet informatique
Q001149	Responsable de réseaux d'assainissement
Q001150	Responsable de scierie
Q001151	Responsable de sécurité et surveillance
Q001152	Responsable de service juridique
Q001153	Responsable de station d'épuration
Q001154	Responsable de station-service
Q001155	Responsable de travaux
Q001156	Responsable de vestiaire
Q001157	Responsable d'enquêtes terrain
Q001158	Responsable d'entrepôt
Q001159	Responsable d'équipe règlement sinistres en assurances
Q001160	Responsable des achats
Q001161	Responsable des archives
Q001162	Responsable des déchets
Q001163	Responsable des relations du travail
Q001164	Responsable des Ressources Humaines -RRH-
Q001165	Responsable des services techniques de collectivité
Q001166	Responsable des ventes
Q001167	Responsable d'établissement de santé
Q001168	Responsable d'exploitation transport maritime
Q001169	Responsable d'institut de beauté
Q001170	Responsable du développement des ressources humaines
Q001171	Responsable du marketing
Q001172	Responsable d'usine de production d'eau potable
Q001173	Responsable d'usine d'épuration des eaux
Q001174	Responsable e-commerce
Q001175	Responsable en production métallurgique
Q001176	Responsable en qualité industrielle
Q001177	Responsable évènement
Q001178	Responsable financement de projet
Q001179	Responsable gestion de la production
Q001180	Responsable gestion industrielle et logistique
Q001181	Responsable logistique
Q001182	Responsable logistique de production industrielle
Q001183	Responsable marketing
Q001184	Responsable paie
Q001185	Responsable pôle clients
Q001186	Responsable qualité conformité réglementaire
Q001187	Responsable qualité en industrie
Q001188	Responsable régional / régionale des ventes
Q001189	Responsable sécurité
Q001190	Responsable sécurité et protection santé du BTP
Q001191	Responsable sécurité informatique
Q001192	Responsable service clients
Q001193	Responsable service gestion des déchets
Q001194	Responsable service production tourisme
Q001195	Responsable télécoms
Q001196	Responsable de parc à grumes
Q001197	Ressortier / Ressortière
Q001198	Restaurateur / Restauratrice de meubles
Q001199	Restaurateur / Restauratrice d'instruments à percussion
Q001200	Retordeur / Retordeuse
Q001201	Retoucheur / Retoucheuse en confection
Q001202	Réviseur / Réviseuse
Q001203	Ripeur / Ripeuse
Q001204	Routier / Routière
Q001205	Sacrificateur / Sacrificatrice
Q001206	Homme sage-femme / Sage-femme
Q001207	Sapeur-pompier / Sapeuse-pompière
Q001208	Sauveteur / Sauveteuse aquatique
Q001209	Scaphandrier / Scaphandrière
Q001210	Scénariste
Q001211	Scieur / Scieuse bois
Q001212	Scripte
Q001213	Sculpteur / Sculptrice
Q001214	Sculpteur / Sculptrice sur bois
Q001215	Secouriste
Q001216	Secrétaire
Q001217	Secrétaire d'édition
Q001218	Secrétaire facturier / facturière
Q001219	Secrétaire général / générale d'établissement public
Q001220	Séismologue
Q001221	Sellier-garnisseur / Sellière-garnisseuse automobile
Q001222	Sertisseur / Sertisseuse
Q001223	Sexeur / Sexeuse de volailles
Q001224	Sismologue
Q001225	Sociologue
Q001226	Soldat / Soldate
Q001227	Sommelier / Sommelière
Q001228	Sophrologue
Q001229	Souffleur / Souffleuse de verre
Q001230	Souscripteur / Souscriptrice en assurances
Q001231	Souscripteur / Souscriptrice Incendie Accidents Risques Divers -IARD-
Q001232	Spécialiste des travaux en hauteur du bâtiment
Q001233	Spéléologue secouriste
Q001234	Standardiste
Q001235	Statisticien / Statisticienne
Q001236	Steward / Hôtesse de train
Q001237	Steward / Hôtesse au sol
Q001238	Story boarder
Q001239	Styliste
Q001240	Styliste chaussure
Q001241	Styliste maroquinerie
Q001242	Superviseur / Superviseuse de centre d'appels
Q001243	Superviseur / Superviseuse sécurité chantier
Q001244	Superviseur / Superviseuse trafic aérien
Q001245	Surjeteur / Surjeteuse en ganterie
Q001246	Surveillant / Surveillante de la pollution de l'air
Q001247	Surveillant / Surveillante pénitentiaire
Q001248	Tailleur / Tailleuse
Q001249	Tailleur / Tailleuse de pierre
Q001250	Tailleur / Tailleuse d'engrenage
Q001251	Tapissier / Tapissière d'ameublement
Q001252	Tapissier industriel / Tapissière industrielle
Q001253	Tapissier-décorateur / Tapissière-décoratrice
Q001254	Tatoueur / Tatoueuse
Q001255	Taxidermiste
Q001256	Technicien aéronautique / Technicienne aéronautique
Q001257	Technicien / Technicienne agricole
Q001258	Technicien / Technicienne bureau d'études des industries de la chaussure
Q001259	Technicien / Technicienne bureau d'études maroquinerie
Q001260	Technicien / Technicienne d'agriculture
Q001261	Technicien / Technicienne de biologie médicale
Q001262	Technicien / Technicienne de contrôle de conformité
Q001263	Technicien / Technicienne de contrôle de réseau d'assainissement
Q001264	Technicien / Technicienne de contrôle de réseau d'eau
Q001265	Technicien / Technicienne de contrôle en électronique
Q001266	Technicien / Technicienne de la météorologie
Q001267	Technicien / Technicienne de la qualité de l'eau
Q001268	Technicien / Technicienne de laboratoire en électricité études et développement
Q001269	Technicien / Technicienne de maintenance aéronautique
Q001270	Technicien / Technicienne de maintenance d'ascenseurs
Q001271	Technicien / Technicienne de maintenance d'équipements de parcs d'attractions
Q001272	Technicien / Technicienne de maintenance sécurité alarme incendie
Q001273	Technicien / Technicienne de montage d'ascenseurs
Q001274	Technicien / Technicienne de monte-charges
Q001275	Technicien / Technicienne de production en caoutchouc
Q001276	Technicien / Technicienne de production en matériaux composites
Q001277	Technicien / Technicienne de production en matières plastiques
Q001278	Technicien / Technicienne de station d'épuration
Q001279	Technicien / Technicienne des boues
Q001280	Technicien / Technicienne d'études en industrie des matériaux souples
Q001281	Technicien / Technicienne d'études en instrumentation-régulation
Q001282	Technicien / Technicienne d'exploitation d'eau potable
Q001283	Technicien / Technicienne d'inspection de réseau d'assainissement
Q001284	Infirmier / Infirmière en Pratique Avancée
Q001285	Agent / Agente AFIS - Aerodrone Flight Information Service
Q001286	Observateur / Observatrice des pêches
Q001287	Barista
Q001288	Opérateur / Opératrice de production de granulés / pellets de bois
Q001289	Agent / Agente d'entretien des piscines
Q001290	Responsable Qualité de Vie au Travail - QVT
Q001291	Product manager
Q001292	Ostéopathe animalier / animalière
Q001293	Technicien / Technicienne du son
Q001294	Technicien électricien-électronicien / Technicienne électricienne-électronicienne automobile
Q001295	Technicien / Technicienne en image de synthèse 3D
Q001296	Technicien / Technicienne en imagerie médicale
Q001297	Technicien / Technicienne en imagerie médicale et radiologie thérapeutique
Q001298	Technicien / Technicienne en intervention sous-marine
Q001299	Technicien / Technicienne en mécatronique
Q001300	Technicien / Technicienne en radioprotection
Q001301	Technicien / Technicienne en radiothérapie
Q001302	Technicien / Technicienne en recherche scientifique
Q001303	Technicien / Technicienne en reprographie
Q001304	Technicien / Technicienne en robotique
Q001305	Technicien / Technicienne en télécommunications
Q001306	Technicien / Technicienne extrusion en industrie plastique et caoutchouc
Q001307	Technicien forestier / Technicienne forestière
Q001308	Technicien / Technicienne géologue
Q001309	Technicien / Technicienne géomètre
Q001310	Technicien / Technicienne hygiéniste
Q001311	Technicien / Technicienne industrialisation
Q001312	Technicien / Technicienne informatique
Q001313	Technicien itinérant / Technicienne itinérante de maintenance Service Après-Vente -SAV-
Q001314	Technicien / Technicienne lumière
Q001315	Technicien / Technicienne plasturgiste en production
Q001316	Technicien / Technicienne plateau
Q001317	Technicien / Technicienne podo-orthésiste
Q001318	Technicien / Technicienne podo-orthésiste prothésiste
Q001319	Technicien régleur / Technicienne régleuse en industrie plastique et caoutchouc
Q001320	Technicien régleur / Technicienne régleuse en injection
Q001321	Technicien régleur / Technicienne régleuse en plasturgie
Q001322	Technicien / Technicienne réseau informatique
Q001323	Technicien / Technicienne vidéo
Q001324	Teinturier / Teinturière en industrie textile
Q001325	Thanatopracteur / Thanatopractrice
Q001326	Thérapeute en chiropratique
Q001327	Thérapeute ostéopathe
Q001328	Thermicien / Thermicienne de l'industrie
Q001329	Thermoformeur / Thermoformeuse
Q001330	Tôlier / Tôlière
Q001331	Tonnelier / Tonnelière de fabrication
Q001332	Topographe
Q001333	Tourneur / Tourneuse
Q001334	Tourneur / Tourneuse sur bois
Q001335	Traducteur / Traductrice
Q001336	Trancheur / Trancheuse bois
Q001337	Trempeur / Trempeuse
Q001338	Trésorier / Trésorière d'entreprise
Q001339	Trieur contrôleur / Trieuse contrôleuse en industrie de transformation
Q001340	Trieur / Trieuse de cuirs et peaux
Q001341	Tuyauteur / Tuyauteuse
Q001342	Typographe
Q001343	Urbaniste
Q001344	Usineur / Usineuse
Q001345	Valet / Femme de chambre
Q001346	Valoriste
Q001347	Vannier / Vannière
Q001348	Veilleur / Veilleuse de nuit en hôtellerie
Q001349	Vendeur animalier / Vendeuse animalière
Q001350	Vendeur armurier / Vendeuse armurière
Q001351	Vendeur / Vendeuse automobile
Q001352	Vendeur / Vendeuse d'animaux
Q001353	Vendeur / Vendeuse en animalerie
Q001354	Vendeur / Vendeuse en articles de papeterie
Q001355	Vendeur / Vendeuse en articles de sport
Q001356	Vendeur / Vendeuse en articles pour fumeurs
Q001357	Vendeur / Vendeuse en bijouterie
Q001358	Vendeur / Vendeuse en boucherie
Q001359	Vendeur / Vendeuse en bricolage
Q001360	Vendeur / Vendeuse en bureau de tabac
Q001361	Vendeur / Vendeuse en chaussures
Q001362	Vendeur / Vendeuse en électroménager
Q001363	Vendeur / Vendeuse en épicerie
Q001364	Vendeur / Vendeuse en épicerie fine
Q001365	Vendeur / Vendeuse en équipement de sport
Q001366	Vendeur / Vendeuse en informatique
Q001367	Vendeur / Vendeuse en jardinerie
Q001368	Vendeur / Vendeuse en jeux et loterie
Q001369	Vendeur / Vendeuse en jouets
Q001370	Vendeur / Vendeuse en matériaux de construction
Q001371	Vendeur / Vendeuse en optique lunetterie
Q001372	Vendeur / Vendeuse en parapharmacie
Q001373	Vendeur / Vendeuse en parfumerie
Q001374	Vendeur / Vendeuse en revêtement de mur sol
Q001375	Vendeur / Vendeuse en téléphonie
Q001376	Vendeur / Vendeuse en tissus
Q001377	Vérificateur / Vérificatrice de titres de transport
Q001378	Vétérinaire
Q001379	Visiteur médical / Visiteuse médicale
Q001380	Visual merchandiser
Q001381	Vitrailliste
Q001382	Vitrier / Vitrière
Q001383	Voiturier / Voiturière
Q001384	Voix off
Q001385	Webmaster concepteur / conceptrice de site web
Q001386	Wedding planner
Q001387	Maïeuticien / Maïeuticienne
Q001388	Danse thérapeute
Q001389	Membre d'équipage de cabine
Q001390	Technicien / Technicienne paysagiste
Q001391	Majordome en hôtellerie
Q001392	Assistant / Assistante de vie dépendance
Q001393	Assistant maternel agréé / Assistante maternelle agréée
Q001394	Releveur / Releveuse de compteurs
Q001395	Électricien / Électricienne photovoltaïque
Q001396	Responsable qualité services
Q001397	Infirmier préleveur / Infirmière préleveuse
Q001398	Professeur / Professeure d'arts appliqués
Q001399	Cuisinier pâtissier / Cuisinière pâtissière
Q001400	Pharmacien / Pharmacienne en pharmacovigilance
Q001401	Conducteur / Conductrice en industrie de la cosmétoparfumerie
Q001402	Préparateur / Préparatrice en industrie de la cosmétoparfumerie
Q001403	Ingénieur / Ingénieure recherche développement packaging
Q001404	Professeur / Professeure de mathématiques
Q001405	Professeur / Professeure de philosophie
Q001406	Professeur / Professeure d'histoire géographie
Q001407	Professeur / Professeure de sciences économiques et sociales
Q001408	Vendeur / Vendeuse en matériel médical paramédical
Q001409	Fundraiser - Collecteur / Collectrice de fonds
Q001410	Formaliste
Q001411	Aide jardinier / jardinière
Q001412	Manoeuvre des espaces verts
Q001413	Responsable d'installation de stockage de déchets - ISD
Q001414	Agent / Agente de sécurité magasin
Q001415	Opérateur / Opératrice vidéo
Q001416	Vendeur / Vendeuse en jeux vidéo
Q001417	Intervenant / Intervenante en Prévention des Risques Professionnels - IPRP
Q001418	Responsable prévision des ventes
Q001419	Responsable de structure d'insertion socioprofessionnelle
Q001420	Responsable RSE - responsabilité sociétale de l'entreprise
Q001421	Psychologue
Q001422	Sound designer / Designer sonore
Q001423	Développeur / Développeuse - jeux vidéo
Q001424	Ingénieur / Ingénieure recherche développement énergies renouvelables en industrie
Q001425	Chef d'équipe en production arboricole
Q001426	Scaphandrier / Scaphandrière travaux publics sur réseaux et ouvrages immergés
Q001427	Chauffeur / Chauffeuse de car
Q001428	Chauffeur / Chauffeuse de bus
Q001429	Technicien / Technicienne d'intervention sur matériels d'assistance respiratoire
Q001430	Pupitreur / Pupitreuse régie lumière
Q001431	Technicien / Technicienne de fabrication matériel dentaire
Q001432	Technicien / Technicienne de pose de compteurs électriques
Q001433	Assistant médico-administratif / Assistante médico-administrative
Q001434	Courtier / Courtière en prêts immobiliers
Q001435	Analyste prix / pricing
