Q000001	Boucher (h/f/x)
Q000002	Charpentier escaliéteur (h/f/x)
Q000003	Rédacteur technique (h/f/x)
Q000004	Retoucheur en habillement (h/f/x)
Q000005	Technicien d'études et conception en automatisme (h/f/x)
Q000006	Masseur (h/f/x)
Q000007	Perceur-tatoueur (h/f/x)
Q000008	Esthéticien (h/f/x)
Q000009	Coordinateur de sécurité et de santé sur chantier (h/f/x)
Q000010	Fleuriste (h/f/x)
Q000011	Plafonneur (h/f/x)
Q000012	Conducteur de grue à tour (h/f/x)
Q000013	Garde forestier (h/f/x)
Q000014	Conducteur d'engins de damage (h/f/x)
Q000015	Ouvrier de dragage  (h/f/x)
Q000016	Installateur électricien (h/f/x)
Q000017	Installateur électricien industriel (h/f/x)
Q000018	Installateur réseaux et data (h/f/x)
Q000019	Délégué médical (h/f/x)
Q000020	Sales engineer (h/f/x)
Q000021	Coiffeur (h/f/x)
Q000022	Technicien de maintenance de brûleurs (h/f/x)
Q000023	Sage-femme (h/f/x)
Q000024	Concepteur/développeur de produits d'assurances (h/f/x)
Q000025	Monteur de câbles et de conduits aériens et souterrains (h/f/x)
Q000026	Animateur d'un centre de loisirs (h/f/x)
Q000027	Technologue de laboratoire médical (h/f/x)
Q000028	Conseiller technique en agriculture (h/f/x)
Q000029	Technicien en processus et méthodes de production (h/f/x)
Q000030	Secouriste-ambulancier (h/f/x)
Q000031	Responsable contrôle qualité en industrie (h/f/x)
Q000032	Contrôleur technique en agriculture (h/f/x)
Q000033	Technologue en imagerie médicale (h/f/x)
Q000034	Chargé d'études en agronomie (h/f/x)
Q000035	Vétérinaire (h/f/x)
Q000036	Chargé d'accueil et de services clientèle bancaire (h/f/x)
Q000037	Conseiller en crédits (h/f/x)
Q000038	Responsable commercial dans le secteur financier (h/f/x)
Q000039	Infirmier en chef (h/f/x)
Q000040	Coiffeur manager (h/f/x)
Q000041	Développeur de produits financiers (h/f/x)
Q000042	Conseiller en gestion de patrimoine financier (h/f/x)
Q000043	Chef d'équipe en industrie de production (h/f/x)
Q000044	Administrateur système informatique (h/f/x)
Q000045	Chargé de clientèle dans le secteur financier (h/f/x)
Q000046	Employé de banque Back-office (h/f/x)
Q000047	Architecte (h/f/x)
Q000048	Analyste financier (h/f/x)
Q000049	Gestionnaire de réseau (h/f/x)
Q000050	Infirmier (h/f/x)
Q000051	Métallier d'art (h/f/x)
Q000052	Conducteur d'installation en industrie chimique ou pharmaceutique (h/f/x)
Q000053	Opérateur de production de vêtements et d'articles de confection et de garnissage de meubles (h/f/x)
Q000054	Horloger (h/f/x)
Q000055	Taxidermiste (h/f/x)
Q000056	Conducteur de machine de production et transformation des fils (h/f/x)
Q000057	Aide agricole en production fruitière (h/f/x)
Q000058	Poseur de menuiserie intérieure (h/f/x)
Q000059	Vitrier (h/f/x)
Q000060	Serrurier (h/f/x)
Q000061	Carreleur (h/f/x)
Q000062	Poseur de revêtements de sol en bois (h/f/x)
Q000063	Horticulteur (h/f/x)
Q000064	Agent de conditionnement manuel (h/f/x)
Q000065	Auteur (h/f/x)
Q000066	Couvreur de toits inclinés (h/f/x)
Q000067	Couvreur de toits plats (h/f/x)
Q000068	Couvreur de toits industriels (h/f/x)
Q000069	Responsable de la communication (h/f/x)
Q000070	Monteur-câbleur de matériels électriques et électromécaniques (h/f:x)
Q000071	Conseiller conjugal et familial (h/f/x)
Q000072	Responsable de la gestion budgétaire (h/f/x)
Q000073	Ravaleur de façades (h/f/x)
Q000074	Démonstrateur (h/f/x)
Q000075	Psychologue (h/f/x)
Q000076	Tailleur de pierre naturelle (h/f/x)
Q000077	Visual merchandiser (h/f/x)
Q000078	Employé de magasin (h/f/x)
Q000079	Monteur d'isolation industrielle (h/f/x)
Q000080	Aide-familial (h/f/x)
Q000081	Conducteur de machine de textiles non tissés (h/f/x)
Q000082	Médecine (h/f/x)
Q000083	Journaliste-rédacteur (h/f/x)
Q000084	Conducteur de machine de transformation et de finition des cuirs et peaux (h/f/x)
Q000085	Aide-ménagère à domicile (h/f/x)
Q000086	Opérateur d'impression numérique sur textiles (h/f/x)
Q000087	Agent d'administration des finances publiques (h/f/x)
Q000088	Traducteur (h/f/x)
Q000089	Contrôleur fiscal (h/f/x)
Q000090	Interprète (h/f/x)
Q000091	Agent du trésor public (h/f/x)
Q000092	Photographe (h/f/x)
Q000093	Architecte paysagiste (h/f/x)
Q000094	Dentiste (h/f/x)
Q000095	Opérateur de laboratoire cinématographique (h/f/x)
Q000096	Yield-revenue manager (h/f/x)
Q000097	Opérateur de laboratoire de photographie (h/f/x)
Q000098	Responsable de la défense (h/f/x)
Q000099	Dessinateur de la construction (h/f/x)
Q000100	Biologiste médical (h/f/x)
Q000101	Pharmacien (h/f/x)
Q000102	Responsable de la sécurité publique (h/f/x)
Q000103	Hygiéniste bucco-dentaire (h/f/x)
Q000104	Responsable administratif et financier (h/f/x)
Q000105	Graphiste infographiste (h/f/x)
Q000106	Employé de blanchisserie industrielle (h/f/x)
Q000107	Responsable des finances (h/f/x)
Q000108	Laveur de vitres (h/f/x)
Q000109	Assistant social (h/f/x)
Q000110	Responsable de structure d'accueil de la petite enfance (h/f/x)
Q000111	Assistant médico-technique (h/f/x)
Q000112	Assistant pharmaceutico-technique (h/f/x)
Q000113	Coffreur-bétonneur (h/f/x)
Q000114	Ouvrier de voirie (h/f/x)
Q000115	Maçon (h/f/x)
Q000116	Chapiste (h/f/x)
Q000117	Responsable de l'administration des ventes (h/f/x)
Q000118	Analyste des tendances et marchés (h/f/x)
Q000119	Directeur d'une grande entreprise ou organisation (h/f/x)
Q000120	Agent de fabrication de l'industrie du béton (h/f/x)
Q000121	Travailleur sous-marin (h/f/x)
Q000122	Désamianteur (h/f/x)
Q000123	Technicien de maintenance en nautisme (h/f/x)
Q000124	Business Analyst (h/f/x)
Q000125	Technicien de maintenance en aéronautique (h/f/x)
Q000126	Chargé d'études techniques du bâtiment (h/f/x)
Q000127	Technicien en matériel horticole, de jardinage et sylviculture (h/f/x)
Q000128	Réparateur de vélos (h/f/x)
Q000129	Metteur en scène théâtre (h/f/x)
Q000130	Monteur-démonteur de carrosserie (h/f/x)
Q000131	Responsable des relations client (h/f/x)
Q000132	Peintre en carrosserie (h/f/x)
Q000133	Agent des artistes, des modèles et des athlètes (h/f/x)
Q000134	Responsable de la promotion des ventes (h/f/x)
Q000135	Arboriculteur (h/f/x)
Q000136	Maquilleur-coiffeur (h/f/x)
Q000137	Chapelier (h/f/x)
Q000138	Costumier (h/f/x)
Q000139	Conducteur de chariots élévateurs (h/f/x)
Q000140	Géomètre (h/f/x)
Q000141	Magasinier (h/f/x)
Q000142	Valet/femme de chambre (h/f/x)
Q000143	Déménageur (h/f/x)
Q000144	Conducteur de grue (h/f/x)
Q000145	Métreur (h/f/x)
Q000146	Technicien de scène polyvalent (h/f/x)
Q000147	Responsable logistique (h/f/x)
Q000148	Responsable production et technique en spectacle et l'audiovisuelle (h/f/x)
Q000149	Dessinateur-modélisateur films d'animation et effets spéciaux (h/f/x)
Q000150	Diététicien (h/f/x)
Q000151	Animateur socioculturel (h/f/x)
Q000152	Coordinateur socioculturel (h/f/x)
Q000153	Responsable de service d'assainissement (h/f/x)
Q000154	Ergothérapeute (h/f/x)
Q000155	Opticien (h/f/x)
Q000156	Logopède (h/f/x)
Q000157	Chef magasinier (h/f/x)
Q000158	Agent de salubrité et de traitement des nuisibles (h/f/x)
Q000159	Patron de pêche (h/f/x)
Q000160	Responsable de maintenance industrielle (h/f/x)
Q000161	Gestionnaire de parc de véhicules (h/f/x)
Q000162	Chef Personnel Navigant Technique (h/f/x)
Q000163	Agent d'entretien d'affichage et mobilier urbain (h/f/x)
Q000164	Responsable de la sécurité privée (h/f/x)
Q000165	Manutentionnaire du fret aérien (h/f/x)
Q000166	Orthoptiste-optométriste (h/f/x)
Q000167	Agent de gardiennage (h/f/x)
Q000168	Responsable de l'exploitation aéroportuaire (h/f/x)
Q000169	Podologue (h/f/x)
Q000170	Entrepreneur des pompes funèbres (h/f/x)
Q000171	Technicien en prothèse dentaire (h/f/x)
Q000172	Embaumeur (h/f/x)
Q000173	DJ (h/f/x)
Q000174	Présentateur (h/f/x)
Q000175	Danseur (h/f/x)
Q000176	Chorégraphe (h/f/x)
Q000177	Opérateur d'entretien et de surveillance du réseau routier (h/f/x)
Q000178	Chanteur (h/f/x)
Q000179	Matelot dans la navigation intérieure (h/f/x)
Q000180	Musicien (h/f/x)
Q000181	Compositeur (h/f/x)
Q000182	Agent de maintenance des bâtiments et des locaux (h/f/x)
Q000183	Agent immobilier cession (h/f/x)
Q000184	Acteur (h/f/x)
Q000185	Figurant (h/f/x)
Q000186	Modèle (h/f/x)
Q000187	Installateur d'ascenseurs (h/f/x)
Q000188	Sportif professionnel (h/f/x)
Q000189	Responsable de bureau d'assurances (h/f/x)
Q000190	Agent des pompes funèbres (h/f/x)
Q000191	Fossoyeur (h/f/x)
Q000192	Technicien en automatisation industrielle (h/f/x)
Q000193	Technicien de maintenance industrielle (h/f/x)
Q000194	Enseignant dans l'enseignement maternel (h/f/x)
Q000195	Enseignant dans l’enseignement secondaire (h/f/x)
Q000196	Responsable d'une entreprise de navigation intérieure (h/f/x)
Q000197	Responsable d'exploitation de gisements et de carrières (h/f/x)
Q000198	Conseiller emploi - job coach (h/f/x)
Q000199	Opérateur de production de matériaux de construction (h/f/x)
Q000200	Enseignant de l'enseignement secondaire spécialisé (h/f/x)
Q000201	Technicien PC et matériel de bureau (h/f/x)
Q000202	Opérateur de production de verre (h/f/x)
Q000203	Actuaire (h/f/x)
Q000204	Technicien de maintenance d'appareils électroménagers électriques et électroniques "Blanc" (h/f/x)
Q000205	Réparateur de matériels de bricolage (h/f/x)
Q000206	Cuisinier (h/f/x)
Q000207	Collaborateur de cuisine (h/f/x)
Q000208	Commis de cuisine (h/f/x)
Q000209	Collaborateur restauration rapide (h/f/x)
Q000210	Assistant chef de chantier (h/f/x)
Q000211	Plongeur en restauration (h/f/x)
Q000212	Ajusteur (h/f/x)
Q000213	Matriceur (h/f/x)
Q000214	Responsable d'un établissement scolaire (h/f/x)
Q000215	Conducteur de camion (h/f/x)
Q000216	Opérateur de production en industrie alimentaire (h/f/x)
Q000217	Découpeur-désosseur (h/f/x)
Q000218	Assembleur d'ouvrages en bois (h/f/x)
Q000219	Réceptionniste en établissement hôtelier (h/f/x)
Q000220	Contremaître des industries de l'ameublement et du bois (h/f/x)
Q000221	Conseiller en formation (h/f/x)
Q000222	Tôlier industriel (h/f/x)
Q000223	Coordinateur pédagogique (h/f/x)
Q000224	Régleur-opérateur machines-outils CN (h/f/x)
Q000225	Agent d'insertion socioprofessionnelle (h/f/x)
Q000226	Eleveur porcin (h/f/x)
Q000227	Maître d'hôtel (h/f/x)
Q000228	Menuisier d'atelier (h/f/x)
Q000229	Conducteur d'autobus (h/f/x)
Q000230	Conducteur de tram (h/f/x)
Q000231	Chauffeur de véhicules de plaisance (h/f/x)
Q000232	Coursier livreur (h/f/x)
Q000233	Vannier (h/f/x)
Q000234	Ébéniste (h/f/x)
Q000235	Relieur et restaurateur de livres (h/f/x)
Q000236	Moniteur d'auto-école (h/f/x)
Q000237	Responsable de l'organisation du transport routier des marchandises (h/f/x)
Q000238	Moniteur de bateau-école (h/f/x)
Q000239	Agent de bibliothèque (h/f/x)
Q000240	Collaborateur-archiviste (h/f/x)
Q000241	Expert en sinistres pour les assurances (h/f/x)
Q000242	Secrétaire comptable (h/f/x)
Q000243	Assistant juridique (h/f/x)
Q000244	Conducteur de métro (h/f/x)
Q000245	Sculpteur sur bois (h/f/x)
Q000246	Chef de projet d'ingénierie (h/f/x)
Q000247	Préparateur de travaux bois (h/f/x)
Q000248	Technicien intervention sociale et familiale (h/f/x)
Q000249	Conseiller en santé publique (h/f/x)
Q000250	Technicien en colorants (h/f/x)
Q000251	Chargé de mission dans le service public (h/f/x)
Q000252	Diplomate (h/f/x)
Q000253	Opérateur remontée mécanique (h/f/x)
Q000254	Tuteur aux bénéficiaires d'une mesure de protection juridique (h/f/x)
Q000255	Atteleur (h/f/x)
Q000256	Assembleur d'éléments de structure métallique (h/f/x)
Q000257	Dessinateur-concepteur en électricité et électronique (h/f/x)
Q000258	Conducteur de presses numériques (h/f/x)
Q000259	Tuyauteur (h/f/x)
Q000260	Responsable du département des assurances (h/f/x)
Q000261	Ingénieur réseau télécom (h/f/x)
Q000262	Agent d'enquête (h/f/x)
Q000263	Correcteur (h/f/x)
Q000264	Conseiller en organisation et management d'entreprise (h/f/x)
Q000265	Responsable des enquêtes (h/f/x)
Q000266	Opérateur prépresse (h/f/x)
Q000267	Promoteur immobilier (h/f/x)
Q000268	Gestionnaire de commandes en industrie graphique (h/f/x)
Q000269	Analyste des systèmes de communication et d'information défense-sécurité (h/f/x)
Q000270	Horticulteur/maraicher (h/f/x)
Q000271	Support TIC (h/f/x)
Q000272	Product manager (h/f/x)
Q000273	Assistant ressources humaines (h/f/x)
Q000274	Expert de bibliothèque (h/f/x)
Q000275	Marin-pêcheur (h/f/x)
Q000276	Expert en archives (h/f/x)
Q000277	Jardinier paysagiste - jardiner d'aménagement d'espaces verts (h/f/x)
Q000278	Responsable de compte publicitaire (h/f/x)
Q000279	Coordonnateur ens bénévolat (h/f/x)
Q000280	Enseignant dans l'enseignement primaire (h/f/x)
Q000281	Expert-comptable - Conseiller fiscal (h/f/x)
Q000282	Acheteur (h/f/x)
Q000283	Gestionnaire de dossiers comptables (h/f/x)
Q000284	Electrotechnicien (h/f/x)
Q000285	Installateur de systèmes d'automatisation de bâtiments (h/f/x)
Q000286	Opérateur impression (grand format) et signalétique (h/f/x)
Q000287	Technicien en techniques d'installation (h/f/x)
Q000288	Agriculteur (h/f/x)
Q000289	Collaborateur de production ligne de production textile (h/f/x)
Q000290	Conducteur de machine à tufter (h/f/x)
Q000291	Poseur d'égouts (h/f/x)
Q000292	Opérateur de production bois (h/f/x)
Q000293	E-commerce manager (h/f/x)
Q000294	Accompagnateur d'enfants scolarisés (h/f/x)
Q000295	Responsable des médias sociaux (h/f/x)
Q000296	Ouvrier agricole (h/f/x)
Q000297	Analyste de logiciels (h/f/x)
Q000298	Data scientist (h/f/x)
Q000299	Digital marketeer (h/f/x)
Q000300	Responsable de l'expérience client (h/f/x)
Q000301	Accompagnateur de train (h/f/x)
Q000302	Conducteur de train (h/f/x)
Q000303	Opérateur blanchisserie industrielle (h/f/x)
Q000304	Antiquaire (h/f/x)
Q000305	Détective privé (h/f/x)
Q000306	Opérateur ou employé de machine de fondations profondes
Q000307	Instructeur de fitness (h/f/x)
Q000308	Sauveteur aquatique (h/f/x)
Q000309	Serveur (h/f/x)
Q000310	Enseignant dans l'enseignement maternel spécialisé (h/f/x)
Q000311	Entraîneur sportif (h/f/x)
Q000312	Enseignant dans l'enseignement primaire spécialisé (h/f/x)
Q000313	Développeur de logiciels (h/f/x)
Q000314	Testeur de logiciels (h/f/x)
Q000315	Galeriste (h/f/x)
Q000316	Agent de soins en hydrothérapie (h/f/x)
Q000317	Agent d'accueil (h/f/x)
Q000318	Agent administratif polyvalent (h/f/x)
Q000319	Distributeur de courriers et d'imprimés (h/f/x)
Q000320	Assistant technique et administratif (h/f/x)
Q000321	Gestionnaire de back- et de middle-office sur les marchés financiers (h/f/x)
Q000322	Gestionnaire de portefeuille (h/f/x)
Q000323	Cordonnier (h/f/x)
Q000324	Monteur de structures à ossatures bois (h/f/x)
Q000325	Secrétaire médical (h/f/x)
Q000326	Designer industriel (h/f/x)
Q000327	Monteur d'échafaudages (h/f/x)
Q000328	Monteur de structures métalliques lourdes (h/f/x)
